-- phpMyAdmin SQL Dump
-- version 4.6.6
-- https://www.phpmyadmin.net/
--
-- Servidor: localhost:3306
-- Tiempo de generación: 21-08-2017 a las 11:23:01
-- Versión del servidor: 5.5.54-cll
-- Versión de PHP: 5.6.30

SET SQL_MODE = "NO_AUTO_VALUE_ON_ZERO";
SET time_zone = "+00:00";


/*!40101 SET @OLD_CHARACTER_SET_CLIENT=@@CHARACTER_SET_CLIENT */;
/*!40101 SET @OLD_CHARACTER_SET_RESULTS=@@CHARACTER_SET_RESULTS */;
/*!40101 SET @OLD_COLLATION_CONNECTION=@@COLLATION_CONNECTION */;
/*!40101 SET NAMES utf8mb4 */;

--
-- Base de datos: `artronic_db`
--

-- --------------------------------------------------------

--
-- Estructura de tabla para la tabla `activations`
--

CREATE TABLE `activations` (
  `id` int(10) UNSIGNED NOT NULL,
  `user_id` int(10) UNSIGNED NOT NULL,
  `code` varchar(255) COLLATE utf8_unicode_ci NOT NULL,
  `completed` tinyint(1) NOT NULL DEFAULT '0',
  `completed_at` timestamp NULL DEFAULT NULL,
  `created_at` timestamp NOT NULL DEFAULT '0000-00-00 00:00:00',
  `updated_at` timestamp NOT NULL DEFAULT '0000-00-00 00:00:00'
) ENGINE=InnoDB DEFAULT CHARSET=utf8 COLLATE=utf8_unicode_ci;

--
-- Volcado de datos para la tabla `activations`
--

INSERT INTO `activations` (`id`, `user_id`, `code`, `completed`, `completed_at`, `created_at`, `updated_at`) VALUES
(1, 1, '3DFJYkhU7JvoHjbI3oHZv4Ibpqyb5jme', 1, '2017-04-06 01:28:54', '2017-04-06 01:28:54', '2017-04-06 01:28:54'),
(3, 2, 'Bx6ckAVYDsMG2SGEfWovPCnUJG4bbejq', 1, '2017-05-14 15:37:05', '2017-05-14 15:37:05', '2017-05-14 15:37:05'),
(8, 5, 'elP0zx5ggTaXMIQl6ojkViQlzseOoDXj', 1, NULL, '2017-07-15 15:16:18', '2017-07-15 15:16:18'),
(9, 5, 'prLMTMbCHR2RjPUPmLq2gmeNQ8uBj1yu', 1, '2017-07-15 15:16:18', '2017-07-15 15:16:18', '2017-07-15 15:16:18'),
(10, 6, 'dviFqfwCUxUejfsc8FXeT5h4PzlDL9Jp', 1, NULL, '2017-07-25 14:56:29', '2017-07-25 14:56:29'),
(11, 6, 'lav42OWnVehPx5iAx0ppifFtyfUfHP6I', 1, '2017-07-25 14:56:29', '2017-07-25 14:56:29', '2017-07-25 14:56:29');

-- --------------------------------------------------------

--
-- Estructura de tabla para la tabla `caja_cajas`
--

CREATE TABLE `caja_cajas` (
  `id` int(10) UNSIGNED NOT NULL,
  `cierre` datetime NOT NULL,
  `usuario_sistema_id` int(10) UNSIGNED NOT NULL,
  `monto_inicial` bigint(20) NOT NULL,
  `activo` tinyint(1) NOT NULL,
  `created_at` timestamp NOT NULL DEFAULT '0000-00-00 00:00:00',
  `updated_at` timestamp NOT NULL DEFAULT '0000-00-00 00:00:00'
) ENGINE=InnoDB DEFAULT CHARSET=utf8 COLLATE=utf8_unicode_ci;

--
-- Volcado de datos para la tabla `caja_cajas`
--

INSERT INTO `caja_cajas` (`id`, `cierre`, `usuario_sistema_id`, `monto_inicial`, `activo`, `created_at`, `updated_at`) VALUES
(1, '2017-04-06 17:30:34', 1, 50000, 0, '2017-04-06 21:28:14', '2017-04-06 21:30:34'),
(2, '2017-04-07 20:41:14', 1, 200000, 0, '2017-04-06 22:53:23', '2017-04-08 00:41:14'),
(3, '2017-04-09 17:11:15', 1, 200000, 0, '2017-04-08 00:42:12', '2017-04-09 21:11:15'),
(4, '0000-00-00 00:00:00', 1, 100000, 1, '2017-04-09 21:21:10', '2017-04-09 21:21:10');

-- --------------------------------------------------------

--
-- Estructura de tabla para la tabla `caja_movimiento`
--

CREATE TABLE `caja_movimiento` (
  `id` int(10) UNSIGNED NOT NULL,
  `tipo` enum('extraccion','deposito') COLLATE utf8_unicode_ci NOT NULL,
  `caja_id` int(10) UNSIGNED NOT NULL,
  `usuario_sistema_id` int(10) UNSIGNED NOT NULL,
  `fecha_hora` datetime NOT NULL,
  `monto` bigint(20) NOT NULL,
  `motivo` varchar(255) COLLATE utf8_unicode_ci NOT NULL,
  `created_at` timestamp NOT NULL DEFAULT '0000-00-00 00:00:00',
  `updated_at` timestamp NOT NULL DEFAULT '0000-00-00 00:00:00'
) ENGINE=InnoDB DEFAULT CHARSET=utf8 COLLATE=utf8_unicode_ci;

--
-- Volcado de datos para la tabla `caja_movimiento`
--

INSERT INTO `caja_movimiento` (`id`, `tipo`, `caja_id`, `usuario_sistema_id`, `fecha_hora`, `monto`, `motivo`, `created_at`, `updated_at`) VALUES
(1, 'extraccion', 4, 1, '2017-04-09 17:22:56', -20000, 'Agua', '2017-04-09 21:22:56', '2017-04-09 21:22:56'),
(2, 'extraccion', 4, 1, '2017-04-15 19:43:06', -10000, 'Ordenanza', '2017-04-15 23:43:06', '2017-04-15 23:43:06'),
(3, 'deposito', 4, 1, '2017-04-15 19:45:25', 20000, 'Sobrante de caja', '2017-04-15 23:45:25', '2017-04-15 23:45:25');

-- --------------------------------------------------------

--
-- Estructura de tabla para la tabla `clientes__clientes`
--

CREATE TABLE `clientes__clientes` (
  `id` int(10) UNSIGNED NOT NULL,
  `razon_social` varchar(255) COLLATE utf8_unicode_ci NOT NULL,
  `cedula` varchar(10) COLLATE utf8_unicode_ci DEFAULT NULL,
  `ruc` varchar(35) COLLATE utf8_unicode_ci DEFAULT NULL,
  `direccion` varchar(50) COLLATE utf8_unicode_ci DEFAULT NULL,
  `email` varchar(30) COLLATE utf8_unicode_ci DEFAULT NULL,
  `telefono` varchar(20) COLLATE utf8_unicode_ci DEFAULT NULL,
  `celular` varchar(20) COLLATE utf8_unicode_ci DEFAULT NULL,
  `activo` tinyint(1) NOT NULL,
  `created_at` timestamp NOT NULL DEFAULT '0000-00-00 00:00:00',
  `updated_at` timestamp NOT NULL DEFAULT '0000-00-00 00:00:00'
) ENGINE=InnoDB DEFAULT CHARSET=utf8 COLLATE=utf8_unicode_ci;

--
-- Volcado de datos para la tabla `clientes__clientes`
--

INSERT INTO `clientes__clientes` (`id`, `razon_social`, `cedula`, `ruc`, `direccion`, `email`, `telefono`, `celular`, `activo`, `created_at`, `updated_at`) VALUES
(2, 'Deysi Cardozo', NULL, NULL, 'Ita', NULL, NULL, '0972483521', 1, '2017-06-10 14:38:50', '2017-06-10 14:38:50'),
(3, 'Milagros Pacholi Sosa', NULL, NULL, 'ITA Barrio San Antonio', NULL, NULL, '0981958578', 1, '2017-06-19 19:16:05', '2017-06-19 19:16:05'),
(4, 'Milagros Pacholi Sosa', NULL, NULL, 'Ita Barrio San Antonio', NULL, NULL, '0981958578', 1, '2017-06-20 15:36:11', '2017-06-20 15:36:11'),
(5, 'Amelia Armoa', '5273490', NULL, 'ita', NULL, NULL, '0975261055', 1, '2017-06-20 15:50:29', '2017-06-20 15:50:29'),
(6, 'Silvia Moran', '4686725', NULL, 'Carapegua', NULL, NULL, '0985202621', 1, '2017-06-20 16:01:11', '2017-06-20 16:01:11'),
(7, 'Vanesa Bobadilla', '4747875', NULL, 'carapegua', NULL, NULL, '0971144703', 1, '2017-06-20 16:04:46', '2017-06-20 16:04:46'),
(8, 'Aida Santacruz', '1876891', NULL, 'carapegua', NULL, NULL, '0971693350', 1, '2017-06-20 16:11:19', '2017-06-20 16:11:19'),
(9, 'Diana Benegas', '1198219', NULL, 'ita Barrio  virgen de fatima', NULL, NULL, '0981455295', 1, '2017-06-20 16:14:39', '2017-06-20 16:14:39'),
(10, 'Milagros Pacholi Sosa', NULL, NULL, 'ita Barrio San Blas', NULL, NULL, '0981958578', 1, '2017-06-23 20:06:30', '2017-06-23 20:06:30'),
(11, 'Juan Torales', NULL, NULL, 'ita', NULL, NULL, '0992975184', 1, '2017-06-23 20:10:01', '2017-06-23 20:10:01'),
(12, 'Juan Torales', NULL, NULL, 'ita', NULL, NULL, '0992975184', 1, '2017-06-23 20:18:00', '2017-06-23 20:18:00'),
(13, 'Amelia Armoa', NULL, NULL, 'ita', NULL, NULL, '0975261055', 0, '2017-06-23 20:21:58', '2017-06-29 15:56:54'),
(14, 'Edith Aguayo', NULL, NULL, 'yaguaron', NULL, NULL, '0982465450', 1, '2017-06-23 20:27:54', '2017-06-23 20:27:54'),
(15, 'Silvia Moran', NULL, NULL, 'Carapegua', NULL, NULL, '0985202621', 1, '2017-06-23 20:31:38', '2017-06-23 20:31:38'),
(16, 'Vanesa Bobadilla', NULL, NULL, 'carapegua', NULL, NULL, '0971144703', 1, '2017-06-23 20:35:03', '2017-06-23 20:35:03'),
(17, 'Aida Santacruz', NULL, NULL, 'carapegua', NULL, NULL, '0971693350', 0, '2017-06-23 20:37:54', '2017-07-01 21:51:27'),
(18, 'Diana Benegas', NULL, NULL, 'ITA Barrio Fatima', NULL, NULL, '0981455295', 1, '2017-06-23 20:52:36', '2017-06-23 20:52:36'),
(19, 'Nayla Benegas', '7012917', NULL, 'ITA', NULL, NULL, '0985162393', 1, '2017-06-23 20:57:06', '2017-06-23 20:57:06'),
(20, 'Rafael Sosa', '2445177', NULL, 'ita Barrio Virgen de Fatima', NULL, NULL, '0984489165', 1, '2017-06-26 15:46:44', '2017-06-26 15:46:44'),
(21, 'Rafael Sosa', NULL, NULL, 'ITA Barrio Fatima', NULL, NULL, '0984489165', 1, '2017-06-26 15:50:22', '2017-06-26 15:50:22'),
(22, 'Cindy Amarilla', '4978193', NULL, 'ITA Barrio San Antonio', NULL, NULL, '0991436184', 1, '2017-06-26 16:01:57', '2017-06-26 16:01:57'),
(23, 'Sonia Zaracho', '1772813', NULL, 'ita', NULL, NULL, '0983647685', 1, '2017-06-26 16:19:36', '2017-06-26 16:19:36'),
(24, 'Johana Aranda', NULL, NULL, 'ita', NULL, NULL, '0972846971', 1, '2017-06-26 18:28:42', '2017-06-26 18:28:42'),
(25, 'Renato Gaona', NULL, NULL, 'ita', NULL, NULL, '0981969102', 1, '2017-06-26 18:37:23', '2017-06-26 18:37:23'),
(26, 'Ofelia Ocampos ', NULL, NULL, 'ita', NULL, NULL, '0961969102', 1, '2017-06-26 19:20:54', '2017-06-26 19:20:54'),
(27, 'Yasmin Villalba', NULL, NULL, 'ita', NULL, NULL, '0971761281', 1, '2017-06-26 19:29:21', '2017-06-26 19:29:21'),
(28, 'Jesus Ocampos', NULL, NULL, 'ita', NULL, NULL, '0961969102', 1, '2017-06-28 18:40:31', '2017-06-28 18:40:31'),
(29, 'Maria Fariña', NULL, NULL, 'ita', NULL, NULL, '0984102939', 1, '2017-06-29 19:50:06', '2017-06-29 19:50:06'),
(30, 'Mariana Britez', '795792', NULL, 'ITA Barrio San Blas', NULL, NULL, '0971897530', 1, '2017-06-30 14:20:40', '2017-07-08 14:42:55'),
(31, 'Rufina Cardozo', '502184', NULL, 'ita barrio san antonio', NULL, NULL, '0961375608', 1, '2017-07-03 18:30:17', '2017-07-03 18:30:17'),
(32, 'Miryam Gonzalez', NULL, NULL, 'ITA', NULL, NULL, '0991188841', 1, '2017-07-03 18:42:30', '2017-07-03 18:42:30'),
(33, 'Isidora Lezcano', '1282503', NULL, 'yaguaron', NULL, NULL, '0982538010', 1, '2017-07-03 20:17:43', '2017-07-13 15:02:04'),
(34, 'Julian Loncharinch', '1697210', NULL, 'Yaguaron', NULL, NULL, '0991289668', 1, '2017-07-03 20:19:25', '2017-07-03 20:19:25'),
(35, 'Basilio Aranda', '775477', NULL, 'Yaguaron', NULL, NULL, '0976921325', 1, '2017-07-03 20:28:48', '2017-07-03 20:28:48'),
(36, 'Jose Aleman', '2123375', NULL, 'YAGUARON', NULL, NULL, '0992236015', 1, '2017-07-03 20:31:37', '2017-07-03 20:31:37'),
(37, 'Maria Cristina Gimenez', '1969123', NULL, 'Yaguaron', NULL, NULL, '0971663980', 1, '2017-07-03 20:35:37', '2017-07-03 20:35:37'),
(38, 'Julio Cesar Villalva', '2142546', NULL, 'Yaguaron', NULL, '0985689746', NULL, 1, '2017-07-03 20:41:04', '2017-07-03 20:41:04'),
(39, 'Romy Lopez', NULL, NULL, 'ITA', NULL, NULL, '0982882984', 1, '2017-07-05 14:03:07', '2017-07-05 14:03:07'),
(40, 'Marcial Gomez', NULL, NULL, 'ITA', NULL, NULL, '0982148251', 1, '2017-07-08 13:58:40', '2017-07-08 13:58:40'),
(41, 'Monica Acosta', NULL, NULL, 'ITA', NULL, NULL, '0994624632', 1, '2017-07-08 14:07:08', '2017-07-08 14:07:08'),
(42, 'Blanca Alcaraz', NULL, NULL, 'ITA', NULL, NULL, '0982430059', 1, '2017-07-13 13:52:22', '2017-07-13 13:52:22'),
(43, 'Venancia Bobeda', NULL, NULL, 'CARAPEGUA', NULL, NULL, '0981278511', 1, '2017-07-13 13:54:43', '2017-07-13 13:54:43'),
(44, 'Aurelia Mendoza', NULL, NULL, 'CARAPEGUA', NULL, NULL, '0984754918', 1, '2017-07-13 13:58:51', '2017-07-13 13:58:51'),
(45, 'Aurelia Mendoza', NULL, NULL, 'CARAPEGUA', NULL, NULL, '0984754918', 1, '2017-07-13 14:09:56', '2017-07-13 14:09:56'),
(46, 'Dionisio Ramirez', NULL, NULL, 'CARAPEGUA', NULL, NULL, '0972660124', 1, '2017-07-13 14:18:18', '2017-07-13 14:18:18'),
(47, 'Liliana Riquelme', NULL, NULL, 'ITA ', NULL, NULL, '0971888576', 1, '2017-07-13 14:28:04', '2017-07-13 14:28:04'),
(48, 'Antolina Aquino', NULL, NULL, 'ITA Barrio San Blas', NULL, NULL, '0981888813', 1, '2017-07-20 18:25:07', '2017-07-20 18:25:07'),
(49, 'Fiorela Espinola', NULL, NULL, 'ITA', NULL, NULL, '0981132547', 1, '2017-07-21 15:13:23', '2017-07-21 15:13:23'),
(50, 'Rosalino Taboada', NULL, NULL, 'ITA Barrio San Antonio', NULL, NULL, '0983223839', 1, '2017-07-21 15:17:37', '2017-07-21 15:17:37'),
(51, 'Blanca Olmedo', NULL, NULL, 'ITA', NULL, NULL, '0961911444', 1, '2017-07-21 15:21:45', '2017-07-21 15:21:45'),
(52, 'Rossana Franco', NULL, NULL, 'ITA', NULL, NULL, '0982206541', 1, '2017-07-21 15:27:01', '2017-07-21 15:27:01'),
(53, 'Rossana Franco', NULL, NULL, 'ITA', NULL, NULL, '0982206541', 1, '2017-07-21 15:27:03', '2017-07-21 15:27:03'),
(54, 'Miryam Espinoza', NULL, NULL, 'ITA', NULL, NULL, '0982478558', 1, '2017-07-21 15:36:58', '2017-07-21 15:36:58'),
(55, 'Luana Masi', NULL, NULL, 'ITA', NULL, NULL, '0984266885', 1, '2017-07-21 18:44:09', '2017-07-21 18:44:09'),
(57, 'Anibal Ocampos', NULL, NULL, 'ITA', NULL, '0224632367', NULL, 1, '2017-07-27 14:00:21', '2017-07-27 14:00:21'),
(58, 'Beatriz Florentin', NULL, NULL, 'ITA', NULL, NULL, '0984266885', 1, '2017-07-27 14:06:27', '2017-07-27 14:06:27'),
(59, 'Amado Gonzalez', NULL, NULL, 'ITA', NULL, '0981922117', NULL, 1, '2017-08-07 16:17:59', '2017-08-07 16:17:59'),
(60, 'Ruben Vera', NULL, NULL, 'ITA', NULL, NULL, NULL, 1, '2017-08-07 16:24:49', '2017-08-07 16:24:49'),
(61, 'Beida Mattesich', NULL, NULL, 'ITA Barrio San Antonio', NULL, '0971102072', NULL, 1, '2017-08-07 17:03:52', '2017-08-07 17:03:52'),
(62, 'Sebastian Bobadilla', NULL, NULL, 'CARAPEGUA', NULL, '0971732192', NULL, 1, '2017-08-07 17:08:49', '2017-08-07 17:08:49'),
(63, 'Ada Veronica Gaona', NULL, NULL, 'CARAPEGUA', NULL, NULL, '0974766445', 1, '2017-08-09 14:06:13', '2017-08-09 14:06:13'),
(64, 'Gladys Olmedo', NULL, NULL, 'ITA', NULL, NULL, '0971136695', 1, '2017-08-09 14:15:34', '2017-08-09 14:15:34'),
(65, 'Maria Vega', NULL, NULL, 'ITA', NULL, NULL, '0971890204', 1, '2017-08-09 14:20:28', '2017-08-09 14:20:28'),
(66, 'Lucila Olmedo', NULL, NULL, 'ITA', NULL, NULL, '0994639271', 1, '2017-08-10 13:16:07', '2017-08-10 13:16:07'),
(67, 'Eulalio Rojas', NULL, NULL, 'ITA', NULL, NULL, '0972587709', 1, '2017-08-11 13:16:18', '2017-08-11 13:16:18'),
(68, 'Marcos Cardozo', NULL, NULL, 'ITA', NULL, NULL, '0981688499', 1, '2017-08-17 19:32:33', '2017-08-17 19:32:33'),
(69, 'Fatima Britez', NULL, NULL, 'ITA Barrio San Antonio', NULL, NULL, '0972833194', 1, '2017-08-17 19:36:28', '2017-08-17 19:36:28'),
(70, 'Kathia Britez', NULL, NULL, 'ITA', NULL, NULL, '0984430393', 1, '2017-08-17 19:43:51', '2017-08-17 19:43:51'),
(71, 'Andres Benitez', NULL, NULL, 'ITA', NULL, NULL, '0971304611', 1, '2017-08-17 19:53:43', '2017-08-17 19:53:43'),
(72, 'Hilda Oviedo', NULL, NULL, 'ITA', NULL, NULL, '0982670979', 1, '2017-08-17 19:57:45', '2017-08-17 19:57:45');

-- --------------------------------------------------------

--
-- Estructura de tabla para la tabla `compras_pagos`
--

CREATE TABLE `compras_pagos` (
  `id` int(10) UNSIGNED NOT NULL,
  `compra_id` int(10) UNSIGNED NOT NULL,
  `caja_id` int(10) UNSIGNED NOT NULL,
  `fecha` date NOT NULL,
  `forma_pago` enum('efectivo','cheque','tarjeta_credito','tarjeta_debito') COLLATE utf8_unicode_ci NOT NULL,
  `monto` bigint(20) NOT NULL,
  `created_at` timestamp NOT NULL DEFAULT '0000-00-00 00:00:00',
  `updated_at` timestamp NOT NULL DEFAULT '0000-00-00 00:00:00'
) ENGINE=InnoDB DEFAULT CHARSET=utf8 COLLATE=utf8_unicode_ci;

--
-- Volcado de datos para la tabla `compras_pagos`
--

INSERT INTO `compras_pagos` (`id`, `compra_id`, `caja_id`, `fecha`, `forma_pago`, `monto`, `created_at`, `updated_at`) VALUES
(2, 2, 4, '2017-06-20', 'efectivo', 330000, '2017-07-12 14:47:38', '2017-07-12 14:47:38');

-- --------------------------------------------------------

--
-- Estructura de tabla para la tabla `compras__compras`
--

CREATE TABLE `compras__compras` (
  `id` int(10) UNSIGNED NOT NULL,
  `tipo` enum('producto','cristal','servicio','otro') COLLATE utf8_unicode_ci NOT NULL,
  `nro_factura` varchar(15) COLLATE utf8_unicode_ci NOT NULL,
  `timbrado` varchar(15) COLLATE utf8_unicode_ci NOT NULL,
  `anulado` tinyint(1) NOT NULL,
  `proveedor_id` int(10) UNSIGNED NOT NULL,
  `razon_social` varchar(255) COLLATE utf8_unicode_ci NOT NULL,
  `ruc_proveedor` varchar(12) COLLATE utf8_unicode_ci NOT NULL,
  `fecha` date NOT NULL,
  `tipo_factura` enum('contado','credito') COLLATE utf8_unicode_ci NOT NULL,
  `monto_total` bigint(20) NOT NULL,
  `monto_total_letras` varchar(255) COLLATE utf8_unicode_ci NOT NULL,
  `grabado_excenta` bigint(20) NOT NULL,
  `grabado_5` bigint(20) NOT NULL,
  `grabado_10` bigint(20) NOT NULL,
  `total_iva_5` bigint(20) NOT NULL,
  `total_iva_10` bigint(20) NOT NULL,
  `total_iva` bigint(20) NOT NULL,
  `observacion` varchar(255) COLLATE utf8_unicode_ci NOT NULL,
  `total_pagado` bigint(20) NOT NULL,
  `comprobante` tinyint(1) NOT NULL,
  `moneda` enum('Guaranies','Dolares','Euros') COLLATE utf8_unicode_ci NOT NULL,
  `cambio` varchar(10) COLLATE utf8_unicode_ci NOT NULL,
  `pagado_por` tinyint(1) NOT NULL,
  `comentario_pagado_por` varchar(1000) COLLATE utf8_unicode_ci NOT NULL,
  `usuario_sistema_id` int(10) UNSIGNED NOT NULL,
  `usuario_sistema_id_edit` int(10) UNSIGNED DEFAULT NULL,
  `created_at` timestamp NOT NULL DEFAULT '0000-00-00 00:00:00',
  `updated_at` timestamp NOT NULL DEFAULT '0000-00-00 00:00:00'
) ENGINE=InnoDB DEFAULT CHARSET=utf8 COLLATE=utf8_unicode_ci;

--
-- Volcado de datos para la tabla `compras__compras`
--

INSERT INTO `compras__compras` (`id`, `tipo`, `nro_factura`, `timbrado`, `anulado`, `proveedor_id`, `razon_social`, `ruc_proveedor`, `fecha`, `tipo_factura`, `monto_total`, `monto_total_letras`, `grabado_excenta`, `grabado_5`, `grabado_10`, `total_iva_5`, `total_iva_10`, `total_iva`, `observacion`, `total_pagado`, `comprobante`, `moneda`, `cambio`, `pagado_por`, `comentario_pagado_por`, `usuario_sistema_id`, `usuario_sistema_id_edit`, `created_at`, `updated_at`) VALUES
(2, 'producto', '001-001-0000314', '12043537', 0, 4, '4962537-3', '4962537-3', '2017-06-20', 'contado', 330000, 'TRESCIENTOS TREINTA MIL  GUARANÍES ', 0, 0, 300001, 0, 29999, 29996, '', 330000, 1, 'Guaranies', '1', 0, '', 1, NULL, '2017-07-12 14:47:37', '2017-07-12 14:47:37');

-- --------------------------------------------------------

--
-- Estructura de tabla para la tabla `compras__detallecompras`
--

CREATE TABLE `compras__detallecompras` (
  `id` int(10) UNSIGNED NOT NULL,
  `compra_id` int(10) UNSIGNED NOT NULL,
  `descripcion` varchar(80) COLLATE utf8_unicode_ci NOT NULL,
  `producto_id` int(10) UNSIGNED DEFAULT NULL,
  `cantidad` double(7,1) NOT NULL,
  `precio_unitario` bigint(20) NOT NULL,
  `iva` enum('10','5','excenta') COLLATE utf8_unicode_ci NOT NULL,
  `precio_total` bigint(20) NOT NULL,
  `created_at` timestamp NOT NULL DEFAULT '0000-00-00 00:00:00',
  `updated_at` timestamp NOT NULL DEFAULT '0000-00-00 00:00:00'
) ENGINE=InnoDB DEFAULT CHARSET=utf8 COLLATE=utf8_unicode_ci;

--
-- Volcado de datos para la tabla `compras__detallecompras`
--

INSERT INTO `compras__detallecompras` (`id`, `compra_id`, `descripcion`, `producto_id`, `cantidad`, `precio_unitario`, `iva`, `precio_total`, `created_at`, `updated_at`) VALUES
(2, 2, '  -codigo: OP7124 -marca: OPTIC 100 -stock: 0', 418, 3.0, 30000, '10', 90000, '2017-07-12 14:47:38', '2017-07-12 14:47:38'),
(3, 2, '  -codigo: OP7117 -marca: OPTIC 100 -stock: 0', 419, 1.0, 30000, '10', 30000, '2017-07-12 14:47:38', '2017-07-12 14:47:38'),
(4, 2, '  -codigo: GE3518 -marca: GEORGE -stock: 0', 420, 2.0, 30000, '10', 60000, '2017-07-12 14:47:38', '2017-07-12 14:47:38'),
(5, 2, '  -codigo: OP065 -marca: OPTIC 100 -stock: 0', 421, 2.0, 25000, '10', 50000, '2017-07-12 14:47:38', '2017-07-12 14:47:38'),
(6, 2, '  -codigo: OP012 -marca: OPTIC 100 -stock: 0', 422, 1.0, 25000, '10', 25000, '2017-07-12 14:47:38', '2017-07-12 14:47:38'),
(7, 2, '  -codigo: CO14 -marca: CX NEW VISION -stock: 0', 423, 2.0, 25000, '10', 50000, '2017-07-12 14:47:38', '2017-07-12 14:47:38'),
(8, 2, '  -codigo: C006 -marca: CX NEW VISION -stock: 0', 424, 1.0, 25000, '10', 25000, '2017-07-12 14:47:38', '2017-07-12 14:47:38'),
(9, 2, '  -codigo: K9250 -marca: STEFFANI -stock: 0', 425, 1.0, 0, '10', 0, '2017-07-12 14:47:38', '2017-07-12 14:47:38'),
(10, 2, '  -codigo: K8683 -marca: STEFFANI -stock: 0', 426, 1.0, 0, '10', 0, '2017-07-12 14:47:38', '2017-07-12 14:47:38'),
(11, 2, '  -codigo: A1232 -marca: STEFFANI -stock: 0', 427, 1.0, 0, '10', 0, '2017-07-12 14:47:38', '2017-07-12 14:47:38'),
(12, 2, '  -codigo: K9281 -marca: STEFFANI -stock: 0', 428, 1.0, 0, '10', 0, '2017-07-12 14:47:38', '2017-07-12 14:47:38'),
(13, 2, '  -codigo: A1227 -marca: STEFFANI -stock: 0', 429, 1.0, 0, '10', 0, '2017-07-12 14:47:38', '2017-07-12 14:47:38'),
(14, 2, '  -codigo: K9190 -marca: STEFFANI -stock: 0', 430, 1.0, 0, '10', 0, '2017-07-12 14:47:38', '2017-07-12 14:47:38');

-- --------------------------------------------------------

--
-- Estructura de tabla para la tabla `contabilidad__asientodetalles`
--

CREATE TABLE `contabilidad__asientodetalles` (
  `id` int(10) UNSIGNED NOT NULL,
  `asiento_id` int(10) UNSIGNED NOT NULL,
  `cuenta_id` int(10) UNSIGNED NOT NULL,
  `debe` bigint(20) NOT NULL,
  `haber` bigint(20) NOT NULL,
  `observacion` varchar(1000) COLLATE utf8_unicode_ci NOT NULL,
  `created_at` timestamp NOT NULL DEFAULT '0000-00-00 00:00:00',
  `updated_at` timestamp NOT NULL DEFAULT '0000-00-00 00:00:00'
) ENGINE=InnoDB DEFAULT CHARSET=utf8 COLLATE=utf8_unicode_ci;

--
-- Volcado de datos para la tabla `contabilidad__asientodetalles`
--

INSERT INTO `contabilidad__asientodetalles` (`id`, `asiento_id`, `cuenta_id`, `debe`, `haber`, `observacion`, `created_at`, `updated_at`) VALUES
(16, 6, 177, 100000, 0, '', '2017-06-10 14:58:53', '2017-06-10 14:58:53'),
(17, 6, 94, 0, 100000, '', '2017-06-10 14:58:53', '2017-06-10 14:58:53'),
(18, 7, 177, 280000, 0, '', '2017-06-10 15:03:49', '2017-06-10 15:03:49'),
(19, 7, 94, 100000, 0, '', '2017-06-10 15:03:49', '2017-06-10 15:03:49'),
(20, 7, 123, 0, 345455, '', '2017-06-10 15:03:49', '2017-06-10 15:03:49'),
(21, 7, 21, 0, 34545, '', '2017-06-10 15:03:49', '2017-06-10 15:03:49'),
(49, 17, 177, 0, 100000, '', '2017-06-19 16:13:59', '2017-06-19 16:13:59'),
(50, 17, 94, 100000, 0, '', '2017-06-19 16:13:59', '2017-06-19 16:13:59'),
(51, 18, 177, 0, 280000, '', '2017-06-19 16:13:59', '2017-06-19 16:13:59'),
(52, 18, 94, 0, 100000, '', '2017-06-19 16:13:59', '2017-06-19 16:13:59'),
(53, 18, 123, 345455, 0, '', '2017-06-19 16:13:59', '2017-06-19 16:13:59'),
(54, 18, 21, 34545, 0, '', '2017-06-19 16:13:59', '2017-06-19 16:13:59'),
(55, 19, 177, 100000, 0, '', '2017-06-19 19:18:10', '2017-06-19 19:18:10'),
(56, 19, 94, 0, 100000, '', '2017-06-19 19:18:10', '2017-06-19 19:18:10'),
(57, 20, 177, 100000, 0, '', '2017-06-20 15:36:28', '2017-06-20 15:36:28'),
(58, 20, 94, 0, 100000, '', '2017-06-20 15:36:28', '2017-06-20 15:36:28'),
(59, 21, 177, 270000, 0, '', '2017-06-20 15:39:54', '2017-06-20 15:39:54'),
(60, 21, 94, 100000, 0, '', '2017-06-20 15:39:54', '2017-06-20 15:39:54'),
(61, 21, 123, 0, 333637, '', '2017-06-20 15:39:54', '2017-06-20 15:39:54'),
(62, 21, 21, 0, 36363, '', '2017-06-20 15:39:54', '2017-06-20 15:39:54'),
(63, 22, 177, 110000, 0, '', '2017-06-20 15:50:56', '2017-06-20 15:50:56'),
(64, 22, 94, 0, 110000, '', '2017-06-20 15:50:56', '2017-06-20 15:50:56'),
(65, 23, 177, 50000, 0, '', '2017-06-20 16:03:24', '2017-06-20 16:03:24'),
(66, 23, 94, 0, 50000, '', '2017-06-20 16:03:24', '2017-06-20 16:03:24'),
(67, 24, 177, 100000, 0, '', '2017-06-20 16:06:31', '2017-06-20 16:06:31'),
(68, 24, 94, 0, 100000, '', '2017-06-20 16:06:31', '2017-06-20 16:06:31'),
(69, 25, 177, 50000, 0, '', '2017-06-20 16:11:52', '2017-06-20 16:11:52'),
(70, 25, 94, 0, 50000, '', '2017-06-20 16:11:52', '2017-06-20 16:11:52'),
(71, 26, 177, 100000, 0, '', '2017-06-20 16:16:32', '2017-06-20 16:16:32'),
(72, 26, 94, 0, 100000, '', '2017-06-20 16:16:32', '2017-06-20 16:16:32'),
(73, 27, 177, 0, 100000, '', '2017-06-22 00:49:32', '2017-06-22 00:49:32'),
(74, 27, 94, 100000, 0, '', '2017-06-22 00:49:32', '2017-06-22 00:49:32'),
(75, 28, 177, 0, 270000, '', '2017-06-22 00:49:32', '2017-06-22 00:49:32'),
(76, 28, 94, 0, 100000, '', '2017-06-22 00:49:32', '2017-06-22 00:49:32'),
(77, 28, 123, 333637, 0, '', '2017-06-22 00:49:32', '2017-06-22 00:49:32'),
(78, 28, 21, 36363, 0, '', '2017-06-22 00:49:32', '2017-06-22 00:49:32'),
(79, 29, 177, 0, 110000, '', '2017-06-22 00:51:05', '2017-06-23 14:25:56'),
(80, 29, 94, 110000, 0, '', '2017-06-22 00:51:05', '2017-06-23 14:25:56'),
(81, 30, 177, 0, 100000, '', '2017-06-23 13:51:59', '2017-06-23 14:18:17'),
(82, 30, 94, 100000, 0, '', '2017-06-23 13:51:59', '2017-06-23 14:18:17'),
(83, 31, 177, 0, 50000, '', '2017-06-23 13:52:24', '2017-06-23 14:17:05'),
(84, 31, 94, 50000, 0, '', '2017-06-23 13:52:24', '2017-06-23 14:17:05'),
(85, 32, 177, 0, 100000, '', '2017-06-23 13:52:40', '2017-06-23 14:16:24'),
(86, 32, 94, 100000, 0, '', '2017-06-23 13:52:40', '2017-06-23 14:16:24'),
(87, 33, 177, 0, 100000, '', '2017-06-23 13:53:00', '2017-06-23 14:15:39'),
(88, 33, 94, 100000, 0, '', '2017-06-23 13:53:00', '2017-06-23 14:15:39'),
(89, 34, 177, 0, 50000, '', '2017-06-23 13:53:18', '2017-06-23 14:14:58'),
(90, 34, 94, 50000, 0, '', '2017-06-23 13:53:18', '2017-06-23 14:14:58'),
(91, 35, 177, 100000, 0, '', '2017-06-23 20:08:47', '2017-06-23 20:08:47'),
(92, 35, 94, 0, 100000, '', '2017-06-23 20:08:47', '2017-06-23 20:08:47'),
(93, 36, 177, 110000, 0, '', '2017-06-23 20:24:43', '2017-06-23 20:24:43'),
(94, 36, 94, 0, 110000, '', '2017-06-23 20:24:43', '2017-06-23 20:24:43'),
(95, 37, 177, 50000, 0, '', '2017-06-23 20:33:32', '2017-06-23 20:33:32'),
(96, 37, 94, 0, 50000, '', '2017-06-23 20:33:32', '2017-06-23 20:33:32'),
(97, 38, 177, 100000, 0, '', '2017-06-23 20:36:17', '2017-06-23 20:36:17'),
(98, 38, 94, 0, 100000, '', '2017-06-23 20:36:17', '2017-06-23 20:36:17'),
(99, 39, 177, 50000, 0, '', '2017-06-23 20:39:50', '2017-06-23 20:39:50'),
(100, 39, 94, 0, 50000, '', '2017-06-23 20:39:50', '2017-06-23 20:39:50'),
(101, 40, 177, 100000, 0, '', '2017-06-23 20:53:55', '2017-06-23 20:53:55'),
(102, 40, 94, 0, 100000, '', '2017-06-23 20:53:55', '2017-06-23 20:53:55'),
(103, 41, 177, 100000, 0, '', '2017-06-23 21:02:10', '2017-06-23 21:02:10'),
(104, 41, 94, 0, 100000, '', '2017-06-23 21:02:10', '2017-06-23 21:02:10'),
(105, 42, 177, 100000, 0, '', '2017-06-26 15:50:31', '2017-06-26 15:50:31'),
(106, 42, 94, 0, 100000, '', '2017-06-26 15:50:31', '2017-06-26 15:50:31'),
(107, 43, 177, 270000, 0, '', '2017-06-26 15:57:32', '2017-06-26 15:57:32'),
(108, 43, 94, 100000, 0, '', '2017-06-26 15:57:32', '2017-06-26 15:57:32'),
(109, 43, 123, 0, 333637, '', '2017-06-26 15:57:32', '2017-06-26 15:57:32'),
(110, 43, 21, 0, 36363, '', '2017-06-26 15:57:32', '2017-06-26 15:57:32'),
(111, 44, 177, 230000, 0, '', '2017-06-26 15:59:55', '2017-06-26 15:59:55'),
(112, 44, 94, 100000, 0, '', '2017-06-26 15:59:55', '2017-06-26 15:59:55'),
(113, 44, 123, 0, 300000, '', '2017-06-26 15:59:55', '2017-06-26 15:59:55'),
(114, 44, 21, 0, 30000, '', '2017-06-26 15:59:55', '2017-06-26 15:59:55'),
(115, 45, 177, 200000, 0, '', '2017-06-26 16:09:48', '2017-06-26 16:09:48'),
(116, 45, 94, 0, 200000, '', '2017-06-26 16:09:48', '2017-06-26 16:09:48'),
(117, 46, 177, 100000, 0, '', '2017-06-26 16:11:43', '2017-06-26 16:11:43'),
(118, 46, 94, 200000, 0, '', '2017-06-26 16:11:43', '2017-06-26 16:11:43'),
(119, 46, 123, 0, 272728, '', '2017-06-26 16:11:43', '2017-06-26 16:11:43'),
(120, 46, 21, 0, 27272, '', '2017-06-26 16:11:43', '2017-06-26 16:11:43'),
(121, 47, 177, 60000, 0, '', '2017-06-26 16:21:01', '2017-06-26 16:21:01'),
(122, 47, 94, 0, 60000, '', '2017-06-26 16:21:01', '2017-06-26 16:21:01'),
(123, 48, 177, 100000, 0, '', '2017-06-26 16:21:48', '2017-06-26 16:21:48'),
(124, 48, 94, 60000, 0, '', '2017-06-26 16:21:48', '2017-06-26 16:21:48'),
(125, 48, 123, 0, 145455, '', '2017-06-26 16:21:48', '2017-06-26 16:21:48'),
(126, 48, 21, 0, 14545, '', '2017-06-26 16:21:48', '2017-06-26 16:21:48'),
(127, 49, 177, 250000, 0, '', '2017-06-26 18:44:20', '2017-06-26 18:44:20'),
(128, 49, 94, 0, 250000, '', '2017-06-26 18:44:20', '2017-06-26 18:44:20'),
(129, 50, 177, 125000, 0, '', '2017-06-26 19:23:43', '2017-06-26 19:23:43'),
(130, 50, 94, 0, 125000, '', '2017-06-26 19:23:43', '2017-06-26 19:23:43'),
(131, 51, 177, 30000, 0, '', '2017-06-28 18:52:13', '2017-06-28 18:52:13'),
(132, 51, 123, 0, 27273, '', '2017-06-28 18:52:13', '2017-06-28 18:52:13'),
(133, 51, 21, 0, 2727, '', '2017-06-28 18:52:13', '2017-06-28 18:52:13'),
(134, 52, 177, 235000, 0, '', '2017-06-28 18:53:23', '2017-06-28 18:53:23'),
(135, 52, 94, 125000, 0, '', '2017-06-28 18:53:23', '2017-06-28 18:53:23'),
(136, 52, 123, 0, 316365, '', '2017-06-28 18:53:23', '2017-06-28 18:53:23'),
(137, 52, 21, 0, 43635, '', '2017-06-28 18:53:23', '2017-06-28 18:53:23'),
(138, 53, 123, 0, -1818, '', '2017-06-28 18:54:21', '2017-06-28 18:54:21'),
(139, 53, 21, 0, 1818, '', '2017-06-28 18:54:21', '2017-06-28 18:54:21'),
(140, 54, 124, 0, 0, '', '2017-06-28 18:55:06', '2017-06-28 18:55:06'),
(141, 55, 177, 350000, 0, '', '2017-06-28 18:56:40', '2017-06-28 18:56:40'),
(142, 55, 94, 250000, 0, '', '2017-06-28 18:56:40', '2017-06-28 18:56:40'),
(143, 55, 123, 0, 541819, '', '2017-06-28 18:56:40', '2017-06-28 18:56:40'),
(144, 55, 21, 0, 58181, '', '2017-06-28 18:56:40', '2017-06-28 18:56:40'),
(145, 56, 123, 0, -1818, '', '2017-06-28 18:58:18', '2017-06-28 18:58:18'),
(146, 56, 21, 0, 1818, '', '2017-06-28 18:58:18', '2017-06-28 18:58:18'),
(147, 57, 177, 70000, 0, '', '2017-06-28 19:00:22', '2017-06-28 19:00:22'),
(148, 57, 94, 100000, 0, '', '2017-06-28 19:00:22', '2017-06-28 19:00:22'),
(149, 57, 123, 0, 154546, '', '2017-06-28 19:00:22', '2017-06-28 19:00:22'),
(150, 57, 21, 0, 15454, '', '2017-06-28 19:00:22', '2017-06-28 19:00:22'),
(151, 58, 177, 0, 110000, '', '2017-06-29 15:53:21', '2017-06-29 15:53:21'),
(152, 58, 94, 110000, 0, '', '2017-06-29 15:53:21', '2017-06-29 15:53:21'),
(153, 59, 177, 110000, 0, '', '2017-06-29 15:59:53', '2017-06-29 15:59:53'),
(154, 59, 94, 0, 110000, '', '2017-06-29 15:59:53', '2017-06-29 15:59:53'),
(155, 60, 94, 110000, 0, '', '2017-06-29 16:00:40', '2017-06-29 16:00:40'),
(156, 60, 123, 0, 100000, '', '2017-06-29 16:00:40', '2017-06-29 16:00:40'),
(157, 60, 21, 0, 10000, '', '2017-06-29 16:00:40', '2017-06-29 16:00:40'),
(158, 61, 177, 200000, 0, '', '2017-06-29 19:55:33', '2017-06-29 19:55:33'),
(159, 61, 94, 0, 200000, '', '2017-06-29 19:55:33', '2017-06-29 19:55:33'),
(160, 62, 177, 340000, 0, '', '2017-06-29 19:57:13', '2017-06-29 19:57:13'),
(161, 62, 94, 200000, 0, '', '2017-06-29 19:57:13', '2017-06-29 19:57:13'),
(162, 62, 123, 0, 490910, '', '2017-06-29 19:57:13', '2017-06-29 19:57:13'),
(163, 62, 21, 0, 49090, '', '2017-06-29 19:57:13', '2017-06-29 19:57:13'),
(164, 63, 177, 50000, 0, '', '2017-06-30 14:21:33', '2017-06-30 14:21:33'),
(165, 63, 94, 0, 50000, '', '2017-06-30 14:21:33', '2017-06-30 14:21:33'),
(166, 64, 177, 150000, 0, '', '2017-07-03 18:34:19', '2017-07-03 18:34:19'),
(167, 64, 94, 0, 150000, '', '2017-07-03 18:34:19', '2017-07-03 18:34:19'),
(168, 65, 177, 210000, 0, '', '2017-07-05 13:00:48', '2017-07-05 13:00:48'),
(169, 65, 94, 150000, 0, '', '2017-07-05 13:00:48', '2017-07-05 13:00:48'),
(170, 65, 123, 0, 327274, '', '2017-07-05 13:00:48', '2017-07-05 13:00:48'),
(171, 65, 21, 0, 32726, '', '2017-07-05 13:00:48', '2017-07-05 13:00:48'),
(172, 66, 177, 350000, 0, '', '2017-07-05 13:02:30', '2017-07-05 13:02:30'),
(173, 66, 123, 0, 316364, '', '2017-07-05 13:02:30', '2017-07-05 13:02:30'),
(174, 66, 21, 0, 33636, '', '2017-07-05 13:02:30', '2017-07-05 13:02:30'),
(175, 67, 177, 100000, 0, '', '2017-07-05 14:04:51', '2017-07-05 14:04:51'),
(176, 67, 94, 0, 100000, '', '2017-07-05 14:04:51', '2017-07-05 14:04:51'),
(177, 68, 177, 50000, 0, '', '2017-07-08 13:55:03', '2017-07-08 13:55:03'),
(178, 68, 94, 0, 50000, '', '2017-07-08 13:55:03', '2017-07-08 13:55:03'),
(179, 69, 177, 50000, 0, '', '2017-07-08 13:57:48', '2017-07-08 13:57:48'),
(180, 69, 94, 0, 50000, '', '2017-07-08 13:57:48', '2017-07-08 13:57:48'),
(181, 70, 177, 50000, 0, '', '2017-07-08 14:03:14', '2017-07-08 14:03:14'),
(182, 70, 123, 0, 45455, '', '2017-07-08 14:03:14', '2017-07-08 14:03:14'),
(183, 70, 21, 0, 4545, '', '2017-07-08 14:03:14', '2017-07-08 14:03:14'),
(184, 71, 177, 100000, 0, '', '2017-07-08 14:09:08', '2017-07-08 14:09:08'),
(185, 71, 94, 0, 100000, '', '2017-07-08 14:09:08', '2017-07-08 14:09:08'),
(186, 72, 139, 300004, 0, '', '2017-07-12 14:47:38', '2017-07-12 14:47:38'),
(187, 72, 21, 29996, 0, '', '2017-07-12 14:47:38', '2017-07-12 14:47:38'),
(188, 72, 183, 0, 330000, '', '2017-07-12 14:47:38', '2017-07-12 14:47:38'),
(189, 73, 177, 200000, 0, '', '2017-07-13 13:57:49', '2017-07-13 13:57:49'),
(190, 73, 94, 0, 200000, '', '2017-07-13 13:57:49', '2017-07-13 13:57:49'),
(191, 74, 177, 100000, 0, '', '2017-07-13 14:00:44', '2017-07-13 14:00:44'),
(192, 74, 94, 0, 100000, '', '2017-07-13 14:00:44', '2017-07-13 14:00:44'),
(193, 75, 177, 40000, 0, '', '2017-07-13 14:20:47', '2017-07-13 14:20:47'),
(194, 75, 94, 0, 40000, '', '2017-07-13 14:20:47', '2017-07-13 14:20:47'),
(195, 76, 177, 180000, 0, '', '2017-07-13 14:29:45', '2017-07-13 14:29:45'),
(196, 76, 94, 0, 180000, '', '2017-07-13 14:29:45', '2017-07-13 14:29:45'),
(197, 77, 177, 125000, 0, '', '2017-07-13 14:35:15', '2017-07-13 14:35:15'),
(198, 77, 94, 0, 125000, '', '2017-07-13 14:35:15', '2017-07-13 14:35:15'),
(199, 78, 177, 235000, 0, '', '2017-07-13 14:38:04', '2017-07-13 14:38:04'),
(200, 78, 94, 125000, 0, '', '2017-07-13 14:38:04', '2017-07-13 14:38:04'),
(201, 78, 123, 0, 327273, '', '2017-07-13 14:38:04', '2017-07-13 14:38:04'),
(202, 78, 21, 0, 32727, '', '2017-07-13 14:38:04', '2017-07-13 14:38:04'),
(203, 79, 177, 0, 50000, '', '2017-07-13 14:47:06', '2017-07-13 14:47:06'),
(204, 79, 94, 50000, 0, '', '2017-07-13 14:47:06', '2017-07-13 14:47:06'),
(205, 80, 123, 0, -1818, '', '2017-07-13 14:51:00', '2017-07-13 14:51:00'),
(206, 80, 21, 0, 1818, '', '2017-07-13 14:51:00', '2017-07-13 14:51:00'),
(207, 81, 177, 5000, 0, '', '2017-07-14 15:38:25', '2017-07-14 15:38:25'),
(208, 81, 123, 0, 4546, '', '2017-07-14 15:38:25', '2017-07-14 15:38:25'),
(209, 81, 21, 0, 454, '', '2017-07-14 15:38:25', '2017-07-14 15:38:25'),
(210, 82, 177, 100000, 0, '', '2017-07-15 14:58:52', '2017-07-15 14:58:52'),
(211, 82, 94, 0, 100000, '', '2017-07-15 14:58:52', '2017-07-15 14:58:52'),
(212, 83, 177, 20000, 0, '', '2017-07-15 14:59:52', '2017-07-15 14:59:52'),
(213, 83, 94, 100000, 0, '', '2017-07-15 14:59:52', '2017-07-15 14:59:52'),
(214, 83, 123, 0, 109091, '', '2017-07-15 14:59:52', '2017-07-15 14:59:52'),
(215, 83, 21, 0, 10909, '', '2017-07-15 14:59:52', '2017-07-15 14:59:52'),
(216, 84, 177, 50000, 0, '', '2017-07-15 15:05:40', '2017-07-15 15:05:40'),
(217, 84, 94, 0, 50000, '', '2017-07-15 15:05:40', '2017-07-15 15:05:40'),
(218, 85, 177, 70000, 0, '', '2017-07-15 15:09:13', '2017-07-15 15:09:13'),
(219, 85, 94, 50000, 0, '', '2017-07-15 15:09:13', '2017-07-15 15:09:13'),
(220, 85, 123, 0, 109091, '', '2017-07-15 15:09:13', '2017-07-15 15:09:13'),
(221, 85, 21, 0, 10909, '', '2017-07-15 15:09:13', '2017-07-15 15:09:13'),
(222, 86, 177, 50000, 0, '', '2017-07-15 15:15:30', '2017-07-15 15:15:30'),
(223, 86, 94, 0, 50000, '', '2017-07-15 15:15:30', '2017-07-15 15:15:30'),
(224, 87, 177, 70000, 0, '', '2017-07-15 15:18:11', '2017-07-15 15:18:11'),
(225, 87, 94, 50000, 0, '', '2017-07-15 15:18:11', '2017-07-15 15:18:11'),
(226, 87, 123, 0, 109091, '', '2017-07-15 15:18:11', '2017-07-15 15:18:11'),
(227, 87, 21, 0, 10909, '', '2017-07-15 15:18:11', '2017-07-15 15:18:11'),
(228, 88, 177, 120000, 0, '', '2017-07-20 18:23:20', '2017-07-20 18:23:20'),
(229, 88, 94, 180000, 0, '', '2017-07-20 18:23:20', '2017-07-20 18:23:20'),
(230, 88, 123, 0, 272728, '', '2017-07-20 18:23:20', '2017-07-20 18:23:20'),
(231, 88, 21, 0, 27272, '', '2017-07-20 18:23:20', '2017-07-20 18:23:20'),
(232, 89, 177, 260000, 0, '', '2017-07-21 15:05:40', '2017-07-21 15:05:40'),
(233, 89, 94, 100000, 0, '', '2017-07-21 15:05:40', '2017-07-21 15:05:40'),
(234, 89, 123, 0, 326364, '', '2017-07-21 15:05:40', '2017-07-21 15:05:40'),
(235, 89, 21, 0, 33636, '', '2017-07-21 15:05:40', '2017-07-21 15:05:40'),
(236, 90, 177, 400000, 0, '', '2017-07-21 15:10:44', '2017-07-21 15:10:44'),
(237, 90, 94, 0, 400000, '', '2017-07-21 15:10:44', '2017-07-21 15:10:44'),
(238, 91, 177, 180000, 0, '', '2017-07-21 15:12:05', '2017-07-21 15:12:05'),
(239, 91, 94, 400000, 0, '', '2017-07-21 15:12:05', '2017-07-21 15:12:05'),
(240, 91, 123, 0, 527274, '', '2017-07-21 15:12:05', '2017-07-21 15:12:05'),
(241, 91, 21, 0, 52726, '', '2017-07-21 15:12:05', '2017-07-21 15:12:05'),
(242, 92, 177, 100000, 0, '', '2017-07-21 15:16:19', '2017-07-21 15:16:19'),
(243, 92, 94, 0, 100000, '', '2017-07-21 15:16:19', '2017-07-21 15:16:19'),
(244, 93, 177, 520000, 0, '', '2017-07-21 15:28:26', '2017-07-21 15:28:26'),
(245, 93, 94, 0, 520000, '', '2017-07-21 15:28:26', '2017-07-21 15:28:26'),
(246, 94, 94, 520000, 0, '', '2017-07-21 15:29:28', '2017-07-21 15:29:28'),
(247, 94, 123, 0, 472728, '', '2017-07-21 15:29:28', '2017-07-21 15:29:28'),
(248, 94, 21, 0, 47272, '', '2017-07-21 15:29:28', '2017-07-21 15:29:28'),
(249, 95, 124, 0, 0, '', '2017-07-21 18:21:09', '2017-07-21 18:21:09'),
(250, 96, 177, 230000, 0, '', '2017-07-21 18:22:35', '2017-07-21 18:22:35'),
(251, 96, 123, 0, 209092, '', '2017-07-21 18:22:35', '2017-07-21 18:22:35'),
(252, 96, 21, 0, 20908, '', '2017-07-21 18:22:35', '2017-07-21 18:22:35'),
(253, 97, 177, 100000, 0, '', '2017-07-21 18:45:43', '2017-07-21 18:45:43'),
(254, 97, 94, 0, 100000, '', '2017-07-21 18:45:43', '2017-07-21 18:45:43'),
(255, 98, 177, 210000, 0, '', '2017-07-22 14:41:22', '2017-07-22 14:41:22'),
(256, 98, 94, 100000, 0, '', '2017-07-22 14:41:22', '2017-07-22 14:41:22'),
(257, 98, 123, 0, 278183, '', '2017-07-22 14:41:22', '2017-07-22 14:41:22'),
(258, 98, 21, 0, 31817, '', '2017-07-22 14:41:22', '2017-07-22 14:41:22'),
(259, 99, 177, 30000, 0, '', '2017-07-22 14:46:21', '2017-07-22 14:46:21'),
(260, 99, 94, 100000, 0, '', '2017-07-22 14:46:21', '2017-07-22 14:46:21'),
(261, 99, 123, 0, 118182, '', '2017-07-22 14:46:21', '2017-07-22 14:46:21'),
(262, 99, 21, 0, 11818, '', '2017-07-22 14:46:21', '2017-07-22 14:46:21'),
(263, 100, 177, 100000, 0, '', '2017-07-27 14:03:05', '2017-07-27 14:03:05'),
(264, 100, 94, 0, 100000, '', '2017-07-27 14:03:05', '2017-07-27 14:03:05'),
(265, 101, 177, 190000, 0, '', '2017-07-27 14:05:29', '2017-07-27 14:05:29'),
(266, 101, 94, 100000, 0, '', '2017-07-27 14:05:29', '2017-07-27 14:05:29'),
(267, 101, 123, 0, 263637, '', '2017-07-27 14:05:29', '2017-07-27 14:05:29'),
(268, 101, 21, 0, 26363, '', '2017-07-27 14:05:29', '2017-07-27 14:05:29'),
(269, 102, 177, 200000, 0, '', '2017-07-28 15:48:06', '2017-07-28 15:48:06'),
(270, 102, 94, 0, 200000, '', '2017-07-28 15:48:06', '2017-07-28 15:48:06'),
(271, 103, 177, 190000, 0, '', '2017-07-28 15:48:49', '2017-07-28 15:48:49'),
(272, 103, 94, 200000, 0, '', '2017-07-28 15:48:49', '2017-07-28 15:48:49'),
(273, 103, 123, 0, 354546, '', '2017-07-28 15:48:49', '2017-07-28 15:48:49'),
(274, 103, 21, 0, 35454, '', '2017-07-28 15:48:49', '2017-07-28 15:48:49'),
(275, 104, 177, 0, 100000, '', '2017-08-01 22:49:12', '2017-08-01 22:49:12'),
(276, 104, 94, 100000, 0, '', '2017-08-01 22:49:12', '2017-08-01 22:49:12'),
(277, 105, 177, 0, 50000, '', '2017-08-01 22:49:46', '2017-08-01 22:49:46'),
(278, 105, 94, 50000, 0, '', '2017-08-01 22:49:46', '2017-08-01 22:49:46'),
(279, 106, 177, 0, 50000, '', '2017-08-01 22:50:16', '2017-08-01 22:50:16'),
(280, 106, 94, 50000, 0, '', '2017-08-01 22:50:16', '2017-08-01 22:50:16'),
(281, 107, 177, 0, 50000, '', '2017-08-01 22:50:19', '2017-08-01 22:50:19'),
(282, 107, 94, 50000, 0, '', '2017-08-01 22:50:19', '2017-08-01 22:50:19'),
(283, 108, 177, 50000, 0, '', '2017-08-01 22:50:19', '2017-08-01 22:50:19'),
(284, 108, 94, 0, 50000, '', '2017-08-01 22:50:19', '2017-08-01 22:50:19'),
(285, 109, 177, 310000, 0, '', '2017-08-07 15:50:13', '2017-08-07 15:50:13'),
(286, 109, 94, 40000, 0, '', '2017-08-07 15:50:13', '2017-08-07 15:50:13'),
(287, 109, 123, 0, 318183, '', '2017-08-07 15:50:13', '2017-08-07 15:50:13'),
(288, 109, 21, 0, 31817, '', '2017-08-07 15:50:13', '2017-08-07 15:50:13'),
(289, 110, 177, 580000, 0, '', '2017-08-07 15:51:48', '2017-08-07 15:51:48'),
(290, 110, 123, 0, 527274, '', '2017-08-07 15:51:48', '2017-08-07 15:51:48'),
(291, 110, 21, 0, 52726, '', '2017-08-07 15:51:48', '2017-08-07 15:51:48'),
(292, 111, 177, 270000, 0, '', '2017-08-07 15:53:48', '2017-08-07 15:53:48'),
(293, 111, 94, 100000, 0, '', '2017-08-07 15:53:48', '2017-08-07 15:53:48'),
(294, 111, 123, 0, 333637, '', '2017-08-07 15:53:48', '2017-08-07 15:53:48'),
(295, 111, 21, 0, 36363, '', '2017-08-07 15:53:48', '2017-08-07 15:53:48'),
(296, 112, 177, 190000, 0, '', '2017-08-07 15:54:40', '2017-08-07 15:54:40'),
(297, 112, 94, 200000, 0, '', '2017-08-07 15:54:40', '2017-08-07 15:54:40'),
(298, 112, 123, 0, 353637, '', '2017-08-07 15:54:40', '2017-08-07 15:54:40'),
(299, 112, 21, 0, 36363, '', '2017-08-07 15:54:40', '2017-08-07 15:54:40'),
(300, 113, 177, 90000, 0, '', '2017-08-07 15:57:16', '2017-08-07 15:57:16'),
(301, 113, 94, 100000, 0, '', '2017-08-07 15:57:16', '2017-08-07 15:57:16'),
(302, 113, 123, 0, 172728, '', '2017-08-07 15:57:16', '2017-08-07 15:57:16'),
(303, 113, 21, 0, 17272, '', '2017-08-07 15:57:16', '2017-08-07 15:57:16'),
(304, 114, 177, 100000, 0, '', '2017-08-07 16:26:17', '2017-08-07 16:26:17'),
(305, 114, 94, 0, 100000, '', '2017-08-07 16:26:18', '2017-08-07 16:26:18'),
(306, 115, 177, 100000, 0, '', '2017-08-07 17:06:35', '2017-08-07 17:06:35'),
(307, 115, 94, 0, 100000, '', '2017-08-07 17:06:35', '2017-08-07 17:06:35'),
(308, 116, 177, 200000, 0, '', '2017-08-07 17:10:31', '2017-08-07 17:10:31'),
(309, 116, 94, 0, 200000, '', '2017-08-07 17:10:31', '2017-08-07 17:10:31'),
(310, 117, 177, 100000, 0, '', '2017-08-09 14:13:01', '2017-08-09 14:13:01'),
(311, 117, 94, 0, 100000, '', '2017-08-09 14:13:01', '2017-08-09 14:13:01'),
(312, 118, 177, 20000, 0, '', '2017-08-09 14:17:38', '2017-08-09 14:17:38'),
(313, 118, 94, 0, 20000, '', '2017-08-09 14:17:38', '2017-08-09 14:17:38'),
(314, 119, 177, 150000, 0, '', '2017-08-09 14:18:23', '2017-08-09 14:18:23'),
(315, 119, 94, 20000, 0, '', '2017-08-09 14:18:23', '2017-08-09 14:18:23'),
(316, 119, 123, 0, 154546, '', '2017-08-09 14:18:23', '2017-08-09 14:18:23'),
(317, 119, 21, 0, 15454, '', '2017-08-09 14:18:23', '2017-08-09 14:18:23'),
(318, 120, 177, 400000, 0, '', '2017-08-09 14:43:27', '2017-08-09 14:43:27'),
(319, 120, 94, 0, 400000, '', '2017-08-09 14:43:27', '2017-08-09 14:43:27'),
(320, 121, 177, 100000, 0, '', '2017-08-10 13:06:33', '2017-08-10 13:06:33'),
(321, 121, 94, 400000, 0, '', '2017-08-10 13:06:33', '2017-08-10 13:06:33'),
(322, 121, 123, 0, 454547, '', '2017-08-10 13:06:33', '2017-08-10 13:06:33'),
(323, 121, 21, 0, 45453, '', '2017-08-10 13:06:33', '2017-08-10 13:06:33'),
(324, 122, 177, 50000, 0, '', '2017-08-10 13:17:19', '2017-08-10 13:17:19'),
(325, 122, 94, 0, 50000, '', '2017-08-10 13:17:19', '2017-08-10 13:17:19'),
(326, 123, 177, 200000, 0, '', '2017-08-10 13:18:07', '2017-08-10 13:18:07'),
(327, 123, 94, 50000, 0, '', '2017-08-10 13:18:07', '2017-08-10 13:18:07'),
(328, 123, 123, 0, 227273, '', '2017-08-10 13:18:07', '2017-08-10 13:18:07'),
(329, 123, 21, 0, 22727, '', '2017-08-10 13:18:07', '2017-08-10 13:18:07'),
(330, 124, 177, 90000, 0, '', '2017-08-11 13:12:00', '2017-08-11 13:12:00'),
(331, 124, 94, 100000, 0, '', '2017-08-11 13:12:00', '2017-08-11 13:12:00'),
(332, 124, 123, 0, 172728, '', '2017-08-11 13:12:00', '2017-08-11 13:12:00'),
(333, 124, 21, 0, 17272, '', '2017-08-11 13:12:00', '2017-08-11 13:12:00'),
(334, 125, 177, 200000, 0, '', '2017-08-11 13:18:13', '2017-08-11 13:18:13'),
(335, 125, 94, 0, 200000, '', '2017-08-11 13:18:13', '2017-08-11 13:18:13'),
(336, 126, 177, 170000, 0, '', '2017-08-11 13:19:07', '2017-08-11 13:19:07'),
(337, 126, 94, 200000, 0, '', '2017-08-11 13:19:07', '2017-08-11 13:19:07'),
(338, 126, 123, 0, 336364, '', '2017-08-11 13:19:07', '2017-08-11 13:19:07'),
(339, 126, 21, 0, 33636, '', '2017-08-11 13:19:07', '2017-08-11 13:19:07'),
(340, 127, 177, 270000, 0, '', '2017-08-17 19:38:29', '2017-08-17 19:38:29'),
(341, 127, 94, 0, 270000, '', '2017-08-17 19:38:29', '2017-08-17 19:38:29'),
(342, 128, 94, 270000, 0, '', '2017-08-17 19:39:19', '2017-08-17 19:39:19'),
(343, 128, 123, 0, 245455, '', '2017-08-17 19:39:19', '2017-08-17 19:39:19'),
(344, 128, 21, 0, 24545, '', '2017-08-17 19:39:19', '2017-08-17 19:39:19'),
(345, 129, 177, 150000, 0, '', '2017-08-17 19:45:53', '2017-08-17 19:45:53'),
(346, 129, 94, 0, 150000, '', '2017-08-17 19:45:53', '2017-08-17 19:45:53'),
(347, 130, 177, 170000, 0, '', '2017-08-17 19:46:57', '2017-08-17 19:46:57'),
(348, 130, 94, 150000, 0, '', '2017-08-17 19:46:57', '2017-08-17 19:46:57'),
(349, 130, 123, 0, 290910, '', '2017-08-17 19:46:57', '2017-08-17 19:46:57'),
(350, 130, 21, 0, 29090, '', '2017-08-17 19:46:57', '2017-08-17 19:46:57'),
(351, 131, 94, 100000, 0, '', '2017-08-17 19:48:31', '2017-08-17 19:48:31'),
(352, 131, 123, 0, 90910, '', '2017-08-17 19:48:31', '2017-08-17 19:48:31'),
(353, 131, 21, 0, 9090, '', '2017-08-17 19:48:31', '2017-08-17 19:48:31'),
(354, 132, 177, 240000, 0, '', '2017-08-17 20:00:10', '2017-08-17 20:00:10'),
(355, 132, 123, 0, 218183, '', '2017-08-17 20:00:10', '2017-08-17 20:00:10'),
(356, 132, 21, 0, 21817, '', '2017-08-17 20:00:10', '2017-08-17 20:00:10');

-- --------------------------------------------------------

--
-- Estructura de tabla para la tabla `contabilidad__asientos`
--

CREATE TABLE `contabilidad__asientos` (
  `id` int(10) UNSIGNED NOT NULL,
  `fecha` date NOT NULL,
  `operacion` varchar(60) COLLATE utf8_unicode_ci NOT NULL,
  `observacion` varchar(1000) COLLATE utf8_unicode_ci NOT NULL,
  `usuario_create_id` int(10) UNSIGNED DEFAULT NULL,
  `usuario_edit_id` int(10) UNSIGNED DEFAULT NULL,
  `entidad_id` int(11) DEFAULT NULL,
  `entidad_type` varchar(255) COLLATE utf8_unicode_ci DEFAULT NULL,
  `created_at` timestamp NOT NULL DEFAULT '0000-00-00 00:00:00',
  `updated_at` timestamp NOT NULL DEFAULT '0000-00-00 00:00:00'
) ENGINE=InnoDB DEFAULT CHARSET=utf8 COLLATE=utf8_unicode_ci;

--
-- Volcado de datos para la tabla `contabilidad__asientos`
--

INSERT INTO `contabilidad__asientos` (`id`, `fecha`, `operacion`, `observacion`, `usuario_create_id`, `usuario_edit_id`, `entidad_id`, `entidad_type`, `created_at`, `updated_at`) VALUES
(6, '2017-05-24', 'Preventa', 'Preventa  |  Cliente: Deysi Cardozo | Sobre N°: 0/317', 2, NULL, 6, 'Modules\\Pagofacturascredito\\Entities\\Pagofacturacredito', '2017-06-10 14:58:53', '2017-06-10 14:58:53'),
(7, '2017-06-10', 'Ventas', 'Preventa  |  Cliente: Deysi Cardozo  | Factura Nro: 001 - 001 - 0000278 | Sobre N°: 0/317', 2, NULL, 5, 'Modules\\Ventas\\Entities\\FacturaVenta', '2017-06-10 15:03:49', '2017-06-10 15:03:49'),
(17, '2017-06-19', 'Anulacion Preventa', 'Anulacion de Preventa  |  Cliente: Deysi Cardozo | Sobre N°: 0/317', 1, NULL, 6, 'Modules\\Pagofacturascredito\\Entities\\Pagofacturacredito', '2017-06-19 16:13:59', '2017-06-19 16:13:59'),
(18, '2017-06-19', 'Anulacion Ventas', 'Anulacion de Preventa  |  Cliente: Deysi Cardozo  | Factura Nro: 001 - 001 - 0000278 | Sobre N°: 0/317', 1, NULL, 5, 'Modules\\Ventas\\Entities\\FacturaVenta', '2017-06-19 16:13:59', '2017-06-19 16:13:59'),
(19, '2017-06-19', 'Preventa', 'Preventa  |  Cliente: Milagros Pacholi Sosa | Sobre N°: 330/330', 2, NULL, 13, 'Modules\\Pagofacturascredito\\Entities\\Pagofacturacredito', '2017-06-19 19:18:10', '2017-06-19 19:18:10'),
(20, '2017-06-20', 'Preventa', 'Preventa  |  Cliente: Milagros Pacholi Sosa | Sobre N°: 0/331', 2, NULL, 14, 'Modules\\Pagofacturascredito\\Entities\\Pagofacturacredito', '2017-06-20 15:36:28', '2017-06-20 15:36:28'),
(21, '2017-06-20', 'Ventas', 'Preventa  |  Cliente: Milagros Pacholi Sosa  | Factura Nro: 001 - 001 - 280 | Sobre N°: 0/331', 2, NULL, 7, 'Modules\\Ventas\\Entities\\FacturaVenta', '2017-06-20 15:39:54', '2017-06-20 15:39:54'),
(22, '2017-06-20', 'Preventa', 'Preventa  |  Cliente: Amelia Armoa | Sobre N°: 0/332', 2, NULL, 16, 'Modules\\Pagofacturascredito\\Entities\\Pagofacturacredito', '2017-06-20 15:50:56', '2017-06-20 15:50:56'),
(23, '2017-06-20', 'Preventa', 'Preventa  |  Cliente: Silvia Moran | Sobre N°: 0/334', 2, NULL, 17, 'Modules\\Pagofacturascredito\\Entities\\Pagofacturacredito', '2017-06-20 16:03:24', '2017-06-20 16:03:24'),
(24, '2017-06-20', 'Preventa', 'Preventa  |  Cliente: Vanesa Bobadilla | Sobre N°: 0/334', 2, NULL, 18, 'Modules\\Pagofacturascredito\\Entities\\Pagofacturacredito', '2017-06-20 16:06:31', '2017-06-20 16:06:31'),
(25, '2017-06-20', 'Preventa', 'Preventa  |  Cliente: Aida Santacruz | Sobre N°: 0/336', 2, NULL, 19, 'Modules\\Pagofacturascredito\\Entities\\Pagofacturacredito', '2017-06-20 16:11:52', '2017-06-20 16:11:52'),
(26, '2017-06-20', 'Preventa', 'Preventa  |  Cliente: Diana Benegas | Sobre N°: 0/337', 2, NULL, 20, 'Modules\\Pagofacturascredito\\Entities\\Pagofacturacredito', '2017-06-20 16:16:32', '2017-06-20 16:16:32'),
(27, '2017-06-21', 'Anulacion Preventa', 'Anulacion de Preventa  |  Cliente: Milagros Pacholi Sosa | Sobre N°: 0/331', 1, NULL, 14, 'Modules\\Pagofacturascredito\\Entities\\Pagofacturacredito', '2017-06-22 00:49:32', '2017-06-22 00:49:32'),
(28, '2017-06-21', 'Anulacion Ventas', 'Anulacion de Preventa  |  Cliente: Milagros Pacholi Sosa  | Factura Nro: 001 - 001 - 280 | Sobre N°: 0/331', 1, NULL, 7, 'Modules\\Ventas\\Entities\\FacturaVenta', '2017-06-22 00:49:32', '2017-06-22 00:49:32'),
(29, '2017-06-21', 'Anulacion de Preventa', 'Anulacion de Preventa  |  Cliente: Amelia Armoa | Sobre N°: 0/332', 1, 1, 16, 'Modules\\Pagofacturascredito\\Entities\\Pagofacturacredito', '2017-06-22 00:51:05', '2017-06-23 14:25:56'),
(30, '2017-06-23', 'Anulacion de Preventa', 'Anulacion de Preventa  |  Cliente: Diana Benegas | Sobre N°: 0/337', 1, 1, 20, 'Modules\\Pagofacturascredito\\Entities\\Pagofacturacredito', '2017-06-23 13:51:59', '2017-06-23 14:18:17'),
(31, '2017-06-23', 'Anulacion de Preventa', 'Anulacion de Preventa  |  Cliente: Aida Santacruz | Sobre N°: 0/336', 1, 1, 19, 'Modules\\Pagofacturascredito\\Entities\\Pagofacturacredito', '2017-06-23 13:52:24', '2017-06-23 14:17:05'),
(32, '2017-06-23', 'Anulacion de Preventa', 'Anulacion de Preventa  |  Cliente: Milagros Pacholi Sosa | Sobre N°: 330/330', 1, 1, 13, 'Modules\\Pagofacturascredito\\Entities\\Pagofacturacredito', '2017-06-23 13:52:40', '2017-06-23 14:16:24'),
(33, '2017-06-23', 'Anulacion de Preventa', 'Anulacion de Preventa  |  Cliente: Vanesa Bobadilla | Sobre N°: 0/334', 1, 1, 18, 'Modules\\Pagofacturascredito\\Entities\\Pagofacturacredito', '2017-06-23 13:53:00', '2017-06-23 14:15:39'),
(34, '2017-06-23', 'Anulacion de Preventa', 'Anulacion de Preventa  |  Cliente: Silvia Moran | Sobre N°: 0/334', 1, 1, 17, 'Modules\\Pagofacturascredito\\Entities\\Pagofacturacredito', '2017-06-23 13:53:18', '2017-06-23 14:14:58'),
(35, '2017-06-23', 'Preventa', 'Preventa  |  Cliente: Milagros Pacholi Sosa | Sobre N°: 0/330', 2, NULL, 22, 'Modules\\Pagofacturascredito\\Entities\\Pagofacturacredito', '2017-06-23 20:08:47', '2017-06-23 20:08:47'),
(36, '2017-06-23', 'Preventa', 'Preventa  |  Cliente: Amelia Armoa | Sobre N°: 0/332', 2, NULL, 23, 'Modules\\Pagofacturascredito\\Entities\\Pagofacturacredito', '2017-06-23 20:24:43', '2017-06-23 20:24:43'),
(37, '2017-06-23', 'Preventa', 'Preventa  |  Cliente: Silvia Moran | Sobre N°: 0/334', 2, NULL, 24, 'Modules\\Pagofacturascredito\\Entities\\Pagofacturacredito', '2017-06-23 20:33:32', '2017-06-23 20:33:32'),
(38, '2017-06-23', 'Preventa', 'Preventa  |  Cliente: Vanesa Bobadilla | Sobre N°: 0/335', 2, NULL, 25, 'Modules\\Pagofacturascredito\\Entities\\Pagofacturacredito', '2017-06-23 20:36:17', '2017-06-23 20:36:17'),
(39, '2017-06-23', 'Preventa', 'Preventa  |  Cliente: Aida Santacruz | Sobre N°: 0/336', 2, NULL, 26, 'Modules\\Pagofacturascredito\\Entities\\Pagofacturacredito', '2017-06-23 20:39:50', '2017-06-23 20:39:50'),
(40, '2017-06-23', 'Preventa', 'Preventa  |  Cliente: Diana Benegas | Sobre N°: 0/337', 2, NULL, 27, 'Modules\\Pagofacturascredito\\Entities\\Pagofacturacredito', '2017-06-23 20:53:55', '2017-06-23 20:53:55'),
(41, '2017-06-23', 'Preventa', 'Preventa  |  Cliente: Nayla Benegas | Sobre N°: 0/338', 2, NULL, 28, 'Modules\\Pagofacturascredito\\Entities\\Pagofacturacredito', '2017-06-23 21:02:10', '2017-06-23 21:02:10'),
(42, '2017-06-26', 'Preventa', 'Preventa  |  Cliente: Rafael Sosa | Sobre N°: 0/339', 2, NULL, 29, 'Modules\\Pagofacturascredito\\Entities\\Pagofacturacredito', '2017-06-26 15:50:31', '2017-06-26 15:50:31'),
(43, '2017-06-26', 'Ventas', 'Preventa  |  Cliente: Milagros Pacholi Sosa  | Factura Nro: 001 - 001 0000287 | Sobre N°: 0/330', 2, NULL, 8, 'Modules\\Ventas\\Entities\\FacturaVenta', '2017-06-26 15:57:32', '2017-06-26 15:57:32'),
(44, '2017-06-26', 'Ventas', 'Preventa  |  Cliente: Diana Benegas  | Factura Nro: 001 - 001 - 0000290 | Sobre N°: 0/337', 2, NULL, 9, 'Modules\\Ventas\\Entities\\FacturaVenta', '2017-06-26 15:59:55', '2017-06-26 15:59:55'),
(45, '2017-06-26', 'Preventa', 'Preventa  |  Cliente: Cindy Amarilla | Sobre N°: 0/340', 2, NULL, 32, 'Modules\\Pagofacturascredito\\Entities\\Pagofacturacredito', '2017-06-26 16:09:48', '2017-06-26 16:09:48'),
(46, '2017-06-26', 'Ventas', 'Preventa  |  Cliente: Cindy Amarilla  | Factura Nro: 001 - 001 - 0000289 | Sobre N°: 0/340', 2, NULL, 10, 'Modules\\Ventas\\Entities\\FacturaVenta', '2017-06-26 16:11:43', '2017-06-26 16:11:43'),
(47, '2017-06-26', 'Preventa', 'Preventa  |  Cliente: Sonia Zaracho | Sobre N°: 0/342', 2, NULL, 34, 'Modules\\Pagofacturascredito\\Entities\\Pagofacturacredito', '2017-06-26 16:21:01', '2017-06-26 16:21:01'),
(48, '2017-06-26', 'Ventas', 'Preventa  |  Cliente: Sonia Zaracho  | Factura Nro: 001 - 001 - 0000292 | Sobre N°: 0/342', 2, NULL, 11, 'Modules\\Ventas\\Entities\\FacturaVenta', '2017-06-26 16:21:48', '2017-06-26 16:21:48'),
(49, '2017-06-26', 'Preventa', 'Preventa  |  Cliente: Renato Gaona | Sobre N°: 0/344', 2, NULL, 36, 'Modules\\Pagofacturascredito\\Entities\\Pagofacturacredito', '2017-06-26 18:44:20', '2017-06-26 18:44:20'),
(50, '2017-06-26', 'Preventa', 'Preventa  |  Cliente: Ofelia Ocampos  | Sobre N°: 0/345', 2, NULL, 37, 'Modules\\Pagofacturascredito\\Entities\\Pagofacturacredito', '2017-06-26 19:23:43', '2017-06-26 19:23:43'),
(51, '2017-06-28', 'Ventas', 'Preventa  |  Cliente: Yasmin Villalba  | Factura Nro: 001 - 001 - 0000299 | Sobre N°: 0/347', 2, NULL, 12, 'Modules\\Ventas\\Entities\\FacturaVenta', '2017-06-28 18:52:13', '2017-06-28 18:52:13'),
(52, '2017-06-28', 'Ventas', 'Preventa  |  Cliente: Ofelia Ocampos   | Factura Nro: 001 - 001 - 0000297 | Sobre N°: 0/345', 2, NULL, 13, 'Modules\\Ventas\\Entities\\FacturaVenta', '2017-06-28 18:53:23', '2017-06-28 18:53:23'),
(53, '2017-06-28', 'Ventas', 'Preventa  |  Cliente: Johana Aranda  | Factura Nro:  | Sobre N°: 0/343', 2, NULL, 14, 'Modules\\Ventas\\Entities\\FacturaVenta', '2017-06-28 18:54:21', '2017-06-28 18:54:21'),
(54, '2017-06-28', 'Ventas', 'Preventa  |  Cliente: Rafael Sosa  | Factura Nro:  | Sobre N°: 0/341', 2, NULL, 15, 'Modules\\Ventas\\Entities\\FacturaVenta', '2017-06-28 18:55:06', '2017-06-28 18:55:06'),
(55, '2017-06-28', 'Ventas', 'Preventa  |  Cliente: Renato Gaona  | Factura Nro: 001 - 001 - 0000295 | Sobre N°: 0/344', 2, NULL, 16, 'Modules\\Ventas\\Entities\\FacturaVenta', '2017-06-28 18:56:40', '2017-06-28 18:56:40'),
(56, '2017-06-28', 'Ventas', 'Preventa  |  Cliente: Juan Torales  | Factura Nro:  | Sobre N°: 0/331', 2, NULL, 17, 'Modules\\Ventas\\Entities\\FacturaVenta', '2017-06-28 18:58:18', '2017-06-28 18:58:18'),
(57, '2017-06-28', 'Ventas', 'Preventa  |  Cliente: Rafael Sosa  | Factura Nro: 001 - 001 - 0000294 | Sobre N°: 0/339', 2, NULL, 18, 'Modules\\Ventas\\Entities\\FacturaVenta', '2017-06-28 19:00:22', '2017-06-28 19:00:22'),
(58, '2017-06-29', 'Anulacion de Preventa', 'Anulacion de Preventa  |  Cliente: Amelia Armoa | Sobre N°: 0/332', 1, NULL, 23, 'Modules\\Pagofacturascredito\\Entities\\Pagofacturacredito', '2017-06-29 15:53:21', '2017-06-29 15:53:21'),
(59, '2017-06-29', 'Preventa', 'Preventa  |  Cliente: Amelia Armoa | Sobre N°: 0/332', 1, NULL, 42, 'Modules\\Pagofacturascredito\\Entities\\Pagofacturacredito', '2017-06-29 15:59:53', '2017-06-29 15:59:53'),
(60, '2017-06-29', 'Ventas', 'Preventa  |  Cliente: Amelia Armoa  | Factura Nro: 001 - 001 - 0000288 | Sobre N°: 0/332', 1, NULL, 19, 'Modules\\Ventas\\Entities\\FacturaVenta', '2017-06-29 16:00:40', '2017-06-29 16:00:40'),
(61, '2017-06-29', 'Preventa', 'Preventa  |  Cliente: Maria Fariña | Sobre N°: 0/345', 2, NULL, 43, 'Modules\\Pagofacturascredito\\Entities\\Pagofacturacredito', '2017-06-29 19:55:33', '2017-06-29 19:55:33'),
(62, '2017-06-29', 'Ventas', 'Preventa  |  Cliente: Maria Fariña  | Factura Nro: 001 - 001 - 0000293 | Sobre N°: 0/345', 2, NULL, 20, 'Modules\\Ventas\\Entities\\FacturaVenta', '2017-06-29 19:57:13', '2017-06-29 19:57:13'),
(63, '2017-06-30', 'Preventa', 'Preventa  |  Cliente: MARIANA BRITEZ | Sobre N°: 0/348', 2, NULL, 45, 'Modules\\Pagofacturascredito\\Entities\\Pagofacturacredito', '2017-06-30 14:21:33', '2017-06-30 14:21:33'),
(64, '2017-07-03', 'Preventa', 'Preventa  |  Cliente: Rufina Cardozo | Sobre N°: 0/349', 2, NULL, 46, 'Modules\\Pagofacturascredito\\Entities\\Pagofacturacredito', '2017-07-03 18:34:19', '2017-07-03 18:34:19'),
(65, '2017-07-05', 'Ventas', 'Preventa  |  Cliente: Rufina Cardozo  | Factura Nro: 001 - 001 -0000300 | Sobre N°: 0/349', 2, NULL, 21, 'Modules\\Ventas\\Entities\\FacturaVenta', '2017-07-05 13:00:48', '2017-07-05 13:00:48'),
(66, '2017-07-05', 'Ventas', 'Preventa  |  Cliente: Miryam Gonzalez  | Factura Nro: 001 - 001 -0000351 | Sobre N°: 0/350', 2, NULL, 22, 'Modules\\Ventas\\Entities\\FacturaVenta', '2017-07-05 13:02:30', '2017-07-05 13:02:30'),
(67, '2017-07-05', 'Preventa', 'Preventa  |  Cliente: Romy Lopez | Sobre N°: 0/357', 2, NULL, 49, 'Modules\\Pagofacturascredito\\Entities\\Pagofacturacredito', '2017-07-05 14:04:51', '2017-07-05 14:04:51'),
(68, '2017-07-08', 'Preventa', 'Preventa  |  Cliente: Romy Lopez | Sobre N°: 0/358', 2, NULL, 50, 'Modules\\Pagofacturascredito\\Entities\\Pagofacturacredito', '2017-07-08 13:55:03', '2017-07-08 13:55:03'),
(69, '2017-07-08', 'Preventa', 'Preventa  |  Cliente: Romy Lopez | Sobre N°: 0/359', 2, NULL, 51, 'Modules\\Pagofacturascredito\\Entities\\Pagofacturacredito', '2017-07-08 13:57:48', '2017-07-08 13:57:48'),
(70, '2017-07-04', 'Venta Contado', 'Venta al Contado  | Cliente:  Marcial Gomez | Factura Nro:  001 - 001 -0000353 |  Sobre Nro:  0/360', 2, NULL, 23, 'Modules\\Ventas\\Entities\\FacturaVenta', '2017-07-08 14:03:14', '2017-07-08 14:03:14'),
(71, '2017-07-08', 'Preventa', 'Preventa  |  Cliente: Monica Acosta | Sobre N°: 0/361', 2, NULL, 53, 'Modules\\Pagofacturascredito\\Entities\\Pagofacturacredito', '2017-07-08 14:09:08', '2017-07-08 14:09:08'),
(72, '2017-06-20', 'Compra Contado de Productos', 'Compra Contado de Productos  |  Proveedor: Juan Manual Silva Valdivieso  |  Factura Nro: 001-001-0000314', 1, NULL, 2, 'Modules\\Compras\\Entities\\Compra', '2017-07-12 14:47:38', '2017-07-12 14:47:38'),
(73, '2017-07-13', 'Preventa', 'Preventa  |  Cliente: Venancia Bobeda | Sobre N°: 0/363', 2, NULL, 54, 'Modules\\Pagofacturascredito\\Entities\\Pagofacturacredito', '2017-07-13 13:57:49', '2017-07-13 13:57:49'),
(74, '2017-07-13', 'Preventa', 'Preventa  |  Cliente: Aurelia Mendoza | Sobre N°: 0/364', 2, NULL, 55, 'Modules\\Pagofacturascredito\\Entities\\Pagofacturacredito', '2017-07-13 14:00:44', '2017-07-13 14:00:44'),
(75, '2017-07-13', 'Preventa', 'Preventa  |  Cliente: Dionisio Ramirez | Sobre N°: 0/365', 2, NULL, 56, 'Modules\\Pagofacturascredito\\Entities\\Pagofacturacredito', '2017-07-13 14:20:47', '2017-07-13 14:20:47'),
(76, '2017-07-13', 'Preventa', 'Preventa  |  Cliente: Liliana Riquelme | Sobre N°: 0/366', 2, NULL, 57, 'Modules\\Pagofacturascredito\\Entities\\Pagofacturacredito', '2017-07-13 14:29:45', '2017-07-13 14:29:45'),
(77, '2017-07-13', 'Preventa', 'Preventa  |  Cliente: Jesus Ocampos | Sobre N°: 0/346', 2, NULL, 58, 'Modules\\Pagofacturascredito\\Entities\\Pagofacturacredito', '2017-07-13 14:35:15', '2017-07-13 14:35:15'),
(78, '2017-07-13', 'Ventas', 'Preventa  |  Cliente: Jesus Ocampos  | Factura Nro: 001 - 001 -0000298 | Sobre N°: 0/346', 2, NULL, 24, 'Modules\\Ventas\\Entities\\FacturaVenta', '2017-07-13 14:38:04', '2017-07-13 14:38:04'),
(79, '2017-07-13', 'Anulacion de Preventa', 'Anulacion de Preventa  |  Cliente: MARIANA BRITEZ | Sobre N°: 0/348', 2, NULL, 45, 'Modules\\Pagofacturascredito\\Entities\\Pagofacturacredito', '2017-07-13 14:47:06', '2017-07-13 14:47:06'),
(80, '2017-07-13', 'Ventas', 'Preventa  |  Cliente: Edith Aguayo  | Factura Nro:  | Sobre N°: 0/333', 2, NULL, 25, 'Modules\\Ventas\\Entities\\FacturaVenta', '2017-07-13 14:51:00', '2017-07-13 14:51:00'),
(81, '2017-07-14', 'Ventas', 'Preventa  |  Cliente: Blanca Alcaraz  | Factura Nro:  | Sobre N°: 0/362', 2, NULL, 26, 'Modules\\Ventas\\Entities\\FacturaVenta', '2017-07-14 15:38:25', '2017-07-14 15:38:25'),
(82, '2017-07-15', 'Preventa', 'Preventa  |  Cliente: Romy Lopez | Sobre N°: 0/357', 2, NULL, 61, 'Modules\\Pagofacturascredito\\Entities\\Pagofacturacredito', '2017-07-15 14:58:52', '2017-07-15 14:58:52'),
(83, '2017-07-15', 'Ventas', 'Preventa  |  Cliente: Romy Lopez  | Factura Nro: 001 - 001 -0000354 | Sobre N°: 0/357', 2, NULL, 27, 'Modules\\Ventas\\Entities\\FacturaVenta', '2017-07-15 14:59:52', '2017-07-15 14:59:52'),
(84, '2017-07-15', 'Preventa', 'Preventa  |  Cliente: Romy Lopez | Sobre N°: 0/358', 2, NULL, 63, 'Modules\\Pagofacturascredito\\Entities\\Pagofacturacredito', '2017-07-15 15:05:40', '2017-07-15 15:05:40'),
(85, '2017-07-15', 'Ventas', 'Preventa  |  Cliente: Romy Lopez  | Factura Nro: 001 - 001 - 0000354 | Sobre N°: 0/358', 2, NULL, 28, 'Modules\\Ventas\\Entities\\FacturaVenta', '2017-07-15 15:09:13', '2017-07-15 15:09:13'),
(86, '2017-07-15', 'Preventa', 'Preventa  |  Cliente: Romy Lopez | Sobre N°: 0/359', 2, NULL, 65, 'Modules\\Pagofacturascredito\\Entities\\Pagofacturacredito', '2017-07-15 15:15:29', '2017-07-15 15:15:29'),
(87, '2017-07-15', 'Ventas', 'Preventa  |  Cliente: Romy Lopez  | Factura Nro: 001 - 001 -0000354 | Sobre N°: 0/359', 2, NULL, 29, 'Modules\\Ventas\\Entities\\FacturaVenta', '2017-07-15 15:18:11', '2017-07-15 15:18:11'),
(88, '2017-07-20', 'Ventas', 'Preventa  |  Cliente: Liliana Riquelme  | Factura Nro: 001 - 001 - 0000357 | Sobre N°: 0/366', 2, NULL, 30, 'Modules\\Ventas\\Entities\\FacturaVenta', '2017-07-20 18:23:20', '2017-07-20 18:23:20'),
(89, '2017-07-21', 'Ventas', 'Preventa  |  Cliente: Monica Acosta  | Factura Nro: 001 - 001 -0000356 | Sobre N°: 0/361', 2, NULL, 31, 'Modules\\Ventas\\Entities\\FacturaVenta', '2017-07-21 15:05:40', '2017-07-21 15:05:40'),
(90, '2017-07-21', 'Preventa', 'Preventa  |  Cliente: Antolina Aquino | Sobre N°: 0/367', 2, NULL, 69, 'Modules\\Pagofacturascredito\\Entities\\Pagofacturacredito', '2017-07-21 15:10:44', '2017-07-21 15:10:44'),
(91, '2017-07-21', 'Ventas', 'Preventa  |  Cliente: Antolina Aquino  | Factura Nro: 001 - 001 -0000355 | Sobre N°: 0/367', 2, NULL, 32, 'Modules\\Ventas\\Entities\\FacturaVenta', '2017-07-21 15:12:05', '2017-07-21 15:12:05'),
(92, '2017-07-21', 'Preventa', 'Preventa  |  Cliente: Fiorela Espinola | Sobre N°: 0/368', 2, NULL, 71, 'Modules\\Pagofacturascredito\\Entities\\Pagofacturacredito', '2017-07-21 15:16:19', '2017-07-21 15:16:19'),
(93, '2017-07-21', 'Preventa', 'Preventa  |  Cliente: Rossana Franco | Sobre N°: 0/370', 2, NULL, 72, 'Modules\\Pagofacturascredito\\Entities\\Pagofacturacredito', '2017-07-21 15:28:26', '2017-07-21 15:28:26'),
(94, '2017-07-21', 'Ventas', 'Preventa  |  Cliente: Rossana Franco  | Factura Nro: 001 - 001 -0000358 | Sobre N°: 0/370', 2, NULL, 33, 'Modules\\Ventas\\Entities\\FacturaVenta', '2017-07-21 15:29:28', '2017-07-21 15:29:28'),
(95, '2017-07-21', 'Ventas', 'Preventa  |  Cliente: Miryam Espinoza  | Factura Nro:  | Sobre N°: 0/372', 2, NULL, 34, 'Modules\\Ventas\\Entities\\FacturaVenta', '2017-07-21 18:21:09', '2017-07-21 18:21:09'),
(96, '2017-07-21', 'Ventas', 'Preventa  |  Cliente: Rosalino Taboada  | Factura Nro: 001 - 001 -0000359 | Sobre N°: 0/369', 2, NULL, 35, 'Modules\\Ventas\\Entities\\FacturaVenta', '2017-07-21 18:22:35', '2017-07-21 18:22:35'),
(97, '2017-07-21', 'Preventa', 'Preventa  |  Cliente: Luana Masi | Sobre N°: 0/373', 2, NULL, 74, 'Modules\\Pagofacturascredito\\Entities\\Pagofacturacredito', '2017-07-21 18:45:43', '2017-07-21 18:45:43'),
(98, '2017-07-22', 'Ventas', 'Preventa  |  Cliente: Fiorela Espinola  | Factura Nro: 001 - 001 -0000360 | Sobre N°: 0/368', 2, NULL, 36, 'Modules\\Ventas\\Entities\\FacturaVenta', '2017-07-22 14:41:22', '2017-07-22 14:41:22'),
(99, '2017-07-22', 'Ventas', 'Preventa  |  Cliente: Luana Masi  | Factura Nro: 001 - 001 -0000361 | Sobre N°: 0/373', 2, NULL, 37, 'Modules\\Ventas\\Entities\\FacturaVenta', '2017-07-22 14:46:21', '2017-07-22 14:46:21'),
(100, '2017-07-27', 'Preventa', 'Preventa  |  Cliente: Anibal Ocampos | Sobre N°: 0/374', 2, NULL, 77, 'Modules\\Pagofacturascredito\\Entities\\Pagofacturacredito', '2017-07-27 14:03:05', '2017-07-27 14:03:05'),
(101, '2017-07-27', 'Ventas', 'Preventa  |  Cliente: Anibal Ocampos  | Factura Nro: 001 - 001 - 0000362 | Sobre N°: 0/374', 2, NULL, 38, 'Modules\\Ventas\\Entities\\FacturaVenta', '2017-07-27 14:05:29', '2017-07-27 14:05:29'),
(102, '2017-07-28', 'Preventa', 'Preventa  |  Cliente: Beatriz Florentin | Sobre N°: 0/375', 2, NULL, 79, 'Modules\\Pagofacturascredito\\Entities\\Pagofacturacredito', '2017-07-28 15:48:06', '2017-07-28 15:48:06'),
(103, '2017-07-28', 'Ventas', 'Preventa  |  Cliente: Beatriz Florentin  | Factura Nro: 001 - 001 - 0000363 | Sobre N°: 0/375', 2, NULL, 39, 'Modules\\Ventas\\Entities\\FacturaVenta', '2017-07-28 15:48:49', '2017-07-28 15:48:49'),
(104, '2017-08-01', 'Anulacion de Preventa', 'Anulacion de Preventa  |  Cliente: Romy Lopez | Sobre N°: 0/357', 6, NULL, 49, 'Modules\\Pagofacturascredito\\Entities\\Pagofacturacredito', '2017-08-01 22:49:12', '2017-08-01 22:49:12'),
(105, '2017-08-01', 'Anulacion de Preventa', 'Anulacion de Preventa  |  Cliente: Romy Lopez | Sobre N°: 0/358', 6, NULL, 50, 'Modules\\Pagofacturascredito\\Entities\\Pagofacturacredito', '2017-08-01 22:49:46', '2017-08-01 22:49:46'),
(106, '2017-08-01', 'Anulacion de Preventa', 'Anulacion de Preventa  |  Cliente: Romy Lopez | Sobre N°: 0/359', 6, NULL, 51, 'Modules\\Pagofacturascredito\\Entities\\Pagofacturacredito', '2017-08-01 22:50:16', '2017-08-01 22:50:16'),
(107, '2017-08-01', 'Anulacion de Preventa', 'Anulacion de Preventa  |  Cliente: Romy Lopez | Sobre N°: 0/359', 6, NULL, 51, 'Modules\\Pagofacturascredito\\Entities\\Pagofacturacredito', '2017-08-01 22:50:19', '2017-08-01 22:50:19'),
(108, '2017-08-01', 'Anulacion de Anulacion de Preventa', 'Anulacion de Anulacion de Preventa  |  Cliente: Romy Lopez | Sobre N°: 0/359', 6, NULL, 51, 'Modules\\Pagofacturascredito\\Entities\\Pagofacturacredito', '2017-08-01 22:50:19', '2017-08-01 22:50:19'),
(109, '2017-08-07', 'Ventas', 'Preventa  |  Cliente: Dionisio Ramirez  | Factura Nro: 001 - 001 -0000369 | Sobre N°: 0/365', 2, NULL, 40, 'Modules\\Ventas\\Entities\\FacturaVenta', '2017-08-07 15:50:13', '2017-08-07 15:50:13'),
(110, '2017-08-07', 'Ventas', 'Preventa  |  Cliente: Blanca Olmedo  | Factura Nro: 001 - 001 -0000365 | Sobre N°: 0/371', 2, NULL, 41, 'Modules\\Ventas\\Entities\\FacturaVenta', '2017-08-07 15:51:48', '2017-08-07 15:51:48'),
(111, '2017-08-07', 'Ventas', 'Preventa  |  Cliente: Aurelia Mendoza  | Factura Nro: 001 - 001 -0000368 | Sobre N°: 0/364', 2, NULL, 42, 'Modules\\Ventas\\Entities\\FacturaVenta', '2017-08-07 15:53:48', '2017-08-07 15:53:48'),
(112, '2017-08-07', 'Ventas', 'Preventa  |  Cliente: Venancia Bobeda  | Factura Nro: 001 - 001 -0000367 | Sobre N°: 0/363', 2, NULL, 43, 'Modules\\Ventas\\Entities\\FacturaVenta', '2017-08-07 15:54:40', '2017-08-07 15:54:40'),
(113, '2017-08-07', 'Ventas', 'Preventa  |  Cliente: Vanesa Bobadilla  | Factura Nro: 001 - 001 -0000352 | Sobre N°: 0/335', 2, NULL, 44, 'Modules\\Ventas\\Entities\\FacturaVenta', '2017-08-07 15:57:16', '2017-08-07 15:57:16'),
(114, '2017-08-07', 'Preventa', 'Preventa  |  Cliente: Ruben Vera | Sobre N°: 0/377', 2, NULL, 86, 'Modules\\Pagofacturascredito\\Entities\\Pagofacturacredito', '2017-08-07 16:26:17', '2017-08-07 16:26:17'),
(115, '2017-08-07', 'Preventa', 'Preventa  |  Cliente: Beida Mattesich | Sobre N°: 0/380', 2, NULL, 87, 'Modules\\Pagofacturascredito\\Entities\\Pagofacturacredito', '2017-08-07 17:06:35', '2017-08-07 17:06:35'),
(116, '2017-08-07', 'Preventa', 'Preventa  |  Cliente: Sebastian Bobadilla | Sobre N°: 0/381', 2, NULL, 88, 'Modules\\Pagofacturascredito\\Entities\\Pagofacturacredito', '2017-08-07 17:10:31', '2017-08-07 17:10:31'),
(117, '2017-08-09', 'Preventa', 'Preventa  |  Cliente: Ada Veronica Gaona | Sobre N°: 0/382', 2, NULL, 89, 'Modules\\Pagofacturascredito\\Entities\\Pagofacturacredito', '2017-08-09 14:13:01', '2017-08-09 14:13:01'),
(118, '2017-08-09', 'Preventa', 'Preventa  |  Cliente: Gladys Olmedo | Sobre N°: 0/384', 2, NULL, 90, 'Modules\\Pagofacturascredito\\Entities\\Pagofacturacredito', '2017-08-09 14:17:38', '2017-08-09 14:17:38'),
(119, '2017-08-09', 'Ventas', 'Preventa  |  Cliente: Gladys Olmedo  | Factura Nro: 001 - 001 -0000366 | Sobre N°: 0/384', 2, NULL, 45, 'Modules\\Ventas\\Entities\\FacturaVenta', '2017-08-09 14:18:23', '2017-08-09 14:18:23'),
(120, '2017-08-09', 'Preventa', 'Preventa  |  Cliente: Maria Vega | Sobre N°: 0/385', 2, NULL, 92, 'Modules\\Pagofacturascredito\\Entities\\Pagofacturacredito', '2017-08-09 14:43:27', '2017-08-09 14:43:27'),
(121, '2017-08-10', 'Ventas', 'Preventa  |  Cliente: Maria Vega  | Factura Nro: 001 - 001 -0000372 | Sobre N°: 0/385', 2, NULL, 46, 'Modules\\Ventas\\Entities\\FacturaVenta', '2017-08-10 13:06:33', '2017-08-10 13:06:33'),
(122, '2017-08-10', 'Preventa', 'Preventa  |  Cliente: Lucila Olmedo | Sobre N°: 0/386', 2, NULL, 94, 'Modules\\Pagofacturascredito\\Entities\\Pagofacturacredito', '2017-08-10 13:17:19', '2017-08-10 13:17:19'),
(123, '2017-08-10', 'Ventas', 'Preventa  |  Cliente: Lucila Olmedo  | Factura Nro: 001 - 001 -0000370 | Sobre N°: 0/386', 2, NULL, 47, 'Modules\\Ventas\\Entities\\FacturaVenta', '2017-08-10 13:18:07', '2017-08-10 13:18:07'),
(124, '2017-08-11', 'Ventas', 'Preventa  |  Cliente: Beida Mattesich  | Factura Nro: 001 - 001 -0000373 | Sobre N°: 0/380', 2, NULL, 48, 'Modules\\Ventas\\Entities\\FacturaVenta', '2017-08-11 13:12:00', '2017-08-11 13:12:00'),
(125, '2017-08-11', 'Preventa', 'Preventa  |  Cliente: Eulalio Rojas | Sobre N°: 0/387', 2, NULL, 97, 'Modules\\Pagofacturascredito\\Entities\\Pagofacturacredito', '2017-08-11 13:18:12', '2017-08-11 13:18:12'),
(126, '2017-08-11', 'Ventas', 'Preventa  |  Cliente: Eulalio Rojas  | Factura Nro: 001 - 001 -0000371 | Sobre N°: 0/387', 2, NULL, 49, 'Modules\\Ventas\\Entities\\FacturaVenta', '2017-08-11 13:19:07', '2017-08-11 13:19:07'),
(127, '2017-08-17', 'Preventa', 'Preventa  |  Cliente: Fatima Britez | Sobre N°: 0/389', 2, NULL, 99, 'Modules\\Pagofacturascredito\\Entities\\Pagofacturacredito', '2017-08-17 19:38:29', '2017-08-17 19:38:29'),
(128, '2017-08-17', 'Ventas', 'Preventa  |  Cliente: Fatima Britez  | Factura Nro: 001 - 001 -0000374 | Sobre N°: 0/389', 2, NULL, 50, 'Modules\\Ventas\\Entities\\FacturaVenta', '2017-08-17 19:39:19', '2017-08-17 19:39:19'),
(129, '2017-08-17', 'Preventa', 'Preventa  |  Cliente: Kathia Britez | Sobre N°: 0/390', 2, NULL, 100, 'Modules\\Pagofacturascredito\\Entities\\Pagofacturacredito', '2017-08-17 19:45:53', '2017-08-17 19:45:53'),
(130, '2017-08-17', 'Ventas', 'Preventa  |  Cliente: Kathia Britez  | Factura Nro: 001 - 001 -0000375 | Sobre N°: 0/390', 2, NULL, 51, 'Modules\\Ventas\\Entities\\FacturaVenta', '2017-08-17 19:46:57', '2017-08-17 19:46:57'),
(131, '2017-08-17', 'Ventas', 'Preventa  |  Cliente: Ruben Vera  | Factura Nro: 001 - 001 -0000364 | Sobre N°: 0/377', 2, NULL, 52, 'Modules\\Ventas\\Entities\\FacturaVenta', '2017-08-17 19:48:31', '2017-08-17 19:48:31'),
(132, '2017-08-17', 'Ventas', 'Preventa  |  Cliente: Hilda Oviedo  | Factura Nro: 001 - 001 -0000376 | Sobre N°: 0/379', 2, NULL, 53, 'Modules\\Ventas\\Entities\\FacturaVenta', '2017-08-17 20:00:10', '2017-08-17 20:00:10');

-- --------------------------------------------------------

--
-- Estructura de tabla para la tabla `contabilidad__cuentas`
--

CREATE TABLE `contabilidad__cuentas` (
  `id` int(10) UNSIGNED NOT NULL,
  `codigo` varchar(30) COLLATE utf8_unicode_ci NOT NULL,
  `nombre` varchar(255) COLLATE utf8_unicode_ci NOT NULL,
  `padre` int(11) DEFAULT NULL,
  `tiene_hijo` tinyint(1) NOT NULL,
  `activo` tinyint(1) NOT NULL,
  `tipo` int(10) UNSIGNED NOT NULL,
  `created_at` timestamp NOT NULL DEFAULT '0000-00-00 00:00:00',
  `updated_at` timestamp NOT NULL DEFAULT '0000-00-00 00:00:00',
  `profundidad` int(11) NOT NULL
) ENGINE=InnoDB DEFAULT CHARSET=utf8 COLLATE=utf8_unicode_ci;

--
-- Volcado de datos para la tabla `contabilidad__cuentas`
--

INSERT INTO `contabilidad__cuentas` (`id`, `codigo`, `nombre`, `padre`, `tiene_hijo`, `activo`, `tipo`, `created_at`, `updated_at`, `profundidad`) VALUES
(1, '01', 'Activo', NULL, 1, 1, 1, '0000-00-00 00:00:00', '0000-00-00 00:00:00', 1),
(2, '01.01', 'Activo Corriente', 1, 1, 1, 1, '0000-00-00 00:00:00', '0000-00-00 00:00:00', 2),
(3, '01.01.01', 'Disponibilidad', 2, 1, 1, 1, '0000-00-00 00:00:00', '0000-00-00 00:00:00', 3),
(4, '01.01.01.01', 'Recaudaciones a Depositar', 3, 0, 1, 1, '0000-00-00 00:00:00', '0000-00-00 00:00:00', 4),
(5, '01.01.01.02', 'Cajas', 3, 1, 1, 1, '0000-00-00 00:00:00', '2017-04-28 02:48:45', 4),
(6, '01.01.01.03', 'Fondos Fijos', 3, 0, 1, 1, '0000-00-00 00:00:00', '0000-00-00 00:00:00', 4),
(7, '01.01.01.04', 'Bancos', 3, 0, 1, 1, '0000-00-00 00:00:00', '0000-00-00 00:00:00', 4),
(8, '01.01.02', 'Inversiones Temporarias', 2, 1, 1, 1, '0000-00-00 00:00:00', '0000-00-00 00:00:00', 3),
(9, '01.01.02.01', 'Inversiones Financieras', 8, 0, 1, 1, '0000-00-00 00:00:00', '0000-00-00 00:00:00', 4),
(10, '01.01.02.02', 'Inversiones en Entidades Vinculadas', 8, 0, 0, 1, '0000-00-00 00:00:00', '0000-00-00 00:00:00', 4),
(11, '01.01.02.03', 'Otras Inversiones', 8, 0, 1, 1, '0000-00-00 00:00:00', '0000-00-00 00:00:00', 4),
(12, '01.01.02.04', 'Intereses, Regalias y otros Rendimientos de Inversiones', 8, 0, 1, 1, '0000-00-00 00:00:00', '0000-00-00 00:00:00', 4),
(13, '01.01.03', 'Creditos', 2, 1, 1, 1, '0000-00-00 00:00:00', '0000-00-00 00:00:00', 3),
(14, '01.01.03.01', 'Deudores por Ventas', 13, 0, 1, 1, '0000-00-00 00:00:00', '0000-00-00 00:00:00', 4),
(15, '01.01.03.02', 'Deudores por Prestamos', 13, 0, 1, 1, '0000-00-00 00:00:00', '0000-00-00 00:00:00', 4),
(16, '01.01.03.03', 'Cuentas a Cobrar a Directores y Funcionarios', 13, 0, 0, 1, '0000-00-00 00:00:00', '0000-00-00 00:00:00', 4),
(17, '01.01.03.04', 'Cuentas a Cobrar a Socios o Entidades Vinculadas', 13, 0, 0, 1, '0000-00-00 00:00:00', '0000-00-00 00:00:00', 4),
(18, '01.01.03.05', 'Creditos por Impuestos Corrientes', 13, 1, 1, 1, '0000-00-00 00:00:00', '0000-00-00 00:00:00', 4),
(19, '01.01.03.05.01', 'Anticipos y Retenciones de Impuesto a la Renta', 18, 0, 1, 1, '0000-00-00 00:00:00', '0000-00-00 00:00:00', 5),
(20, '01.01.03.05.02', 'Retenciones de IVA', 18, 0, 1, 1, '0000-00-00 00:00:00', '0000-00-00 00:00:00', 5),
(21, '01.01.03.05.03', 'IVA - Credito Fiscal', 18, 0, 1, 1, '0000-00-00 00:00:00', '0000-00-00 00:00:00', 5),
(22, '01.01.03.06', 'Anticipos a Proveedores', 13, 1, 1, 1, '0000-00-00 00:00:00', '0000-00-00 00:00:00', 4),
(23, '01.01.03.06.01', 'Anticipos a Proveedores Locales', 22, 0, 1, 1, '0000-00-00 00:00:00', '0000-00-00 00:00:00', 5),
(24, '01.01.03.06.02', 'Anticipos a Proveedores del Exterior', 22, 0, 1, 1, '0000-00-00 00:00:00', '0000-00-00 00:00:00', 5),
(25, '01.01.03.99', '(-) PREVISIÓN PARA CRÉDITOS DE DUDOSO COBRO', 13, 0, 1, 1, '0000-00-00 00:00:00', '0000-00-00 00:00:00', 4),
(26, '01.01.04', 'Inventarios', 2, 1, 1, 1, '0000-00-00 00:00:00', '0000-00-00 00:00:00', 3),
(27, '01.01.04.01', 'Mercaderias', 26, 1, 1, 1, '0000-00-00 00:00:00', '0000-00-00 00:00:00', 4),
(28, '01.01.04.01.01', 'Mercaderias gravadas por el IVA al 10%', 27, 0, 1, 1, '0000-00-00 00:00:00', '0000-00-00 00:00:00', 5),
(29, '01.01.04.01.02', 'Mercaderias gravadas por el IVA al 5%', 27, 0, 1, 1, '0000-00-00 00:00:00', '0000-00-00 00:00:00', 5),
(30, '01.01.04.01.03', 'Mercaderias gravadas Exentas de IVA', 27, 0, 1, 1, '0000-00-00 00:00:00', '0000-00-00 00:00:00', 5),
(31, '01.01.04.02', 'Mercaderias Regimen Especiales', 26, 0, 0, 1, '0000-00-00 00:00:00', '0000-00-00 00:00:00', 4),
(32, '01.01.04.03', 'Productos Terminados', 26, 0, 0, 1, '0000-00-00 00:00:00', '0000-00-00 00:00:00', 4),
(33, '01.01.04.04', 'Productos en Procesos', 26, 0, 0, 1, '0000-00-00 00:00:00', '0000-00-00 00:00:00', 4),
(34, '01.01.04.05', 'Materias Primas', 26, 0, 0, 1, '0000-00-00 00:00:00', '0000-00-00 00:00:00', 4),
(35, '01.01.04.06', 'Materiales , Suministros y Repuestos', 26, 0, 0, 1, '0000-00-00 00:00:00', '0000-00-00 00:00:00', 4),
(36, '01.01.04.07', 'Productos Agricolas', 26, 0, 0, 1, '0000-00-00 00:00:00', '0000-00-00 00:00:00', 4),
(37, '01.01.04.08	', 'Productos Forestales', 26, 0, 0, 1, '0000-00-00 00:00:00', '0000-00-00 00:00:00', 4),
(38, '01.01.04.09', 'Activos Biologicos en Produccion', 26, 0, 0, 1, '0000-00-00 00:00:00', '0000-00-00 00:00:00', 4),
(39, '01.01.04.10', 'Activos Biologicos en Desarrollo', 26, 0, 0, 1, '0000-00-00 00:00:00', '0000-00-00 00:00:00', 1),
(40, '01.01.04.11', 'Importaciones en Curso', 26, 0, 1, 1, '0000-00-00 00:00:00', '0000-00-00 00:00:00', 4),
(41, '01.01.04.08', '(-) PREVISIÓN POR DEVALUACIÓN DE INVENTARIOS', 26, 0, 1, 1, '0000-00-00 00:00:00', '2017-04-27 19:19:14', 4),
(42, '01.01.04.11', 'Importaciones en Curso', 26, 0, 1, 1, '0000-00-00 00:00:00', '0000-00-00 00:00:00', 4),
(43, '01.01.04.99', '(-) PREVISIÓN POR DEVALUACIÓN DE INVENTARIOS', 26, 0, 1, 1, '0000-00-00 00:00:00', '0000-00-00 00:00:00', 4),
(44, '01.01.05', 'Gastos Pagados por Adelantado', 2, 1, 1, 1, '0000-00-00 00:00:00', '0000-00-00 00:00:00', 3),
(45, '01.01.05.01', 'Alquileres Pagados por Adelantado', 44, 0, 1, 1, '0000-00-00 00:00:00', '0000-00-00 00:00:00', 4),
(46, '01.01.05.02', 'Seguros Devengar', 44, 0, 1, 1, '0000-00-00 00:00:00', '0000-00-00 00:00:00', 4),
(47, '01.02', 'Activo No Corriente', 1, 1, 1, 1, '0000-00-00 00:00:00', '0000-00-00 00:00:00', 2),
(48, '01.02.01', 'Creditos a largo Plazo', 47, 1, 1, 1, '0000-00-00 00:00:00', '0000-00-00 00:00:00', 3),
(49, '01.02.01.01', 'Deudores por Venta', 48, 0, 1, 1, '0000-00-00 00:00:00', '0000-00-00 00:00:00', 4),
(50, '01.02.01.02', 'Deudores por Prestamos', 48, 0, 1, 1, '0000-00-00 00:00:00', '0000-00-00 00:00:00', 4),
(51, '01.02.01.03', 'Cuentas a Cobrar a Directores y Funcionarios', 48, 0, 0, 1, '0000-00-00 00:00:00', '0000-00-00 00:00:00', 4),
(52, '01.02.01.04', 'Cuentas a Cobrar a socios o entidades Vinculadas', 48, 0, 0, 1, '0000-00-00 00:00:00', '0000-00-00 00:00:00', 4),
(53, '01.02.01.05', 'Deudores en Gestion de Cobros - Morosos Similares', 48, 0, 0, 1, '0000-00-00 00:00:00', '0000-00-00 00:00:00', 4),
(54, '01.02.01.06', 'Anticipo a Proveedores', 48, 1, 1, 1, '0000-00-00 00:00:00', '0000-00-00 00:00:00', 4),
(55, '01.02.01.99', '(-) Prevision para dudoso Cobro', 48, 1, 1, 1, '0000-00-00 00:00:00', '0000-00-00 00:00:00', 4),
(56, '01.02.04', 'Propiedad, Planta y Equipo', 47, 1, 1, 1, '0000-00-00 00:00:00', '0000-00-00 00:00:00', 3),
(57, '01.02.04.01', 'Inmueble', 56, 0, 1, 1, '0000-00-00 00:00:00', '0000-00-00 00:00:00', 4),
(58, '01.02.04.02', 'Rodados Transportes', 56, 0, 1, 1, '0000-00-00 00:00:00', '0000-00-00 00:00:00', 4),
(59, '01.02.04.03', 'Muebles, Utiles y Enseres', 56, 0, 1, 1, '0000-00-00 00:00:00', '0000-00-00 00:00:00', 4),
(60, '01.02.04.04', 'Maquinarias', 56, 0, 1, 1, '0000-00-00 00:00:00', '0000-00-00 00:00:00', 4),
(61, '01.02.04.05', 'Equipos', 56, 0, 1, 1, '0000-00-00 00:00:00', '0000-00-00 00:00:00', 4),
(62, '01.02.04.06', 'Herramientas', 56, 0, 1, 1, '0000-00-00 00:00:00', '0000-00-00 00:00:00', 4),
(63, '01.02.04.07', 'Bienes fuera de Operacion', 56, 0, 1, 1, '0000-00-00 00:00:00', '0000-00-00 00:00:00', 4),
(64, '01.02.04.08', 'Mejoras en Predio Ajeno', 56, 0, 1, 1, '0000-00-00 00:00:00', '0000-00-00 00:00:00', 4),
(65, '01.02.04.97', 'Bienes Incorporados al Amparo de la Ley N° 60/90', 56, 0, 1, 1, '0000-00-00 00:00:00', '0000-00-00 00:00:00', 4),
(66, '01.02.04.98', 'Bienes de arrendamiento Finaciero', 56, 0, 1, 1, '0000-00-00 00:00:00', '0000-00-00 00:00:00', 4),
(67, '01.02.04.99', 'Depreciacion Acumulada', 56, 0, 1, 1, '0000-00-00 00:00:00', '0000-00-00 00:00:00', 4),
(68, '01.02.07', 'Activos Intangibles', 47, 1, 1, 1, '0000-00-00 00:00:00', '0000-00-00 00:00:00', 3),
(69, '01.02.07.01', 'Licencias Marcas y Patentes', 68, 1, 1, 1, '0000-00-00 00:00:00', '0000-00-00 00:00:00', 4),
(70, '01.02.07.02', 'Franquicias', 68, 1, 0, 1, '0000-00-00 00:00:00', '0000-00-00 00:00:00', 4),
(71, '01.02.07.99', 'Amortizacion Acumulada', 68, 0, 1, 1, '0000-00-00 00:00:00', '0000-00-00 00:00:00', 4),
(72, '02', 'Pasivo', NULL, 1, 1, 2, '0000-00-00 00:00:00', '0000-00-00 00:00:00', 1),
(73, '02.01', 'Pasivo Corriente', 72, 1, 1, 2, '0000-00-00 00:00:00', '0000-00-00 00:00:00', 2),
(74, '02.01.01', 'Activo No Corriente', 73, 1, 1, 2, '0000-00-00 00:00:00', '0000-00-00 00:00:00', 3),
(75, '02.01.01.01', 'Proveedores Locales', 74, 0, 1, 2, '0000-00-00 00:00:00', '0000-00-00 00:00:00', 4),
(76, '02.01.01.02 ', 'Proveedores del Exterior', 74, 0, 1, 2, '0000-00-00 00:00:00', '0000-00-00 00:00:00', 4),
(77, '02.01.01.03 ', 'Intereses a Pagar a Proveedores', 74, 0, 0, 2, '0000-00-00 00:00:00', '0000-00-00 00:00:00', 4),
(78, '02.01.01.04', 'Otros Acreedores', 74, 0, 1, 2, '0000-00-00 00:00:00', '0000-00-00 00:00:00', 4),
(79, '02.01.02', 'Deudas Financieras', 72, 1, 1, 2, '0000-00-00 00:00:00', '0000-00-00 00:00:00', 3),
(80, '02.01.02.01', 'Prestamos de bancos y otras Entidades Financieras', 79, 0, 1, 2, '0000-00-00 00:00:00', '0000-00-00 00:00:00', 4),
(81, '02.01.02.02', 'Prestamos del dueño, Socios o Entidades Vinculadas', 79, 0, 1, 2, '0000-00-00 00:00:00', '0000-00-00 00:00:00', 4),
(82, '02.01.02.03', 'Arrendamientos Finacieros', 79, 0, 1, 1, '0000-00-00 00:00:00', '0000-00-00 00:00:00', 4),
(83, '02.01.02.04', 'Otros Prestamos a Pagar', 79, 0, 1, 2, '0000-00-00 00:00:00', '0000-00-00 00:00:00', 4),
(84, '02.01.02.05', 'Intereses a Pagar', 79, 0, 1, 2, '0000-00-00 00:00:00', '0000-00-00 00:00:00', 4),
(85, '02.01.03', 'Otras Cuentas por Pagar', 72, 1, 1, 2, '0000-00-00 00:00:00', '0000-00-00 00:00:00', 3),
(86, '02.01.03.01', 'Deudas Fiscales Corrientes', 85, 1, 1, 2, '0000-00-00 00:00:00', '0000-00-00 00:00:00', 4),
(87, '02.01.03.01.01', 'Impuesto a la renta a Pagar', 86, 0, 1, 2, '0000-00-00 00:00:00', '0000-00-00 00:00:00', 5),
(88, '02.01.03.01.02', 'IVA a Pagar', 86, 0, 1, 2, '0000-00-00 00:00:00', '0000-00-00 00:00:00', 5),
(89, '02.01.03.01.03', 'Retenciones de Impuestos a Ingresar', 86, 0, 1, 2, '0000-00-00 00:00:00', '0000-00-00 00:00:00', 5),
(90, '02.01.03.02', 'Obligaciones Laborales Y Cargas Sociales', 85, 0, 1, 2, '0000-00-00 00:00:00', '0000-00-00 00:00:00', 4),
(91, '02.01.03.03', 'Dividendos a Pagar', 85, 1, 1, 2, '0000-00-00 00:00:00', '0000-00-00 00:00:00', 4),
(92, '02.01.04', 'Provisiones', 72, 1, 1, 2, '0000-00-00 00:00:00', '0000-00-00 00:00:00', 3),
(93, '02.01.05', 'Ingresos Diferidos', 72, 1, 1, 2, '0000-00-00 00:00:00', '0000-00-00 00:00:00', 3),
(94, '02.01.05.01', 'Anticipos de Clientes', 93, 0, 1, 2, '0000-00-00 00:00:00', '0000-00-00 00:00:00', 4),
(95, '02.02', 'Pasivo No Corriente', 72, 1, 1, 2, '0000-00-00 00:00:00', '0000-00-00 00:00:00', 2),
(96, '02.02.01', 'Acreedores Comerciales a Largo Palzo', 95, 1, 1, 2, '0000-00-00 00:00:00', '0000-00-00 00:00:00', 3),
(97, '02.02.01.01', 'Proveedores Locales', 96, 0, 1, 2, '0000-00-00 00:00:00', '0000-00-00 00:00:00', 4),
(98, '02.02.01.02', 'Proveedores Exteriores', 96, 0, 1, 2, '0000-00-00 00:00:00', '0000-00-00 00:00:00', 4),
(99, '02.02.01.04', 'Otros Acreedores', 96, 0, 1, 2, '0000-00-00 00:00:00', '0000-00-00 00:00:00', 4),
(100, '02.02.02', 'Deudas Financieras a Largo Palzo', 95, 1, 1, 2, '0000-00-00 00:00:00', '0000-00-00 00:00:00', 3),
(101, '02.02.02.01', 'Prestamos de Bancos y otras Entidades Financieras', 100, 0, 1, 2, '0000-00-00 00:00:00', '0000-00-00 00:00:00', 4),
(102, '02.02.02.02', 'Prestamos de Socios', 100, 0, 1, 2, '0000-00-00 00:00:00', '0000-00-00 00:00:00', 4),
(103, '02.02.02.03', 'Arrendamientos Financieros', 100, 0, 1, 2, '0000-00-00 00:00:00', '0000-00-00 00:00:00', 4),
(104, '02.02.02.04', 'Otros Prestamos', 100, 0, 1, 2, '0000-00-00 00:00:00', '0000-00-00 00:00:00', 4),
(105, '02.02.02.05', 'Intereses a Pagar', 100, 0, 1, 2, '0000-00-00 00:00:00', '0000-00-00 00:00:00', 4),
(106, '02.02.03', 'Otras Cuentas por Pagar', 95, 1, 1, 2, '0000-00-00 00:00:00', '0000-00-00 00:00:00', 3),
(107, '03', 'Patrimonio Neto', NULL, 1, 1, 3, '0000-00-00 00:00:00', '0000-00-00 00:00:00', 1),
(108, '03.01', 'Capital', 107, 1, 1, 3, '0000-00-00 00:00:00', '0000-00-00 00:00:00', 2),
(109, '03.01.01', 'Capital Integrado', 108, 1, 1, 3, '0000-00-00 00:00:00', '0000-00-00 00:00:00', 3),
(110, '03.01.01.01', 'Capital Suscripto', 109, 0, 1, 3, '0000-00-00 00:00:00', '0000-00-00 00:00:00', 4),
(111, '03.01.01.02', '(-) CAPITAL A INTEGRAR', 109, 0, 1, 3, '0000-00-00 00:00:00', '0000-00-00 00:00:00', 4),
(112, '03.02', 'Reservas', 107, 1, 1, 3, '0000-00-00 00:00:00', '0000-00-00 00:00:00', 2),
(113, '03.02.01', 'Reservas Legales', 112, 0, 1, 3, '0000-00-00 00:00:00', '0000-00-00 00:00:00', 3),
(114, '03.02.02', 'Reserva de Revaluo', 112, 1, 1, 3, '0000-00-00 00:00:00', '0000-00-00 00:00:00', 3),
(115, '03.02.02.01', 'Reservas Revaluo Fiscal', 114, 0, 1, 3, '0000-00-00 00:00:00', '0000-00-00 00:00:00', 4),
(116, '03.02.02.02', 'Reservas Revaluo Tecnico', 114, 0, 1, 3, '0000-00-00 00:00:00', '0000-00-00 00:00:00', 4),
(117, '03.02.03', 'Otras Reservas', 112, 0, 1, 3, '0000-00-00 00:00:00', '0000-00-00 00:00:00', 3),
(118, '03.03', 'Reservas', 107, 1, 1, 3, '0000-00-00 00:00:00', '0000-00-00 00:00:00', 2),
(119, '03.03.01', 'Resultados Acumulados', 118, 0, 1, 3, '0000-00-00 00:00:00', '0000-00-00 00:00:00', 3),
(120, '03.03.01', 'Resultados del Ejercicio', 118, 0, 1, 3, '0000-00-00 00:00:00', '0000-00-00 00:00:00', 3),
(121, '04', 'Ingresos Operativos', 0, 1, 1, 4, '0000-00-00 00:00:00', '2017-04-27 18:50:06', 1),
(122, '04.01', 'Ventas de Mercaderias', 121, 1, 1, 4, '0000-00-00 00:00:00', '0000-00-00 00:00:00', 2),
(123, '04.01.01', 'Ventas de Mercaderias Gravadas por el IVA', 122, 0, 1, 4, '0000-00-00 00:00:00', '0000-00-00 00:00:00', 3),
(124, '04.01.02', 'Ventas de Mercaderias Exentas del IVA', 122, 0, 1, 4, '0000-00-00 00:00:00', '0000-00-00 00:00:00', 3),
(125, '04.02', 'Ventas de Productos Agricolas', 121, 1, 0, 4, '0000-00-00 00:00:00', '0000-00-00 00:00:00', 2),
(126, '04.03', 'Ventas de Ganados', 121, 1, 0, 4, '0000-00-00 00:00:00', '0000-00-00 00:00:00', 2),
(127, '04.04', 'Ventas de Productos Fruticolas y Horticolas', 121, 1, 0, 4, '0000-00-00 00:00:00', '0000-00-00 00:00:00', 2),
(128, '04.05', 'Ventas de Productos de la Explotacion Forestal', 121, 0, 0, 4, '0000-00-00 00:00:00', '0000-00-00 00:00:00', 2),
(129, '04.06', 'Exportaciones de Productos Agricolas Exportados', 121, 0, 0, 4, '0000-00-00 00:00:00', '0000-00-00 00:00:00', 2),
(130, '04.07', 'Exportaciones de Bienes Industrializados', 121, 0, 0, 4, '0000-00-00 00:00:00', '0000-00-00 00:00:00', 2),
(131, '04.08', 'Exportaciones de otros Productos', 121, 0, 0, 4, '0000-00-00 00:00:00', '0000-00-00 00:00:00', 2),
(132, '04.09', 'Ventas de Servicios Gravados', 121, 0, 0, 4, '0000-00-00 00:00:00', '0000-00-00 00:00:00', 2),
(133, '04.10', 'Ventas de Bienes - Regimenes Especiales', 121, 0, 0, 4, '0000-00-00 00:00:00', '0000-00-00 00:00:00', 2),
(134, '04.11', 'Otras Ventas Exentas del IVA', 121, 0, 0, 4, '0000-00-00 00:00:00', '0000-00-00 00:00:00', 2),
(135, '04.98', '(-) DESCUENTOS CONCEDIDOS', 121, 1, 1, 4, '0000-00-00 00:00:00', '0000-00-00 00:00:00', 2),
(136, '04.99', '(-) DEVOLUCIONES', 121, 1, 1, 4, '0000-00-00 00:00:00', '0000-00-00 00:00:00', 2),
(137, '05', 'Costos Operativos', 0, 1, 1, 5, '0000-00-00 00:00:00', '2017-04-27 19:23:39', 1),
(138, '05.01', 'Costos de Mercaderias', 137, 1, 1, 5, '0000-00-00 00:00:00', '0000-00-00 00:00:00', 2),
(139, '05.01.01', 'Costos de Mercaderias Gravadas por el IVA', 138, 0, 1, 5, '0000-00-00 00:00:00', '0000-00-00 00:00:00', 3),
(140, '05.01.02', 'Costos de Mercaderias Exentas del IVA', 138, 0, 1, 5, '0000-00-00 00:00:00', '0000-00-00 00:00:00', 3),
(141, '08.01', 'Intereses Ganados', 180, 0, 1, 4, '0000-00-00 00:00:00', '2017-04-27 19:16:46', 2),
(142, '08.02', 'Intereses Ganados', 180, 0, 1, 4, '0000-00-00 00:00:00', '2017-04-27 19:17:13', 2),
(143, '08.03', 'Descuentos Obtenidos', 180, 0, 1, 4, '0000-00-00 00:00:00', '2017-04-27 19:17:42', 2),
(144, '08.04', 'Subvenciones', 121, 0, 0, 4, '0000-00-00 00:00:00', '0000-00-00 00:00:00', 2),
(145, '08.05', 'Resultado por Diferencia de Cambio', 180, 0, 1, 4, '0000-00-00 00:00:00', '2017-04-27 19:18:12', 2),
(146, '10.01', 'Sueldos y otras Remuneraciones al Personal', 181, 1, 1, 5, '0000-00-00 00:00:00', '2017-04-27 19:27:58', 2),
(147, '10.01.01', 'Sueldos y Jornales', 146, 0, 1, 5, '0000-00-00 00:00:00', '0000-00-00 00:00:00', 3),
(148, '10.01.02', 'Aporte Patronal', 146, 0, 1, 5, '0000-00-00 00:00:00', '0000-00-00 00:00:00', 3),
(149, '10.01.03', 'Otros Beneficios al Personal', 146, 0, 1, 5, '0000-00-00 00:00:00', '0000-00-00 00:00:00', 3),
(150, '10.02', 'Comisiones Pagadas Sobre venta', 181, 0, 1, 5, '0000-00-00 00:00:00', '2017-04-27 19:29:47', 2),
(151, '10.03', 'Viatico de Vendedores', 181, 0, 1, 5, '0000-00-00 00:00:00', '2017-04-27 19:30:26', 2),
(152, '10.04', 'Publicidad y Propaganda', 181, 0, 1, 5, '0000-00-00 00:00:00', '2017-04-27 19:30:52', 2),
(153, '10.05', 'Fletes Pagados', 181, 0, 1, 5, '0000-00-00 00:00:00', '2017-04-27 19:31:29', 2),
(154, '10.06', 'Otros Gastos de Ventas', 181, 0, 1, 5, '0000-00-00 00:00:00', '2017-04-27 19:44:49', 2),
(155, '11.01', 'Gastos y otras Remuneraciones al Personal', 182, 1, 1, 5, '0000-00-00 00:00:00', '0000-00-00 00:00:00', 2),
(156, '11.01.01', 'Sueldos y Jornales', 155, 0, 1, 5, '0000-00-00 00:00:00', '2017-04-27 19:48:13', 2),
(157, '11.01.02', 'Aporte Patronal', 155, 0, 1, 5, '0000-00-00 00:00:00', '0000-00-00 00:00:00', 3),
(158, '11.01.03', 'Otros Beneficios al Personal', 155, 0, 1, 5, '0000-00-00 00:00:00', '0000-00-00 00:00:00', 3),
(159, '11.02', 'Remuneracion Personal Superior', 182, 0, 1, 5, '0000-00-00 00:00:00', '0000-00-00 00:00:00', 2),
(160, '11.03', 'Gastos de Representacion', 182, 1, 1, 5, '0000-00-00 00:00:00', '0000-00-00 00:00:00', 2),
(161, '11.04', 'Honorarios Profesionales', 182, 1, 1, 5, '0000-00-00 00:00:00', '0000-00-00 00:00:00', 2),
(162, '11.05', 'Alquileres', 182, 1, 1, 5, '0000-00-00 00:00:00', '0000-00-00 00:00:00', 2),
(163, '11.06', 'Agua, Luz, Telefono e Internet', 182, 1, 1, 5, '0000-00-00 00:00:00', '0000-00-00 00:00:00', 2),
(164, '11.07', 'Movilidad', 182, 1, 1, 5, '0000-00-00 00:00:00', '0000-00-00 00:00:00', 2),
(165, '11.08', 'Combustibles y Lubricantes', 182, 1, 1, 5, '0000-00-00 00:00:00', '0000-00-00 00:00:00', 2),
(166, '11.09', 'Reparaciones y Mantenimiento', 182, 1, 1, 5, '0000-00-00 00:00:00', '0000-00-00 00:00:00', 2),
(168, '11.10', 'Seguros Pagados', 182, 1, 1, 5, '0000-00-00 00:00:00', '0000-00-00 00:00:00', 2),
(169, '11.11', 'Gastos No Deducibles', 182, 0, 1, 5, '0000-00-00 00:00:00', '2017-05-04 12:29:10', 2),
(170, '11.12', 'Gastos Pagados en el Exterior', 182, 1, 1, 5, '0000-00-00 00:00:00', '0000-00-00 00:00:00', 2),
(171, '11.13', 'Juicios y gastos Judiciales', 182, 1, 1, 5, '0000-00-00 00:00:00', '0000-00-00 00:00:00', 2),
(172, '11.14', 'Gastos de Cobranza', 182, 1, 1, 5, '0000-00-00 00:00:00', '0000-00-00 00:00:00', 2),
(173, '11.15', 'Donaciones y Contribuciones', 182, 1, 1, 5, '0000-00-00 00:00:00', '0000-00-00 00:00:00', 2),
(174, '11.16', 'Comisiones y gastos Bancarios Operacionales', 182, 1, 1, 5, '0000-00-00 00:00:00', '0000-00-00 00:00:00', 2),
(175, '11.17', 'Impuestos, Patentes, Tasas y otras Contribuciones', 182, 1, 1, 5, '0000-00-00 00:00:00', '0000-00-00 00:00:00', 2),
(176, '11.18', 'Multas y Sanciones', 182, 1, 1, 5, '0000-00-00 00:00:00', '0000-00-00 00:00:00', 2),
(177, '01.01.01.02.01', 'Caja Itá', 5, 0, 1, 1, '2017-04-27 02:05:24', '2017-04-28 02:49:25', 5),
(178, '08.06', 'Ingresos Extraordinarios', 180, 0, 1, 4, '0000-00-00 00:00:00', '2017-04-27 19:18:36', 2),
(180, '08', 'Otros Ingresos', 0, 1, 1, 4, '2017-04-27 19:15:19', '2017-04-27 19:15:19', 1),
(181, '10', 'Gastos de Ventas o Comercialización', 0, 1, 1, 5, '2017-04-27 19:21:43', '2017-04-27 19:21:43', 1),
(182, '11', 'Gastos de Administración', 0, 1, 1, 5, '2017-04-27 19:46:46', '2017-04-27 19:46:46', 1),
(183, '01.01.01.02.02', 'Caja Central', 5, 0, 1, 1, '2017-04-28 02:51:03', '2017-04-28 02:51:03', 5),
(184, '10.01.04', 'Anticipo de sueldo al personal', 146, 0, 1, 5, '2017-06-20 02:49:34', '2017-06-20 02:50:07', 3);

-- --------------------------------------------------------

--
-- Estructura de tabla para la tabla `contabilidad__tipocuentas`
--

CREATE TABLE `contabilidad__tipocuentas` (
  `id` int(10) UNSIGNED NOT NULL,
  `codigo` int(11) NOT NULL,
  `nombre` varchar(20) COLLATE utf8_unicode_ci NOT NULL,
  `created_at` timestamp NOT NULL DEFAULT '0000-00-00 00:00:00',
  `updated_at` timestamp NOT NULL DEFAULT '0000-00-00 00:00:00',
  `naturaleza_cuenta` varchar(255) COLLATE utf8_unicode_ci NOT NULL
) ENGINE=InnoDB DEFAULT CHARSET=utf8 COLLATE=utf8_unicode_ci;

--
-- Volcado de datos para la tabla `contabilidad__tipocuentas`
--

INSERT INTO `contabilidad__tipocuentas` (`id`, `codigo`, `nombre`, `created_at`, `updated_at`, `naturaleza_cuenta`) VALUES
(1, 1, 'Activo', '0000-00-00 00:00:00', '0000-00-00 00:00:00', 'deudor'),
(2, 2, 'Pasivo', '0000-00-00 00:00:00', '0000-00-00 00:00:00', 'acreedor'),
(3, 3, 'Patrimonio Neto', '0000-00-00 00:00:00', '0000-00-00 00:00:00', 'acreedor'),
(4, 4, 'Ingresos', '0000-00-00 00:00:00', '0000-00-00 00:00:00', 'acreedor'),
(5, 5, 'Egresos', '0000-00-00 00:00:00', '0000-00-00 00:00:00', 'deudor');

-- --------------------------------------------------------

--
-- Estructura de tabla para la tabla `cristales__categoriacristales`
--

CREATE TABLE `cristales__categoriacristales` (
  `id` int(10) UNSIGNED NOT NULL,
  `nombre` varchar(60) COLLATE utf8_unicode_ci NOT NULL,
  `created_at` timestamp NOT NULL DEFAULT '0000-00-00 00:00:00',
  `updated_at` timestamp NOT NULL DEFAULT '0000-00-00 00:00:00'
) ENGINE=InnoDB DEFAULT CHARSET=utf8 COLLATE=utf8_unicode_ci;

--
-- Volcado de datos para la tabla `cristales__categoriacristales`
--

INSERT INTO `cristales__categoriacristales` (`id`, `nombre`, `created_at`, `updated_at`) VALUES
(1, 'Multifocal', '0000-00-00 00:00:00', '0000-00-00 00:00:00'),
(2, 'Bifocal', '0000-00-00 00:00:00', '0000-00-00 00:00:00'),
(3, 'Monofocal', '0000-00-00 00:00:00', '0000-00-00 00:00:00');

-- --------------------------------------------------------

--
-- Estructura de tabla para la tabla `cristales__cristales`
--

CREATE TABLE `cristales__cristales` (
  `id` int(10) UNSIGNED NOT NULL,
  `nombre` varchar(60) COLLATE utf8_unicode_ci NOT NULL,
  `categoria_cristal_id` int(10) UNSIGNED NOT NULL,
  `created_at` timestamp NOT NULL DEFAULT '0000-00-00 00:00:00',
  `updated_at` timestamp NOT NULL DEFAULT '0000-00-00 00:00:00'
) ENGINE=InnoDB DEFAULT CHARSET=utf8 COLLATE=utf8_unicode_ci;

--
-- Volcado de datos para la tabla `cristales__cristales`
--

INSERT INTO `cristales__cristales` (`id`, `nombre`, `categoria_cristal_id`, `created_at`, `updated_at`) VALUES
(2, 'Blanco ESF', 1, '0000-00-00 00:00:00', '0000-00-00 00:00:00'),
(3, 'Blanco CIL', 1, '0000-00-00 00:00:00', '0000-00-00 00:00:00'),
(4, 'Fotocromático Esferico', 1, '0000-00-00 00:00:00', '2017-04-29 14:20:39'),
(5, 'Fotocromático Cilindrico', 1, '0000-00-00 00:00:00', '2017-04-29 14:21:08'),
(6, 'Anti Reflex', 1, '0000-00-00 00:00:00', '0000-00-00 00:00:00'),
(7, 'Fotocromático A.R.', 1, '0000-00-00 00:00:00', '2017-05-20 22:05:22'),
(8, 'Blanco ESF', 2, '0000-00-00 00:00:00', '0000-00-00 00:00:00'),
(9, 'Blanco CIL', 2, '0000-00-00 00:00:00', '0000-00-00 00:00:00'),
(10, 'Fotocromático Esférico', 2, '0000-00-00 00:00:00', '2017-04-29 14:23:34'),
(11, 'Fotocromático Cilíndrico', 2, '0000-00-00 00:00:00', '2017-04-29 14:23:53'),
(12, 'Anti Reflex', 2, '0000-00-00 00:00:00', '0000-00-00 00:00:00'),
(13, 'Fotocromático A.R.', 2, '0000-00-00 00:00:00', '2017-05-20 22:05:28'),
(14, 'Blanco', 3, '0000-00-00 00:00:00', '0000-00-00 00:00:00'),
(15, 'A.R.', 3, '0000-00-00 00:00:00', '0000-00-00 00:00:00'),
(16, 'Poly', 3, '0000-00-00 00:00:00', '0000-00-00 00:00:00'),
(17, 'Poly A.R.', 3, '0000-00-00 00:00:00', '0000-00-00 00:00:00'),
(18, 'Fotocromático', 3, '0000-00-00 00:00:00', '2017-04-29 14:20:05'),
(19, 'Fotocromático A.R.', 3, '2017-05-20 22:05:00', '2017-05-20 22:05:00');

-- --------------------------------------------------------

--
-- Estructura de tabla para la tabla `cristales__tipocristales`
--

CREATE TABLE `cristales__tipocristales` (
  `id` int(10) UNSIGNED NOT NULL,
  `nombre` varchar(60) COLLATE utf8_unicode_ci NOT NULL,
  `codigo` varchar(30) COLLATE utf8_unicode_ci NOT NULL,
  `categoria_cristal_id` int(10) UNSIGNED NOT NULL,
  `cristal_id` int(10) UNSIGNED NOT NULL,
  `descripcion` varchar(255) COLLATE utf8_unicode_ci NOT NULL,
  `precio_costo` bigint(20) NOT NULL,
  `precio_venta` bigint(20) NOT NULL,
  `activo` tinyint(1) NOT NULL,
  `created_at` timestamp NOT NULL DEFAULT '0000-00-00 00:00:00',
  `updated_at` timestamp NOT NULL DEFAULT '0000-00-00 00:00:00'
) ENGINE=InnoDB DEFAULT CHARSET=utf8 COLLATE=utf8_unicode_ci;

--
-- Volcado de datos para la tabla `cristales__tipocristales`
--

INSERT INTO `cristales__tipocristales` (`id`, `nombre`, `codigo`, `categoria_cristal_id`, `cristal_id`, `descripcion`, `precio_costo`, `precio_venta`, `activo`, `created_at`, `updated_at`) VALUES
(1, 'Esf. al 2.00', 'MON_ESF_2.00', 3, 14, 'Monofocal Blanco Esf. al 2.00', 16000, 100000, 1, '2017-04-29 14:28:48', '2017-05-20 18:40:10'),
(7, 'Esf. al 4.00', 'MON_ESF_4.00', 3, 14, 'Monofocal Blanco Esf. al 4.00', 18000, 110000, 1, '2017-05-13 23:49:35', '2017-05-20 18:40:35'),
(8, 'Esf. al 6.00', 'MON_ESF_6.00', 3, 14, 'Monofocal Blanco Esf. al 6.00', 25000, 150000, 1, '2017-05-14 14:37:59', '2017-05-20 18:42:59'),
(9, ' Esf. al 8.00', 'MON_ESF_8.00', 3, 14, 'Monofocal Blanco  Esf. al 8.00', 45000, 200000, 1, '2017-05-14 14:38:56', '2017-05-20 18:43:21'),
(10, 'Esf. al 10.00', 'MON_ESF_10.00', 3, 14, 'Monofocal Blanco Esf. al 10.00', 60000, 210000, 1, '2017-05-14 14:40:38', '2017-05-20 18:43:59'),
(11, 'Esf. al 12.00', 'MON_ESF_12.00', 3, 14, 'Monofocal Blanco Esf. al 12.00', 75000, 220000, 1, '2017-05-14 14:41:32', '2017-05-20 18:45:46'),
(12, 'Esf. al 14.00', 'MON_ESF_14.00', 3, 14, '', 0, 0, 1, '2017-05-14 14:42:00', '2017-05-14 14:42:00'),
(13, 'Esf. al 16.00', 'MON_ESF_16.00', 3, 14, '', 0, 0, 1, '2017-05-14 14:42:44', '2017-05-14 14:42:44'),
(14, 'Esf. al 18.00', 'MON_ESF_18.00', 3, 14, '', 0, 0, 1, '2017-05-14 14:43:21', '2017-05-14 14:43:21'),
(15, 'Esf. al 20.00', 'MON_ESF_20.00', 3, 14, '', 0, 0, 1, '2017-05-14 14:43:53', '2017-05-14 14:43:53'),
(16, '2.00 al 2.00', 'MON_ESF_2.00_2.00', 3, 14, 'Monofocal Blanco 2.00 al 2.00', 22000, 120000, 1, '2017-05-14 14:48:02', '2017-05-20 18:54:46'),
(17, '4.00 al 2.00', 'MON_ESF_4.00_2.00', 3, 14, 'Monofocal Blanco 4.00 al 2.00', 33000, 150000, 1, '2017-05-14 14:49:04', '2017-05-20 20:41:08'),
(18, '6.00 al 2.00', 'MON_ESF_6.00_2.00', 3, 14, 'Monofocal Blanco 6.00 al 2.00', 43000, 160000, 1, '2017-05-14 14:49:34', '2017-05-20 19:23:20'),
(19, '8.00 al 2.00', 'MON_ESF_8.00_2.00', 3, 14, 'Monofocal Blanco 8.00 al 2.00', 70000, 180000, 1, '2017-05-14 14:50:08', '2017-05-20 19:26:40'),
(20, '10.00 al 2.00', 'MON_ESF_10.00_2.00', 3, 14, 'Monofocal Blanco 10.00 al 2.00', 80000, 190000, 1, '2017-05-14 14:51:07', '2017-05-20 19:33:22'),
(21, '12.00 al 2.00', 'MON_ESF_12.00_2.00', 3, 14, 'Monofocal Blanco 12.00 al 2.00', 90000, 200000, 1, '2017-05-14 14:51:37', '2017-05-20 19:36:30'),
(22, '14.00 al 2.00', 'MON_ESF_14.00_2.00', 3, 14, '', 0, 0, 1, '2017-05-14 14:52:24', '2017-05-14 14:52:24'),
(23, '16.00 al 2.00', 'MON_ESF_16.00_2.00', 3, 14, '', 0, 0, 1, '2017-05-14 14:52:52', '2017-05-14 14:52:52'),
(24, '18.00 al 2.00', 'MON_ESF_18.00_2.00', 3, 14, '', 0, 0, 1, '2017-05-14 14:53:30', '2017-05-14 14:53:30'),
(25, '20.00 al 2.00', 'MON_ESF_20.00_2.00', 3, 14, '', 0, 0, 1, '2017-05-14 14:54:00', '2017-05-14 14:54:00'),
(26, '2.00 al 4.00', 'MON_ESF_2.00_4.00', 3, 14, 'Monofocal Blanco 2.00 al 4.00', 40000, 150000, 1, '2017-05-14 14:54:32', '2017-05-20 18:55:12'),
(27, '4.00 al 4.00', 'MON_ESF_4.00_4.00', 3, 14, 'Monofocal Blanco 4.00 al 4.00', 50000, 160000, 1, '2017-05-14 14:54:57', '2017-05-20 19:17:14'),
(28, '6.00 al 4.00', 'MON_ESF_6.00_4.00', 3, 14, 'Monofocal Blanco 6.00 al 4.00', 60000, 170000, 1, '2017-05-14 14:55:32', '2017-05-20 19:23:46'),
(29, '8.00 al 4.00', 'MON_ESF_8.00_4.00', 3, 14, 'Monofocal Blanco 8.00 al 4.00', 80000, 180000, 1, '2017-05-14 14:55:57', '2017-05-20 19:27:59'),
(30, '10.00 al 4.00', 'MON_ESF_10.00_4.00', 3, 14, 'Monofocal Blanco 10.00 al 4.00', 90000, 200000, 1, '2017-05-14 14:56:30', '2017-05-20 19:33:56'),
(31, 'Kriptok', 'BIF_KRIPTOK_ESF', 2, 8, 'Bifocal Blanco ESF Kriptok', 50000, 150000, 1, '2017-05-14 15:08:26', '2017-05-21 22:48:23'),
(32, 'Kriptok Base Especial', 'BIF_KRIP_BAS_ESPE_ESF', 2, 8, 'Bifocal Blanco ESF Kriptok Base Especial', 60000, 200000, 1, '2017-05-14 15:09:32', '2017-05-21 22:48:35'),
(33, 'Kriptok Invisible', 'BIF_KRIPTOP_INV_ESF', 2, 8, 'Bifocal Blanco ESF Kriptok Invisible', 70000, 160000, 1, '2017-05-14 15:10:35', '2017-05-21 22:48:19'),
(34, 'Kriptok Lenticular', 'BIF_KRIP_LENTIC_ESF', 2, 8, 'Bifocal Blanco ESF Kriptok Lenticular', 150000, 300000, 1, '2017-05-14 15:11:12', '2017-05-21 22:48:27'),
(35, 'ST', 'BIF_ST_ESF', 2, 8, 'Bifocal Blanco ESF ST', 50000, 170000, 1, '2017-05-14 15:11:39', '2017-05-21 22:48:15'),
(36, 'ST Base Especial', 'BIF_ST_BASE_ESPE_ESF', 2, 8, 'Bifocal Blanco ESF ST Base Especial', 80000, 200000, 1, '2017-05-14 15:12:21', '2017-05-21 22:48:10'),
(38, 'Progresivo Varilux', 'MULT_PROG_VARILUX_ESF', 1, 2, 'Multifocal Blanco ESF Progresivo Varilux', 0, 650000, 1, '2017-05-14 15:18:16', '2017-05-22 00:32:26'),
(39, 'Progresivo Visor Estandar alt 18', 'MULT_PROG_VISOR_ESTDR_18_ESF', 1, 2, 'Multifocal Blanco ESF Progresivo Visor Estandar alt 18', 120000, 280000, 1, '2017-05-14 15:18:42', '2017-05-22 00:31:52'),
(40, 'Progresivo Visor Corto alt 14', 'MULT_PROG_VISOR_CORTO_14_ESF', 1, 2, 'Multifocal Blanco ESF Progresivo Visor Corto alt 14', 130000, 300000, 1, '2017-05-14 15:19:13', '2017-05-22 00:31:49'),
(41, 'Progresivo Eclipse', 'MULT_PROG_ECLIPSE_ESF', 1, 2, 'Multifocal Blanco ESF Progresivo Eclipse', 160000, 350000, 1, '2017-05-14 15:19:39', '2017-05-22 00:32:32'),
(42, 'Progresivo Solamax', 'MULT_SOLAMAX_ESF', 1, 2, 'Multifocal Blanco ESF Progresivo Solamax', 300000, 450000, 1, '2017-05-14 15:20:42', '2017-05-22 00:32:21'),
(44, 'Esf. al 2.00', 'MON_AR_2.00', 3, 15, 'Monofocal A.R. Esf. al 2.00', 50000, 150000, 1, '2017-05-18 00:23:11', '2017-05-20 19:38:54'),
(45, 'Esf. al 4.00', 'MON_AR_4.00', 3, 15, 'Monofocal A.R. Esf. al 4.00', 60000, 170000, 1, '2017-05-18 00:24:48', '2017-05-20 19:39:06'),
(46, 'Esf. al 6.00', 'MON_AR_6.00', 3, 15, 'Monofocal A.R. Esf. al 6.00', 70000, 250000, 1, '2017-05-18 00:26:17', '2017-05-20 19:39:09'),
(47, 'Esf. al 8.00', 'MON_AR_8.00', 3, 15, 'Monofocal A.R. Esf. al 8.00', 150000, 300000, 1, '2017-05-18 00:27:18', '2017-05-20 19:39:13'),
(48, 'Esf. al 10.00', 'MON_AR_10.00', 3, 15, 'Monofocal A.R. Esf. al 10.00', 200000, 350000, 1, '2017-05-18 00:28:11', '2017-05-20 19:39:19'),
(49, 'Esf. al 12.00', 'MON_AR_12.00', 3, 15, 'Monofocal A.R. Esf. al 12.00', 200000, 380000, 1, '2017-05-18 00:29:24', '2017-05-20 19:39:25'),
(50, 'Esf. al 14.00', 'MON_AR_14.00', 3, 15, 'Monofocal A.R. Esf. al 14.00', 0, 400000, 1, '2017-05-18 00:34:02', '2017-05-20 19:40:41'),
(51, 'Esf. al 16.00', 'MON_AR_16.00', 3, 15, 'Monofocal A.R. Esf. al 16.00', 0, 450000, 1, '2017-05-18 00:34:51', '2017-05-20 19:40:44'),
(52, 'Esf. al 18.00', 'MON_AR_18.00', 3, 15, 'Multifocal Blanco ESF Esf. al 18.00', 0, 450000, 1, '2017-05-18 00:37:17', '2017-05-22 00:15:19'),
(53, 'Esf. al 20.00', 'MON_AR_2000', 3, 15, '', 0, 450000, 1, '2017-05-18 00:37:55', '2017-05-18 00:37:55'),
(54, '2.00 al 1.00', 'MON_AR_2.00_1.00', 3, 15, 'Monofocal A.R. 200 al 100', 65000, 150000, 1, '2017-05-18 01:17:31', '2017-05-20 19:45:38'),
(55, '2.00 al 2.00', 'MON_AR_2.00_2.00', 3, 15, 'Monofocal A.R. 200 al 200', 75000, 160000, 1, '2017-05-18 01:19:03', '2017-05-20 19:45:34'),
(56, '4.00 al 2.00', 'MON_AR_4.00_2.00', 3, 15, 'Monofocal A.R. 400 al 200', 95000, 180000, 1, '2017-05-18 01:21:49', '2017-05-20 19:59:12'),
(57, '6.00 al 2.00', 'MON_AR_6.00_2.00', 3, 15, 'Monofocal A.R. 600 al 200', 125000, 250000, 1, '2017-05-18 01:22:56', '2017-05-20 20:03:03'),
(58, '8.00 al 2.00', 'MON_AR_8.00_2.00', 3, 15, 'Monofocal A.R. 8.00 al 2.00', 180000, 280000, 1, '2017-05-18 01:24:51', '2017-05-20 20:08:58'),
(59, '10.00 al 2.00', 'MON_AR_10.00_2.00', 3, 15, 'Monofocal A.R. 10.00 al 2.00', 200000, 300000, 1, '2017-05-18 01:25:43', '2017-05-20 20:18:02'),
(60, '2.00 al 1.00', 'MON_ESF_2.00_1.00', 3, 14, 'Monofocal Blanco 2.00 al 1.00', 20000, 100000, 1, '2017-05-20 18:51:45', '2017-05-20 19:07:37'),
(61, '200 al 300', 'MON_ESF_2.00_3.00', 3, 14, '', 35000, 150000, 1, '2017-05-20 19:10:44', '2017-05-20 19:10:44'),
(62, '2.00 al 6.00', 'MON_ESF_2.00_6.00', 3, 14, '', 70000, 200000, 1, '2017-05-20 19:13:23', '2017-05-20 19:13:23'),
(63, '4.00 al 1.00', 'MON_ESF_4.00_1.00', 3, 14, '', 25000, 150000, 1, '2017-05-20 19:14:28', '2017-05-20 19:14:28'),
(64, '4.00 al 3.00', 'MON_ESF_4.00_3.00', 3, 14, '', 45000, 160000, 1, '2017-05-20 19:15:05', '2017-05-20 19:15:05'),
(65, '4.00 al 6.00', 'MON_ESF_4.00_6.00', 3, 14, '', 85000, 200000, 1, '2017-05-20 19:16:02', '2017-05-20 19:16:02'),
(66, '6.00 al 1.00', 'MON_ESF_6.00_1.00', 3, 14, '', 35000, 160000, 1, '2017-05-20 19:23:14', '2017-05-20 19:23:14'),
(67, '6.00 al 3.00', 'MON_ESF_6.00_3.00', 3, 14, '', 50000, 170000, 1, '2017-05-20 19:23:52', '2017-05-20 19:23:52'),
(68, '6.00 al 6.00', 'MON_ESF_6.00_6.00', 3, 14, '', 110000, 220000, 1, '2017-05-20 19:24:11', '2017-05-20 19:24:11'),
(69, '8.00 al 1.00', 'MON_ESF_8.00_1.00', 3, 14, '', 60000, 180000, 1, '2017-05-20 19:26:19', '2017-05-20 19:26:19'),
(70, '8.00 al 3.00', 'MON_ESF_8.00_3.00', 3, 14, '', 75000, 180000, 1, '2017-05-20 19:27:47', '2017-05-20 19:27:47'),
(71, '8.00 al 6.00', 'MON_ESF_8.00_6.00', 3, 14, '', 125000, 250000, 1, '2017-05-20 19:28:36', '2017-05-20 19:28:36'),
(72, '10.00 al 1.00', 'MON_ESF_10.00_1.00', 3, 14, '', 70000, 190000, 1, '2017-05-20 19:33:10', '2017-05-20 19:33:10'),
(73, '10.00 al 3.00', 'MON_ESF_10.00_3.00', 3, 14, '', 85000, 200000, 1, '2017-05-20 19:33:50', '2017-05-20 19:33:50'),
(74, '10.00 al 6.00', 'MON_ESF_10.00_6.00', 3, 14, '', 140000, 280000, 1, '2017-05-20 19:34:09', '2017-05-20 19:34:09'),
(75, '12.00 al 3.00', 'MON_ESF_12.00_3.00', 3, 14, '', 100000, 210000, 1, '2017-05-20 19:36:41', '2017-05-20 19:36:41'),
(76, '12.00 al 4.00', 'MON_ESF_12.00_4.00', 3, 14, '', 110000, 230000, 1, '2017-05-20 19:36:49', '2017-05-20 19:36:49'),
(77, '12.00 al 6.00', 'MON_ESF_12.00_6.00', 3, 14, '', 160000, 320000, 1, '2017-05-20 19:36:59', '2017-05-20 19:36:59'),
(78, '2.00 al 3.00', 'MON_AR_2.00_3.00', 3, 15, 'Monofocal A.R. 2.00 al 3.00', 140000, 350000, 1, '2017-05-20 19:50:53', '2017-05-20 19:54:11'),
(79, '2.00 al 4.00', 'MON_AR_2.00_4.00', 3, 15, 'Monofocal A.R. 2.00 al 4.00', 220000, 350000, 1, '2017-05-20 19:52:20', '2017-05-20 19:53:10'),
(80, '2.00 al 6.00', 'MON_AR_2.00_6.00', 3, 15, '', 250000, 400000, 1, '2017-05-20 19:53:44', '2017-05-20 19:53:44'),
(81, '4.00 al 1.00', 'MON_AR_4.00_1.00', 3, 15, '', 80000, 180000, 1, '2017-05-20 19:59:09', '2017-05-20 19:59:09'),
(82, '4.00 al 6.00', 'MON_AR_4.00_6.00', 3, 15, '', 260000, 400000, 1, '2017-05-20 19:59:54', '2017-05-20 19:59:54'),
(83, '4.00 al 4.00', 'MON_AR_4.00_4.00', 3, 15, '', 230000, 350000, 1, '2017-05-20 19:59:54', '2017-05-20 19:59:54'),
(84, '4.00 al 3.00', 'MON_AR_4.00_3.00', 3, 15, '', 160000, 350000, 1, '2017-05-20 20:00:05', '2017-05-20 20:00:05'),
(85, '6.00 al 1.00', 'MON_AR_6.00_1.00', 3, 15, '', 110000, 250000, 1, '2017-05-20 20:02:57', '2017-05-20 20:02:57'),
(86, '6.00 al 3.00', 'MON_AR_6.00_3.00', 3, 15, '', 170000, 350000, 1, '2017-05-20 20:03:23', '2017-05-20 20:03:23'),
(87, '6.00 al 4.00', 'MON_AR_6.00_4.00', 3, 15, '', 240000, 450000, 1, '2017-05-20 20:03:39', '2017-05-20 20:03:39'),
(88, '6.00 al 6.00', 'MON_AR_6.00_6.00', 3, 15, '', 270000, 520000, 1, '2017-05-20 20:04:15', '2017-05-20 20:04:15'),
(89, '8.00 al 1.00', 'MON_AR_8.00_1.00', 3, 15, '', 150000, 280000, 1, '2017-05-20 20:08:55', '2017-05-20 20:08:55'),
(90, '8.00 al 3.00', 'MON_AR_8.00_3.00', 3, 15, '', 200000, 350000, 1, '2017-05-20 20:09:20', '2017-05-20 20:09:20'),
(91, '8.00 al 4.00', 'MON_AR_8.00_4.00', 3, 15, 'Monofocal A.R. 8.00 al 4.00', 250000, 400000, 1, '2017-05-20 20:09:30', '2017-05-20 20:10:59'),
(92, '8.00 al 6.00', 'MON_AR_8.00_6.00', 3, 15, 'Monofocal A.R. 8.00 al 6.00', 280000, 490000, 1, '2017-05-20 20:11:19', '2017-05-20 20:11:51'),
(93, '10.00 al 1.00', 'MON_AR_10.00_1.00', 3, 15, '', 200000, 300000, 1, '2017-05-20 20:17:38', '2017-05-20 20:17:38'),
(94, '10.00 al 3.00', 'MON_AR_10.00_3.00', 3, 15, '', 220000, 360000, 1, '2017-05-20 20:18:04', '2017-05-20 20:18:04'),
(95, '10.00 al 4.00', 'MON_AR_10.00_4.00', 3, 15, '', 260000, 360000, 1, '2017-05-20 20:18:12', '2017-05-20 20:18:12'),
(96, '10.00 al 6.00', 'MON_AR_10.00_6.00', 3, 15, '', 300000, 410000, 1, '2017-05-20 20:18:16', '2017-05-20 20:18:16'),
(97, '12.00 al 1.00', 'MON_AR_12.00_1.00', 3, 15, '', 230000, 350000, 1, '2017-05-20 20:23:58', '2017-05-20 20:23:58'),
(98, '12.00 al 2.00', 'MON_AR_12.00_2.00', 3, 15, '', 230000, 350000, 1, '2017-05-20 20:24:00', '2017-05-20 20:24:00'),
(99, '12.00 al 3.00', 'MON_AR_12.00_3.00', 3, 15, '', 250000, 360000, 1, '2017-05-20 20:24:09', '2017-05-20 20:24:09'),
(100, '12.00 al 4.00', 'MON_AR_12.00_4.00', 3, 15, '', 300000, 400000, 1, '2017-05-20 20:24:16', '2017-05-20 20:24:16'),
(101, '12.00 al 6.00', 'MON_AR_12.00_6.00', 3, 15, '', 430000, 540000, 1, '2017-05-20 20:24:24', '2017-05-20 20:24:24'),
(102, 'Esf. al 2.00', 'MON_FOTO_2.00', 3, 18, 'Monofocal Poly Esf. al 2.00', 170000, 250000, 1, '2017-05-20 21:12:47', '2017-05-20 21:53:55'),
(103, 'Esf. al 4.00', 'MON_FOTO_4.00', 3, 18, 'Monofocal Poly Esf. al 4.00', 180000, 280000, 1, '2017-05-20 21:12:50', '2017-05-20 21:52:55'),
(104, 'Esf. al 6.00', 'MON_FOTO_6.00', 3, 18, 'Monofocal Poly Esf. al 6.00', 190000, 350000, 1, '2017-05-20 21:12:54', '2017-05-20 21:51:52'),
(105, 'Esf. al 8.00', 'MON_FOTO_8.00', 3, 18, 'Monofocal Poly Esf. al 8.00', 200000, 350000, 1, '2017-05-20 21:12:57', '2017-05-20 21:49:58'),
(106, 'Esf. al 10.00', 'MON_FOTO_10.00', 3, 18, 'Monofocal Poly Esf. al 10.00', 230000, 350000, 1, '2017-05-20 21:12:59', '2017-05-20 21:55:36'),
(107, 'Esf. al 12.00', 'MON_FOTO_12.00', 3, 18, 'Monofocal Poly Esf. al 12.00', 230000, 500000, 1, '2017-05-20 21:13:03', '2017-05-20 21:54:31'),
(108, '2.00 al 1.00', 'MON_FOTO_2.00_1.00', 3, 18, 'Monofocal Poly 2.00 al 1.00', 180000, 250000, 1, '2017-05-20 21:20:08', '2017-05-20 21:53:50'),
(109, '2.00 al 2.00', 'MON_FOTO_2.00_2.00', 3, 18, 'Monofocal Poly 2.00 al 2.00', 210000, 300000, 1, '2017-05-20 21:20:09', '2017-05-20 21:53:43'),
(110, '2.00 al 3.00', 'MON_FOTO_2.00_3.00', 3, 18, 'Multifocal Blanco ESF 2.00 al 3.00', 220000, 350000, 1, '2017-05-20 21:22:43', '2017-05-20 21:53:35'),
(111, '2.00 al 4.00', 'MON_FOTO_2.00_4.00', 3, 18, 'Multifocal Blanco ESF 2.00 al 4.00', 300000, 350000, 1, '2017-05-20 21:23:02', '2017-05-20 21:53:27'),
(112, '2.00 al 6.00', 'MON_FOTO_2.00_6.00', 3, 18, 'Monofocal Poly 2.00 al 6.00', 320000, 450000, 1, '2017-05-20 21:23:53', '2017-05-20 21:53:00'),
(113, '4.00 al 1.00', 'MON_FOTO_4.00_1.00', 3, 18, 'Monofocal Poly 4.00 al 1.00', 210000, 300000, 1, '2017-05-20 21:24:14', '2017-05-20 21:56:27'),
(114, '4.00 al 2.00', 'MON_FOTO_4.00_2.00', 3, 18, 'Monofocal Poly 4.00 al 2.00', 220000, 300000, 1, '2017-05-20 21:24:28', '2017-05-20 21:52:21'),
(115, '4.00 al 3.00', 'MON_FOTO_4.00_3.00', 3, 18, 'Monofocal Poly 4.00 al 3.00', 240000, 360000, 1, '2017-05-20 21:26:13', '2017-05-20 21:52:14'),
(116, '4.00 al 4.00', 'MON_FOTO_4.00_4.00', 3, 18, 'Monofocal Poly 4.00 al 4.00', 320000, 380000, 1, '2017-05-20 21:26:37', '2017-05-20 21:52:08'),
(117, '4.00 al 6.00', 'MON_FOTO_4.00_6.00', 3, 18, 'Monofocal Poly 4.00 al 6.00', 340000, 450000, 1, '2017-05-20 21:27:06', '2017-05-20 21:52:02'),
(118, '6.00 al 1.00', 'MON_FOTO_6.00_1.00', 3, 18, 'Monofocal Poly 6.00 al 1.00', 220000, 300000, 1, '2017-05-20 21:36:01', '2017-05-20 21:51:43'),
(119, '6.00 al 2.00', 'MON_FOTO_6.00_2.00', 3, 18, 'Monofocal Poly 6.00 al 2.00', 230000, 300000, 1, '2017-05-20 21:36:13', '2017-05-20 21:51:35'),
(120, '6.00 al 3.00', 'MON_FOTO_6.00_3.00', 3, 18, 'Monofocal Poly 6.00 al 3.00', 260000, 400000, 1, '2017-05-20 21:36:33', '2017-05-20 21:51:28'),
(121, '6.00 al 4.00', 'MON_FOTO_6.00_4.00', 3, 18, 'Monofocal Poly 6.00 al 4.00', 340000, 400000, 1, '2017-05-20 21:36:42', '2017-05-20 21:51:18'),
(122, '6.00 al 6.00', 'MON_FOTO_6.00_6.00', 3, 18, 'Monofocal Poly 6.00 al 6.00', 360000, 500000, 1, '2017-05-20 21:36:54', '2017-05-20 21:50:08'),
(123, '8.00 al 1.00', 'MON_FOTO_8.00_1.00', 3, 18, 'Monofocal Poly 8.00 al 1.00', 230000, 350000, 1, '2017-05-20 21:37:13', '2017-05-20 21:49:51'),
(124, '8.00 al 2.00', 'MON_FOTO_8.00_2.00', 3, 18, 'Monofocal Poly 8.00 al 2.00', 300000, 350000, 1, '2017-05-20 21:37:28', '2017-05-20 21:49:44'),
(125, '8.00 al 3.00', 'MON_FOTO_8.00_3.00', 3, 18, 'Monofocal Poly 8.00 al 3.00', 280000, 400000, 1, '2017-05-20 21:37:50', '2017-05-20 21:49:38'),
(126, '8.00 al 4.00', 'MON_FOTO_8.00_4.00', 3, 18, 'Monofocal Poly 8.00 al 4.00', 360000, 400000, 1, '2017-05-20 21:38:07', '2017-05-20 21:49:30'),
(127, '8.00 al 6.00', 'MON_FOTO_8.00_6.00', 3, 18, 'Monofocal Poly 8.00 al 6.00', 380000, 450000, 1, '2017-05-20 21:38:26', '2017-05-20 21:49:19'),
(128, '10.00 al 1.00', 'MON_FOTO_10.00_1.00', 3, 18, 'Monofocal Poly 10.00 al 1.00', 250000, 350000, 1, '2017-05-20 21:42:37', '2017-05-20 21:55:29'),
(129, '10.00 al 2.00', 'MON_FOTO_10.00_2.00', 3, 18, 'Monofocal Poly 10.00 al 2.00', 300000, 350000, 1, '2017-05-20 21:42:49', '2017-05-20 21:55:17'),
(130, '10.00 al 3.00', 'MON_FOTO_10.00_3.00', 3, 18, 'Monofocal Poly 10.00 al 3.00', 300000, 500000, 1, '2017-05-20 21:43:18', '2017-05-20 21:54:48'),
(131, '10.00 al 4.00', 'MON_FOTO_10.00_4.00', 3, 18, 'Monofocal Poly 10.00 al 4.00', 380000, 500000, 1, '2017-05-20 21:43:52', '2017-05-20 21:54:42'),
(132, '10.00 al 6.00', 'MON_FOTO_10.00_6.00', 3, 18, 'Monofocal Poly 10.00 al 6.00', 400000, 500000, 1, '2017-05-20 21:44:11', '2017-05-20 21:54:36'),
(133, '12.00 al 2.00', 'MON_FOTO_12.00_2.00', 3, 18, 'Monofocal Poly 12.00 al 2.00', 350000, 450000, 1, '2017-05-20 21:44:55', '2017-05-20 21:54:24'),
(134, '12.00 al 3.00', 'MON_FOTO_12.00_3.00', 3, 18, 'Monofocal Poly 12.00 al 3.00', 350000, 450000, 1, '2017-05-20 21:45:15', '2017-05-20 21:54:14'),
(135, '12.00 al 4.00', 'MON_FOTO_12.00_4.00', 3, 18, 'Monofocal Poly 12.00 al 4.00', 400000, 450000, 1, '2017-05-20 21:45:23', '2017-05-20 21:54:06'),
(136, '12.00 al 6.00', 'MON_FOTO_12.00_6.00', 3, 18, 'Monofocal Poly 12.00 al 6.00', 430000, 480000, 1, '2017-05-20 21:45:32', '2017-05-20 21:54:01'),
(137, 'Esf. al 2.00', 'MON_POLY_2.00', 3, 16, '', 60000, 160000, 1, '2017-05-20 22:01:01', '2017-05-20 22:01:01'),
(138, 'Esf. al 4.00', 'MON_POLY_4.00', 3, 16, '', 70000, 170000, 1, '2017-05-20 22:01:15', '2017-05-20 22:01:15'),
(139, 'Esf. al 6.00', 'MON_POLY_6.00', 3, 16, '', 90000, 180000, 1, '2017-05-20 22:01:25', '2017-05-20 22:01:25'),
(140, '2.00 al 1.00', 'MON_POLY_2.00_1.00', 3, 16, '', 70000, 170000, 1, '2017-05-20 22:01:38', '2017-05-20 22:01:38'),
(141, '2.00 al 2.00', 'MON_POLY_2.00_2.00', 3, 16, '', 80000, 180000, 1, '2017-05-20 22:01:45', '2017-05-20 22:01:45'),
(142, '4.00 al 1.00', 'MON_POLY_4.00_1.00', 3, 16, 'Monofocal Poly 4.00 al 1.00', 120000, 220000, 1, '2017-05-20 22:01:59', '2017-05-20 22:03:28'),
(143, '4.00 al 2.00', 'MON_POLY_4.00_2.00', 3, 16, '', 135000, 235000, 1, '2017-05-20 22:02:28', '2017-05-20 22:02:28'),
(144, '6.00 al 1.00', 'MON_POLY_6.00_1.00', 3, 16, '', 150000, 250000, 1, '2017-05-20 22:02:48', '2017-05-20 22:02:48'),
(145, '6.00 al 2.00', 'MON_POLY_6.00_2.00', 3, 16, '', 150000, 250000, 1, '2017-05-20 22:02:54', '2017-05-20 22:02:54'),
(146, 'Esf. al 2.00', 'MON_FOTO_AR_2.00', 3, 19, '', 220000, 340000, 1, '2017-05-21 21:15:34', '2017-05-21 21:15:34'),
(147, 'Esf. al 4.00', 'MON_FOTO_AR_4.00', 3, 19, '', 250000, 350000, 1, '2017-05-21 21:15:37', '2017-05-21 21:15:37'),
(148, 'Esf. al 6.00', 'MON_FOTO_AR_6.00', 3, 19, '', 270000, 370000, 1, '2017-05-21 21:15:44', '2017-05-21 21:15:44'),
(149, 'Esf. al 8.00', 'MON_FOTO_AR_8.00', 3, 19, '', 330000, 450000, 1, '2017-05-21 21:15:47', '2017-05-21 21:15:47'),
(150, 'Esf. al 10.00', 'MON_FOTO_AR_10.00', 3, 19, '', 400000, 550000, 1, '2017-05-21 21:15:50', '2017-05-21 21:15:50'),
(151, 'Esf. al 12.00', 'MON_FOTO_AR_12.00', 3, 19, '', 400000, 550000, 1, '2017-05-21 21:15:54', '2017-05-21 21:15:54'),
(152, '2.00 al 1.00', 'MON_FOTO_AR_2.00_1.00', 3, 19, '', 250000, 370000, 1, '2017-05-21 21:27:52', '2017-05-21 21:27:52'),
(153, '2.00 al 2.00', 'MON_FOTO_AR_2.00_2.00', 3, 19, '', 260000, 370000, 1, '2017-05-21 21:28:12', '2017-05-21 21:28:12'),
(154, '2.00 al 3.00', 'MON_FOTO_AR_2.00_3.00', 3, 19, '', 270000, 380000, 1, '2017-05-21 21:29:13', '2017-05-21 21:29:13'),
(155, '2.00 al 4.00', 'MON_FOTO_AR_2.00_4.00', 3, 19, '', 350000, 460000, 1, '2017-05-21 21:29:29', '2017-05-21 21:29:29'),
(156, '2.00 al 6.00', 'MON_FOTO_AR_2.00_6.00', 3, 19, '', 370000, 490000, 1, '2017-05-21 21:29:36', '2017-05-21 21:29:36'),
(157, '4.00 al 1.00', 'MON_FOTO_AR_4.00_1.00', 3, 19, '', 260000, 370000, 1, '2017-05-21 21:29:48', '2017-05-21 21:29:48'),
(158, '4.00 al 2.00', 'MON_FOTO_AR_4.00_2.00', 3, 19, '', 270000, 380000, 1, '2017-05-21 21:29:55', '2017-05-21 21:29:55'),
(159, '4.00 al 3.00', 'MON_FOTO_AR_4.00_3.00', 3, 19, '', 280000, 390000, 1, '2017-05-21 21:30:05', '2017-05-21 21:30:05'),
(160, '4.00 al 4.00', 'MON_FOTO_AR_4.00_4.00', 3, 19, '', 370000, 480000, 1, '2017-05-21 21:30:10', '2017-05-21 21:30:10'),
(161, '4.00 al 6.00', 'MON_FOTO_AR_4.00_6.00', 3, 19, '', 390000, 550000, 1, '2017-05-21 21:30:20', '2017-05-21 21:30:20'),
(162, '6.00 al 1.00', 'MON_FOTO_AR_6.00_1.00', 3, 19, '', 270000, 380000, 1, '2017-05-21 21:45:08', '2017-05-21 21:45:08'),
(163, '6.00 al 2.00', 'MON_FOTO_AR_6.00_2.00', 3, 19, '', 280000, 390000, 1, '2017-05-21 21:45:15', '2017-05-21 21:45:15'),
(164, '6.00 al 3.00', 'MON_FOTO_AR_6.00_3.00', 3, 19, '', 300000, 410000, 1, '2017-05-21 21:45:21', '2017-05-21 21:45:21'),
(165, '6.00 al 4.00', 'MON_FOTO_AR_6.00_4.00', 3, 19, '', 390000, 500000, 1, '2017-05-21 21:45:30', '2017-05-21 21:45:30'),
(166, '6.00 al 6.00', 'MON_FOTO_AR_6.00_6.00', 3, 19, '', 400000, 510000, 1, '2017-05-21 21:45:35', '2017-05-21 21:45:35'),
(167, '8.00 al 1.00', 'MON_FOTO_AR_8.00_1.00', 3, 19, '', 300000, 400000, 1, '2017-05-21 21:45:44', '2017-05-21 21:45:44'),
(168, '8.00 al 2.00', 'MON_FOTO_AR_8.00_2.00', 3, 19, '', 320000, 430000, 1, '2017-05-21 21:45:50', '2017-05-21 21:45:50'),
(169, '8.00 al 3.00', 'MON_FOTO_AR_8.00_3.00', 3, 19, '', 350000, 460000, 1, '2017-05-21 21:45:56', '2017-05-21 21:45:56'),
(170, '8.00 al 4.00', 'MON_FOTO_AR_8.00_4.00', 3, 19, '', 400000, 510000, 1, '2017-05-21 21:46:02', '2017-05-21 21:46:02'),
(171, '8.00 al 6.00', 'MON_FOTO_AR_8.00_6.00', 3, 19, '', 430000, 440000, 1, '2017-05-21 21:46:08', '2017-05-21 21:46:08'),
(172, '10.00 al 1.00', 'MON_FOTO_AR_10.00_1.00', 3, 19, 'Multifocal Blanco ESF 10.00 al 1.00', 350000, 460000, 1, '2017-05-21 21:50:39', '2017-05-22 00:14:57'),
(173, '10.00 al 2.00', 'MON_FOTO_AR_10.00_2.00', 3, 19, 'Multifocal Blanco ESF 10.00 al 2.00', 350000, 460000, 1, '2017-05-21 21:50:46', '2017-05-22 00:14:49'),
(174, '10.00 al 3.00', 'MON_FOTO_AR_10.00_3.00', 3, 19, '', 350000, 460000, 1, '2017-05-21 21:50:59', '2017-05-21 21:50:59'),
(175, '10.00 al 4.00', 'MON_FOTO_AR_10.00_4.00', 3, 19, '', 450000, 560000, 1, '2017-05-21 21:51:14', '2017-05-21 21:51:14'),
(176, '10.00 al 6.00', 'MON_FOTO_AR_10.00_6.00', 3, 19, '', 470000, 580000, 1, '2017-05-21 21:51:29', '2017-05-21 21:51:29'),
(177, '12.00 al 1.00', 'MON_FOTO_AR_12.00_1.00', 3, 19, '', 400000, 510000, 1, '2017-05-21 21:51:47', '2017-05-21 21:51:47'),
(178, '12.00 al 2.00', 'MON_FOTO_AR_12.00_2.00', 3, 19, '', 400000, 510000, 1, '2017-05-21 21:52:11', '2017-05-21 21:52:11'),
(179, '12.00 al 3.00', 'MON_FOTO_AR_12.00_3.00', 3, 19, '', 400000, 510000, 1, '2017-05-21 21:52:27', '2017-05-21 21:52:27'),
(180, '12.00 al 4.00', 'MON_FOTO_AR_12.00_4.00', 3, 19, '', 490000, 600000, 1, '2017-05-21 21:52:44', '2017-05-21 21:52:44'),
(181, '12.00 al 6.00', 'MON_FOTO_AR_12.00_6.00', 3, 19, '', 490000, 600000, 1, '2017-05-21 21:52:58', '2017-05-21 21:52:58'),
(182, 'Esf. al 2.00', 'MON_POLY_AR_2.00', 3, 17, '', 120000, 240000, 1, '2017-05-21 22:00:08', '2017-05-21 22:00:08'),
(183, 'Esf. al 4.00', 'MON_POLY_AR_4.00', 3, 17, '', 130000, 260000, 1, '2017-05-21 22:00:17', '2017-05-21 22:00:17'),
(184, 'Esf. al 6.00', 'MON_POLY_AR_6.00', 3, 17, '', 150000, 300000, 1, '2017-05-21 22:00:38', '2017-05-21 22:00:38'),
(185, 'Esf. al 8.00', 'MON_POLY_AR_8.00', 3, 17, '', 200000, 400000, 1, '2017-05-21 22:00:52', '2017-05-21 22:00:52'),
(186, 'Esf. al 10.00', 'MON_POLY_AR_10.00', 3, 17, '', 220000, 440000, 1, '2017-05-21 22:01:01', '2017-05-21 22:01:01'),
(187, 'Esf. al 12.00', 'MON_POLY_AR_12.00', 3, 17, 'Monofocal Poly A.R. Esf. al 12.00', 220000, 450000, 1, '2017-05-21 22:01:21', '2017-05-21 22:01:58'),
(188, '2.00 al 1.00', 'MON_POLY_AR_2.00_1.00', 3, 17, '', 130000, 260000, 1, '2017-05-21 22:03:08', '2017-05-21 22:03:08'),
(189, '2.00 al 2.00', 'MON_POLY_AR_2.00_2.00', 3, 17, '', 140000, 280000, 1, '2017-05-21 22:03:21', '2017-05-21 22:03:21'),
(190, '2.00 al 3.00', 'MON_POLY_AR_2.00_3.00', 3, 17, '', 180000, 360000, 1, '2017-05-21 22:03:40', '2017-05-21 22:03:40'),
(191, '2.00 al 4.00', 'MON_POLY_AR_2.00_4.00', 3, 17, '', 260000, 420000, 1, '2017-05-21 22:03:55', '2017-05-21 22:03:55'),
(192, '2.00 al 6.00', 'MON_POLY_AR_2.00_6.00', 3, 17, '', 270000, 440000, 1, '2017-05-21 22:04:06', '2017-05-21 22:04:06'),
(193, '4.00 al 1.00', 'MON_POLY_AR_4.00_1.00', 3, 17, 'Monofocal Poly A.R. 4.00 al 1.00', 140000, 250000, 1, '2017-05-21 22:08:28', '2017-05-21 22:21:19'),
(194, '4.00 al 2.00', 'MON_POLY_AR_4.00_2.00', 3, 17, 'Monofocal Poly A.R. 4.00 al 2.00', 150000, 350000, 1, '2017-05-21 22:08:37', '2017-05-21 22:21:59'),
(195, '4.00 al 3.00', 'MON_POLY_AR_4.00_3.00', 3, 17, '', 190000, 380000, 1, '2017-05-21 22:08:50', '2017-05-21 22:08:50'),
(196, '4.00 al 4.00', 'MON_POLY_AR_4.00_4.00', 3, 17, 'Monofocal Poly A.R. 4.00 al 4.00', 270000, 460000, 1, '2017-05-21 22:09:00', '2017-05-21 22:22:56'),
(197, '4.00 al 6.00', 'MON_POLY_AR_4.00_6.00', 3, 17, 'Monofocal Poly A.R. 4.00 al 6.00', 290000, 550000, 1, '2017-05-21 22:09:17', '2017-05-21 22:22:35'),
(198, '6.00 al 1.00', 'MON_POLY_AR_6.00_1.00', 3, 17, 'Monofocal Poly A.R. 6.00 al 1.00', 160000, 270000, 1, '2017-05-21 22:13:24', '2017-05-21 22:20:13'),
(199, '6.00 al 2.00', 'MON_POLY_AR_6.00_2.00', 3, 17, 'Monofocal Poly A.R. 6.00 al 2.00', 180000, 290000, 1, '2017-05-21 22:13:39', '2017-05-21 22:20:23'),
(200, '6.00 al 3.00', 'MON_POLY_AR_6.00_3.00', 3, 17, 'Monofocal Poly A.R. 6.00 al 3.00', 200000, 310000, 1, '2017-05-21 22:13:51', '2017-05-21 22:20:29'),
(201, '6.00 al 4.00', 'MON_POLY_AR_6.00_4.00', 3, 17, 'Monofocal Poly A.R. 6.00 al 4.00', 280000, 390000, 1, '2017-05-21 22:14:03', '2017-05-21 22:20:39'),
(202, '6.00 al 6.00', 'MON_POLY_AR_6.00_6.00', 3, 17, 'Monofocal Poly A.R. 6.00 al 6.00', 300000, 500000, 1, '2017-05-21 22:14:18', '2017-05-21 22:20:49'),
(203, '8.00 al 1.00', 'MON_POLY_AR_8.00_1.00', 3, 17, 'Monofocal Poly A.R. 8.00 al 1.00', 180000, 290000, 1, '2017-05-21 22:16:36', '2017-05-21 22:19:17'),
(204, '8.00 al 2.00', 'MON_POLY_AR_8.00_2.00', 3, 17, 'Monofocal Poly A.R. 8.00 al 2.00', 250000, 360000, 1, '2017-05-21 22:17:41', '2017-05-21 22:19:27'),
(205, '8.00 al 3.00', 'MON_POLY_AR_8.00_3.00', 3, 17, 'Monofocal Poly A.R. 8.00 al 3.00', 220000, 340000, 1, '2017-05-21 22:17:57', '2017-05-21 22:19:37'),
(206, '8.00 al 4.00', 'MON_POLY_AR_8.00_4.00', 3, 17, '', 290000, 400000, 1, '2017-05-21 22:18:05', '2017-05-21 22:18:05'),
(207, '8.00 al 6.00', 'MON_POLY_AR_8.00_6.00', 3, 17, '', 320000, 500000, 1, '2017-05-21 22:18:21', '2017-05-21 22:18:21'),
(208, '12.00 al 1.00', 'MON_POLY_AR_12.00_1.00', 3, 17, 'Monofocal Poly A.R. 10.00 al .00', 300000, 410000, 1, '2017-05-21 22:30:54', '2017-05-21 22:33:03'),
(209, '10.00 al 1.00', 'MON_POLY_AR_10.00_1.00', 3, 17, '', 200000, 310000, 1, '2017-05-21 22:31:59', '2017-05-21 22:31:59'),
(210, '10.00 al 2.00', 'MON_POLY_AR_10.00_2.00', 3, 17, '', 250000, 360000, 1, '2017-05-21 22:32:14', '2017-05-21 22:32:14'),
(211, '10.00 al 3.00', 'MON_POLY_AR_10.00_3.00', 3, 17, '', 260000, 400000, 1, '2017-05-21 22:32:24', '2017-05-21 22:32:24'),
(212, '10.00 al 4.00', 'MON_POLY_AR_10.00_4.00', 3, 17, '', 300000, 430000, 1, '2017-05-21 22:32:36', '2017-05-21 22:32:36'),
(213, '10.00 al 6.00', 'MON_POLY_AR_10.00_6.00', 3, 17, '', 400000, 550000, 1, '2017-05-21 22:32:46', '2017-05-21 22:32:46'),
(214, '12.00 al 2.00', 'MON_POLY_AR_12.00_2.00', 3, 17, '', 300000, 410000, 1, '2017-05-21 22:33:09', '2017-05-21 22:33:09'),
(215, '12.00 al 3.00', 'MON_POLY_AR_12.00_3.00', 3, 17, '', 330000, 440000, 1, '2017-05-21 22:33:19', '2017-05-21 22:33:19'),
(216, '12.00 al 4.00', 'MON_POLY_AR_12.00_4.00', 3, 17, '', 320000, 450000, 1, '2017-05-21 22:33:28', '2017-05-21 22:33:28'),
(217, '12.00 al 6.00', 'MON_POLY_AR_12.00_6.00', 3, 17, '', 400000, 550000, 1, '2017-05-21 22:33:37', '2017-05-21 22:33:37'),
(218, 'Kriptok', 'BIF_KRIPTOK_CIL', 2, 9, '', 55000, 180000, 1, '2017-05-21 22:58:17', '2017-05-21 22:58:17'),
(219, 'Kriptok Base Especial', 'BIF_KRIP_BAS_ESPE_CIL', 2, 9, '', 80000, 230000, 1, '2017-05-21 22:58:30', '2017-05-21 22:58:30'),
(220, 'Kriptok Invisible', 'BIF_KRIPTOP_INV_CIL', 2, 9, '', 70000, 190000, 1, '2017-05-21 22:58:54', '2017-05-21 22:58:54'),
(221, 'ST Base Especial', 'BIF_ST_BASE_ESPE_CIL', 2, 9, '', 90000, 230000, 1, '2017-05-21 23:02:42', '2017-05-21 23:02:42'),
(222, 'ST', 'BIF_ST_CIL', 2, 9, '', 60000, 200000, 1, '2017-05-21 23:02:44', '2017-05-21 23:02:44'),
(223, 'Lenticular', 'BIF_LENTIC_CIL', 2, 9, 'Multifocal Blanco ESF Lenticular', 0, 250000, 1, '2017-05-21 23:03:30', '2017-05-21 23:04:32'),
(224, 'Kriptok Lenticular', 'BIF_KRIP_LENTIC_CIL', 2, 9, '', 0, 300000, 1, '2017-05-21 23:03:34', '2017-05-21 23:03:34'),
(225, 'Lenticular', 'BIF_LENTIC_ESF', 2, 8, '', 0, 240000, 1, '2017-05-21 23:08:02', '2017-05-21 23:08:02'),
(226, 'Kriptok', 'BIF_FOTO_KRIP_ESF', 2, 10, '', 280000, 400000, 1, '2017-05-21 23:20:39', '2017-05-21 23:20:39'),
(227, 'ST Base Especial', 'BIF_FOTO_ST_BAS_ESPE_ESF', 2, 10, '', 360000, 450000, 1, '2017-05-21 23:23:03', '2017-05-21 23:23:03'),
(228, 'ST Base Especial', 'BIF_FOTO_ST_BAS_ESPE_CIL', 2, 11, '', 360000, 500000, 1, '2017-05-21 23:23:09', '2017-05-21 23:23:09'),
(229, 'ST', 'BIF_FOTO_ST_ESF', 2, 10, '', 290000, 430000, 1, '2017-05-21 23:26:26', '2017-05-21 23:26:26'),
(230, 'ST', 'BIF_FOTO_ST_CIL', 2, 11, '', 290000, 470000, 1, '2017-05-21 23:26:33', '2017-05-21 23:26:33'),
(231, 'Kriptok', 'BIF_FOTO_KRIP_CIL', 2, 11, '', 280000, 450000, 1, '2017-05-22 00:06:37', '2017-05-22 00:06:37'),
(232, 'Kriptok', 'BIF_KRIPTOK_AR', 2, 12, '', 140000, 280000, 1, '2017-05-22 00:08:36', '2017-05-22 00:08:36'),
(233, 'Kriptok', 'BIF_KRIPTOK_FOTO_AR', 2, 13, '', 380000, 550000, 1, '2017-05-22 00:08:42', '2017-05-22 00:08:42'),
(234, 'ST', 'BIF_ST_AR', 2, 12, '', 0, 330000, 1, '2017-05-22 00:10:08', '2017-05-22 00:10:08'),
(235, 'ST', 'BIF_ST_FOTO_AR', 2, 13, '', 0, 550000, 1, '2017-05-22 00:10:16', '2017-05-22 00:10:16'),
(236, 'Progresivo Visor Estandar alt 18', 'MULT_PROG_VISOR_ESTDR_18_CIL', 1, 3, '', 125000, 300000, 1, '2017-05-22 00:35:21', '2017-05-22 00:35:21'),
(237, 'Progresivo Visor Corto alt 14', 'MULT_PROG_VISOR_CORTO_14_CIL', 1, 3, '', 135000, 350000, 1, '2017-05-22 00:35:55', '2017-05-22 00:35:55'),
(238, 'Progresivo Eclipse', 'MULT_PROG_ECLIPSE_CIL', 1, 3, '', 160000, 400000, 1, '2017-05-22 00:36:07', '2017-05-22 00:36:07'),
(239, 'Progresivo Solamax', 'MULT_SOLAMAX_CIL', 1, 3, '', 310000, 500000, 1, '2017-05-22 00:36:18', '2017-05-22 00:36:18'),
(240, 'Progresivo Varilux', 'MULT_PROG_VARILUX_CIL', 1, 3, '', 0, 0, 1, '2017-05-22 00:36:26', '2017-05-22 00:36:26'),
(241, 'Progresivo Visor Estandar alt 18', 'MULT_PROG_ESTDR_18_FOTO_ESF', 1, 4, 'Multifocal Fotocromático Esferico Progresivo Visor Estandar alt 18', 380000, 600000, 1, '2017-05-22 00:43:04', '2017-05-22 00:51:29'),
(243, 'Progresivo Visor Corto alt 14', 'MULT_PROG_CORTO_14_FOTO_CIL', 1, 5, 'Multifocal Fotocromático Cilindrico Progresivo Visor Corto alt 14', 390000, 650000, 1, '2017-05-22 00:43:36', '2017-05-22 00:51:41'),
(245, 'Progresivo Eclipse', 'MULT_PROG_ECLIPSE_FOTO_ESF', 1, 4, 'Multifocal Blanco ESF Progresivo Eclipse', 450000, 700000, 1, '2017-05-22 00:44:12', '2017-05-22 00:49:09'),
(246, 'Progresivo Eclipse', 'MULT_PROG_ECLIPSE_FOTO_CIL', 1, 5, 'Multifocal Blanco ESF Progresivo Eclipse', 450000, 750000, 1, '2017-05-22 00:44:22', '2017-05-22 00:49:16'),
(247, 'Progresivo Solamax', 'MULT_SOLAMAX_FOTO_ESF', 1, 4, 'Multifocal Blanco ESF Progresivo Solamax', 310000, 950000, 1, '2017-05-22 00:44:49', '2017-05-22 00:47:46'),
(248, 'Progresivo Solamax', 'MULT_SOLAMAX_FOTO_CIL', 1, 5, 'Multifocal Blanco ESF Progresivo Solamax', 310000, 1050000, 1, '2017-05-22 00:44:57', '2017-05-22 00:47:57'),
(249, 'Progresivo Varilux', 'MULT_PROG_VARILUX_FOTO_ESF', 1, 4, 'Multifocal Blanco ESF Progresivo Varilux', 0, 0, 1, '2017-05-22 00:45:07', '2017-05-22 00:48:50'),
(250, 'Progresivo Varilux', 'MULT_PROG_VARILUX_FOTO_CIL', 1, 5, 'Multifocal Blanco ESF Progresivo Varilux', 0, 1200000, 1, '2017-05-22 00:45:16', '2017-05-22 00:49:01'),
(251, 'Progresivo Visor Estandar alt 18', 'MULT_PROG_ESTDR_18_FOTO_CIL', 1, 5, '', 380000, 650000, 1, '2017-05-22 00:55:24', '2017-05-22 00:55:24'),
(252, 'Progresivo Visor Corto alt 14', 'MULT_PROG_CORTO_14_FOTO_ESF', 1, 4, '', 390000, 650000, 1, '2017-05-22 00:55:57', '2017-05-22 00:55:57'),
(253, 'Progresivo Visor Estandar alt 18', ' MULT_PROG_ESTDR_18_AR', 1, 6, '', 230000, 400000, 1, '2017-05-22 01:02:00', '2017-05-22 01:02:00'),
(254, 'Progresivo Visor Estandar alt 18', ' MULT_PROG_ESTDR_18_FOTO_AR', 1, 7, '', 550000, 900000, 1, '2017-05-22 01:02:12', '2017-05-22 01:02:12'),
(255, 'Progresivo Visor Corto alt 14', 'MULT_PROG_CORTO_14_AR', 1, 6, '', 280000, 450000, 1, '2017-05-22 01:02:32', '2017-05-22 01:02:32'),
(256, 'Progresivo Visor Corto alt 14', 'MULT_PROG_CORTO_14_FOTO_AR', 1, 7, '', 630000, 900000, 1, '2017-05-22 01:02:40', '2017-05-22 01:02:40'),
(257, 'Progresivo Eclipse', 'MULT_PROG_ECLIPSE_FOTO_AR', 1, 7, '', 0, 1100000, 1, '2017-05-22 01:03:50', '2017-05-22 01:03:50');

-- --------------------------------------------------------

--
-- Estructura de tabla para la tabla `dashboard__widgets`
--

CREATE TABLE `dashboard__widgets` (
  `id` int(10) UNSIGNED NOT NULL,
  `user_id` int(10) UNSIGNED NOT NULL,
  `widgets` text COLLATE utf8_unicode_ci NOT NULL,
  `created_at` timestamp NOT NULL DEFAULT '0000-00-00 00:00:00',
  `updated_at` timestamp NOT NULL DEFAULT '0000-00-00 00:00:00'
) ENGINE=InnoDB DEFAULT CHARSET=utf8 COLLATE=utf8_unicode_ci;

-- --------------------------------------------------------

--
-- Estructura de tabla para la tabla `empleados__anticipos`
--

CREATE TABLE `empleados__anticipos` (
  `id` int(11) NOT NULL,
  `anulado` tinyint(1) NOT NULL DEFAULT '0',
  `empleado_id` int(10) UNSIGNED NOT NULL,
  `pago_empleado_id` int(12) DEFAULT NULL,
  `fecha` date NOT NULL,
  `monto` bigint(20) NOT NULL,
  `observacion` varchar(255) NOT NULL,
  `descontado` tinyint(4) NOT NULL,
  `created_at` date NOT NULL,
  `updated_at` date NOT NULL
) ENGINE=MyISAM DEFAULT CHARSET=latin1;

-- --------------------------------------------------------

--
-- Estructura de tabla para la tabla `empleados__empleados`
--

CREATE TABLE `empleados__empleados` (
  `id` int(10) UNSIGNED NOT NULL,
  `nombre` varchar(30) COLLATE utf8_unicode_ci NOT NULL,
  `apellido` varchar(30) COLLATE utf8_unicode_ci NOT NULL,
  `cedula` varchar(10) COLLATE utf8_unicode_ci NOT NULL,
  `cargo` varchar(50) COLLATE utf8_unicode_ci NOT NULL,
  `ruc` varchar(35) COLLATE utf8_unicode_ci NOT NULL,
  `direccion` varchar(50) COLLATE utf8_unicode_ci NOT NULL,
  `email` varchar(30) COLLATE utf8_unicode_ci NOT NULL,
  `telefono` varchar(20) COLLATE utf8_unicode_ci NOT NULL,
  `celular` varchar(20) COLLATE utf8_unicode_ci NOT NULL,
  `activo` tinyint(1) NOT NULL,
  `salario` bigint(20) NOT NULL,
  `ips` tinyint(1) NOT NULL,
  `created_at` timestamp NOT NULL DEFAULT '0000-00-00 00:00:00',
  `updated_at` timestamp NOT NULL DEFAULT '0000-00-00 00:00:00'
) ENGINE=InnoDB DEFAULT CHARSET=utf8 COLLATE=utf8_unicode_ci;

--
-- Volcado de datos para la tabla `empleados__empleados`
--

INSERT INTO `empleados__empleados` (`id`, `nombre`, `apellido`, `cedula`, `cargo`, `ruc`, `direccion`, `email`, `telefono`, `celular`, `activo`, `salario`, `ips`, `created_at`, `updated_at`) VALUES
(1, 'JENNIFFER ARACELLI', 'JIMENEZ GONZALEZ', '4695523', 'Vendedora', '', '', '', '', '', 1, 1178704, 1, '2017-05-20 17:10:05', '2017-05-20 17:12:49');

-- --------------------------------------------------------

--
-- Estructura de tabla para la tabla `empleados__pagoempleados`
--

CREATE TABLE `empleados__pagoempleados` (
  `id` int(10) UNSIGNED NOT NULL,
  `anulado` tinyint(1) NOT NULL DEFAULT '0',
  `salario` bigint(20) NOT NULL,
  `monto_ips` bigint(20) NOT NULL,
  `extra` bigint(20) NOT NULL,
  `total` bigint(20) NOT NULL,
  `fecha` date NOT NULL,
  `observacion` varchar(255) COLLATE utf8_unicode_ci NOT NULL,
  `empleado_id` int(10) UNSIGNED NOT NULL,
  `usuario_sistema_id` int(10) UNSIGNED NOT NULL,
  `created_at` timestamp NOT NULL DEFAULT '0000-00-00 00:00:00',
  `updated_at` timestamp NOT NULL DEFAULT '0000-00-00 00:00:00'
) ENGINE=InnoDB DEFAULT CHARSET=utf8 COLLATE=utf8_unicode_ci;

-- --------------------------------------------------------

--
-- Estructura de tabla para la tabla `media__files`
--

CREATE TABLE `media__files` (
  `id` int(10) UNSIGNED NOT NULL,
  `filename` varchar(255) COLLATE utf8_unicode_ci NOT NULL,
  `path` varchar(255) COLLATE utf8_unicode_ci NOT NULL,
  `extension` varchar(255) COLLATE utf8_unicode_ci NOT NULL,
  `mimetype` varchar(255) COLLATE utf8_unicode_ci NOT NULL,
  `filesize` varchar(255) COLLATE utf8_unicode_ci NOT NULL,
  `folder_id` int(10) UNSIGNED NOT NULL,
  `created_at` timestamp NOT NULL DEFAULT '0000-00-00 00:00:00',
  `updated_at` timestamp NOT NULL DEFAULT '0000-00-00 00:00:00'
) ENGINE=InnoDB DEFAULT CHARSET=utf8 COLLATE=utf8_unicode_ci;

--
-- Volcado de datos para la tabla `media__files`
--

INSERT INTO `media__files` (`id`, `filename`, `path`, `extension`, `mimetype`, `filesize`, `folder_id`, `created_at`, `updated_at`) VALUES
(1, 'inventario-cyk-v22.xlsx', '/assets/media/inventario-cyk-v22.xlsx', 'xlsx', 'application/vnd.openxmlformats-officedocument.spreadsheetml.sheet', '20376', 0, '2017-05-30 22:19:54', '2017-05-30 22:19:54'),
(2, 'inventario-cyk-v2-copia2.xls', '/assets/media/inventario-cyk-v2-copia2.xls', 'xls', 'application/vnd.ms-excel', '55808', 0, '2017-05-30 22:24:21', '2017-05-30 22:24:21'),
(3, 'ea63c97c-118c-46a9-806e-4c86ebdfeebf.jpg', '/assets/media/ea63c97c-118c-46a9-806e-4c86ebdfeebf.jpg', 'jpg', 'image/jpeg', '74891', 0, '2017-06-19 13:57:47', '2017-06-19 13:57:47');

-- --------------------------------------------------------

--
-- Estructura de tabla para la tabla `media__file_translations`
--

CREATE TABLE `media__file_translations` (
  `id` int(10) UNSIGNED NOT NULL,
  `file_id` int(10) UNSIGNED NOT NULL,
  `locale` varchar(255) COLLATE utf8_unicode_ci NOT NULL,
  `description` varchar(255) COLLATE utf8_unicode_ci NOT NULL,
  `alt_attribute` varchar(255) COLLATE utf8_unicode_ci NOT NULL,
  `keywords` varchar(255) COLLATE utf8_unicode_ci NOT NULL
) ENGINE=InnoDB DEFAULT CHARSET=utf8 COLLATE=utf8_unicode_ci;

-- --------------------------------------------------------

--
-- Estructura de tabla para la tabla `media__imageables`
--

CREATE TABLE `media__imageables` (
  `id` int(10) UNSIGNED NOT NULL,
  `file_id` int(11) NOT NULL,
  `imageable_id` int(11) NOT NULL,
  `imageable_type` varchar(255) COLLATE utf8_unicode_ci NOT NULL,
  `zone` varchar(255) COLLATE utf8_unicode_ci NOT NULL,
  `order` int(11) DEFAULT NULL,
  `created_at` timestamp NOT NULL DEFAULT '0000-00-00 00:00:00',
  `updated_at` timestamp NOT NULL DEFAULT '0000-00-00 00:00:00'
) ENGINE=InnoDB DEFAULT CHARSET=utf8 COLLATE=utf8_unicode_ci;

--
-- Volcado de datos para la tabla `media__imageables`
--

INSERT INTO `media__imageables` (`id`, `file_id`, `imageable_id`, `imageable_type`, `zone`, `order`, `created_at`, `updated_at`) VALUES
(1, 3, 182, 'Modules\\Productos\\Entities\\Producto', 'archivo', NULL, '2017-06-19 13:57:54', '2017-06-19 13:57:54');

-- --------------------------------------------------------

--
-- Estructura de tabla para la tabla `menu__menuitems`
--

CREATE TABLE `menu__menuitems` (
  `id` int(10) UNSIGNED NOT NULL,
  `menu_id` int(10) UNSIGNED NOT NULL,
  `page_id` int(10) UNSIGNED DEFAULT NULL,
  `position` int(10) UNSIGNED NOT NULL DEFAULT '0',
  `target` varchar(10) COLLATE utf8_unicode_ci DEFAULT NULL,
  `module_name` varchar(255) COLLATE utf8_unicode_ci DEFAULT NULL,
  `parent_id` int(11) DEFAULT NULL,
  `lft` int(11) DEFAULT NULL,
  `rgt` int(11) DEFAULT NULL,
  `depth` int(11) DEFAULT NULL,
  `created_at` timestamp NOT NULL DEFAULT '0000-00-00 00:00:00',
  `updated_at` timestamp NOT NULL DEFAULT '0000-00-00 00:00:00',
  `is_root` tinyint(1) NOT NULL DEFAULT '0',
  `icon` varchar(255) COLLATE utf8_unicode_ci DEFAULT NULL
) ENGINE=InnoDB DEFAULT CHARSET=utf8 COLLATE=utf8_unicode_ci;

-- --------------------------------------------------------

--
-- Estructura de tabla para la tabla `menu__menuitem_translations`
--

CREATE TABLE `menu__menuitem_translations` (
  `id` int(10) UNSIGNED NOT NULL,
  `menuitem_id` int(10) UNSIGNED NOT NULL,
  `locale` varchar(255) COLLATE utf8_unicode_ci NOT NULL,
  `status` tinyint(4) NOT NULL DEFAULT '0',
  `title` varchar(255) COLLATE utf8_unicode_ci NOT NULL,
  `url` varchar(255) COLLATE utf8_unicode_ci DEFAULT NULL,
  `uri` varchar(255) COLLATE utf8_unicode_ci DEFAULT NULL,
  `created_at` timestamp NOT NULL DEFAULT '0000-00-00 00:00:00',
  `updated_at` timestamp NOT NULL DEFAULT '0000-00-00 00:00:00'
) ENGINE=InnoDB DEFAULT CHARSET=utf8 COLLATE=utf8_unicode_ci;

-- --------------------------------------------------------

--
-- Estructura de tabla para la tabla `menu__menus`
--

CREATE TABLE `menu__menus` (
  `id` int(10) UNSIGNED NOT NULL,
  `name` varchar(255) COLLATE utf8_unicode_ci NOT NULL,
  `primary` tinyint(4) NOT NULL DEFAULT '0',
  `created_at` timestamp NOT NULL DEFAULT '0000-00-00 00:00:00',
  `updated_at` timestamp NOT NULL DEFAULT '0000-00-00 00:00:00'
) ENGINE=InnoDB DEFAULT CHARSET=utf8 COLLATE=utf8_unicode_ci;

-- --------------------------------------------------------

--
-- Estructura de tabla para la tabla `menu__menu_translations`
--

CREATE TABLE `menu__menu_translations` (
  `id` int(10) UNSIGNED NOT NULL,
  `menu_id` int(10) UNSIGNED NOT NULL,
  `locale` varchar(255) COLLATE utf8_unicode_ci NOT NULL,
  `status` tinyint(4) NOT NULL DEFAULT '0',
  `title` varchar(255) COLLATE utf8_unicode_ci NOT NULL,
  `created_at` timestamp NOT NULL DEFAULT '0000-00-00 00:00:00',
  `updated_at` timestamp NOT NULL DEFAULT '0000-00-00 00:00:00'
) ENGINE=InnoDB DEFAULT CHARSET=utf8 COLLATE=utf8_unicode_ci;

-- --------------------------------------------------------

--
-- Estructura de tabla para la tabla `migrations`
--

CREATE TABLE `migrations` (
  `migration` varchar(255) COLLATE utf8_unicode_ci NOT NULL,
  `batch` int(11) NOT NULL
) ENGINE=InnoDB DEFAULT CHARSET=utf8 COLLATE=utf8_unicode_ci;

--
-- Volcado de datos para la tabla `migrations`
--

INSERT INTO `migrations` (`migration`, `batch`) VALUES
('2014_07_02_230147_migration_cartalyst_sentinel', 1),
('2016_12_23_150707854898_create_clientes_clientes_table', 2),
('2016_12_23_160737262032_create_proveedores_proveedors_table', 3),
('2017_01_10_125151361964_create_cristales_categoriacristales_table', 4),
('2017_01_10_125151870419_create_cristales_cristales_table', 4),
('2017_01_10_125152375754_create_cristales_tipocristales_table', 4),
('2016_12_27_120059634871_create_productos_categoriaproductos_table', 5),
('2016_12_27_120100649616_create_productos_marcas_table', 5),
('2016_12_27_120100649616_create_productos_productos_table', 5),
('2016_12_27_120101154874_create_productos_altabajaproductos_table', 5),
('2016_12_26_195736310271_create_servicios_servicios_table', 6),
('2017_03_10_204422407789_create_caja_cajas_table', 7),
('2017_03_31_144014_create_caja_movimiento_table', 7),
('2017_01_04_213903369895_create_ventas_ventas_table', 8),
('2017_01_04_213904381191_create_ventas_facturaventas_table', 8),
('2017_01_04_313903875902_create_ventas_detalleventas_table', 8),
('2017_02_07_195446_create_ventas_config_factura_table', 8),
('2017_03_06_202759_create_ventas_config_seguimiento_table', 8),
('2017_03_13_193556895919_create_pagofacturascredito_pagofacturacreditos_table', 8),
('2013_04_09_062329_create_revisions_table', 9),
('2015_11_20_184604486385_create_translation_translations_table', 9),
('2015_11_20_184604743083_create_translation_translation_translations_table', 9),
('2015_12_01_094031_update_translation_translations_table_with_index', 9),
('2014_10_14_200250_create_settings_table', 10),
('2014_10_15_191204_create_setting_translations_table', 10),
('2015_06_18_170048_make_settings_value_text_field', 10),
('2015_10_22_130947_make_settings_name_unique', 10),
('2014_11_03_160015_create_menus_table', 11),
('2014_11_03_160138_create_menu-translations_table', 11),
('2014_11_03_160753_create_menuitems_table', 11),
('2014_11_03_160804_create_menuitem_translation_table', 11),
('2014_12_17_185301_add_root_column_to_menus_table', 11),
('2015_09_05_100142_add_icon_column_to_menuitems_table', 11),
('2016_01_26_102307_update_icon_column_on_menuitems_table', 11),
('2014_10_26_162751_create_files_table', 12),
('2014_10_26_162811_create_file_translations_table', 12),
('2015_02_27_105241_create_image_links_table', 12),
('2015_12_19_143643_add_sortable', 12),
('2017_01_04_272530300132_create_empleados_empleados_table', 13),
('2017_01_04_272530805865_create_empleados_pagoempleados_table', 13),
('2015_04_02_184200_create_widgets_table', 14),
('2017_01_16_161423788426_create_contabilidad_tipocuentas_table', 15),
('2017_01_18_161423788427_create_contabilidad_cuentas_table', 15),
('2017_01_18_161424297182_create_contabilidad_asientos_table', 15),
('2017_01_18_192825226511_create_contabilidad_asientodetalles_table', 15),
('2017_12_12_192825226511_add_profundidad_contabilidad_cuentas_table', 15),
('2017_12_30_192825226512_add_naturaleza_contabilidad_tipo_cuentas_table', 15),
('2017_01_11_165319027385_create_compras_compras_table', 16),
('2017_01_11_165319537229_create_compras_detallecompras_table', 16),
('2017_03_23_141425_create_compras_pagos_table', 16),
('2014_11_30_191858_create_pages_tables', 17);

-- --------------------------------------------------------

--
-- Estructura de tabla para la tabla `page__pages`
--

CREATE TABLE `page__pages` (
  `id` int(10) UNSIGNED NOT NULL,
  `is_home` tinyint(1) NOT NULL DEFAULT '0',
  `template` varchar(255) COLLATE utf8_unicode_ci NOT NULL,
  `created_at` timestamp NOT NULL DEFAULT '0000-00-00 00:00:00',
  `updated_at` timestamp NOT NULL DEFAULT '0000-00-00 00:00:00'
) ENGINE=InnoDB DEFAULT CHARSET=utf8 COLLATE=utf8_unicode_ci;

--
-- Volcado de datos para la tabla `page__pages`
--

INSERT INTO `page__pages` (`id`, `is_home`, `template`, `created_at`, `updated_at`) VALUES
(1, 1, 'home', '2017-04-06 01:28:54', '2017-04-06 01:28:54');

-- --------------------------------------------------------

--
-- Estructura de tabla para la tabla `page__page_translations`
--

CREATE TABLE `page__page_translations` (
  `id` int(10) UNSIGNED NOT NULL,
  `page_id` int(10) UNSIGNED NOT NULL,
  `locale` varchar(255) COLLATE utf8_unicode_ci NOT NULL,
  `title` varchar(255) COLLATE utf8_unicode_ci NOT NULL,
  `slug` varchar(255) COLLATE utf8_unicode_ci NOT NULL,
  `status` tinyint(1) NOT NULL DEFAULT '1',
  `body` text COLLATE utf8_unicode_ci NOT NULL,
  `meta_title` varchar(255) COLLATE utf8_unicode_ci DEFAULT NULL,
  `meta_description` varchar(255) COLLATE utf8_unicode_ci DEFAULT NULL,
  `og_title` varchar(255) COLLATE utf8_unicode_ci DEFAULT NULL,
  `og_description` varchar(255) COLLATE utf8_unicode_ci DEFAULT NULL,
  `og_image` varchar(255) COLLATE utf8_unicode_ci DEFAULT NULL,
  `og_type` varchar(255) COLLATE utf8_unicode_ci DEFAULT NULL,
  `created_at` timestamp NOT NULL DEFAULT '0000-00-00 00:00:00',
  `updated_at` timestamp NOT NULL DEFAULT '0000-00-00 00:00:00'
) ENGINE=InnoDB DEFAULT CHARSET=utf8 COLLATE=utf8_unicode_ci;

--
-- Volcado de datos para la tabla `page__page_translations`
--

INSERT INTO `page__page_translations` (`id`, `page_id`, `locale`, `title`, `slug`, `status`, `body`, `meta_title`, `meta_description`, `og_title`, `og_description`, `og_image`, `og_type`, `created_at`, `updated_at`) VALUES
(1, 1, 'en', 'Home page', 'home', 1, '<p><strong>You made it!</strong></p>\n<p>You&#39;ve installed AsgardCMS and are ready to proceed to the <a href=\"/en/backend\">administration area</a>.</p>\n<h2>What&#39;s next ?</h2>\n<p>Learn how you can develop modules for AsgardCMS by reading our <a href=\"https://github.com/AsgardCms/Documentation\">documentation</a>.</p>\n', 'Home page', NULL, NULL, NULL, NULL, NULL, '2017-04-06 01:28:55', '2017-04-06 01:28:55');

-- --------------------------------------------------------

--
-- Estructura de tabla para la tabla `persistences`
--

CREATE TABLE `persistences` (
  `id` int(10) UNSIGNED NOT NULL,
  `user_id` int(10) UNSIGNED NOT NULL,
  `code` varchar(255) COLLATE utf8_unicode_ci NOT NULL,
  `created_at` timestamp NOT NULL DEFAULT '0000-00-00 00:00:00',
  `updated_at` timestamp NOT NULL DEFAULT '0000-00-00 00:00:00'
) ENGINE=InnoDB DEFAULT CHARSET=utf8 COLLATE=utf8_unicode_ci;

--
-- Volcado de datos para la tabla `persistences`
--

INSERT INTO `persistences` (`id`, `user_id`, `code`, `created_at`, `updated_at`) VALUES
(1, 1, 'hjzXoKOHaJcq1DACtWsmdvuM6y5381mz', '2017-04-06 02:58:49', '2017-04-06 02:58:49'),
(2, 1, 'A8ETA3UcecnIKsxUJmn2VVu3bOLmmWzk', '2017-04-06 03:49:54', '2017-04-06 03:49:54'),
(3, 1, 'E5l4ufH9pITC7E7KQz4LTlmDaIWBYLku', '2017-04-06 04:32:55', '2017-04-06 04:32:55'),
(5, 1, 'CCWiKMCnsnR7sgoHrIcPYl1fDO7z34gK', '2017-04-06 06:40:33', '2017-04-06 06:40:33'),
(8, 1, 'WO6NnRNyWCZ9uL7HvP1gD2BtL5kTq9Dh', '2017-04-06 15:52:13', '2017-04-06 15:52:13'),
(10, 1, '5vdpyQoBNCz7IlIrhB25MDYrOup20HAV', '2017-04-06 17:14:04', '2017-04-06 17:14:04'),
(11, 1, 'yaPONIuuXlW8am8z1PIg7M7M5SuPybuO', '2017-04-06 19:10:51', '2017-04-06 19:10:51'),
(12, 1, 'wP5o3TvE1VQmL5YtwvoPRHGGB5eB5LtU', '2017-04-06 19:47:20', '2017-04-06 19:47:20'),
(13, 1, 'uuCKx43IxNzUf2yHJTkB1q5fwjuVQLB4', '2017-04-06 20:04:22', '2017-04-06 20:04:22'),
(16, 1, 'UXFJBUEvtiJ3yg8NYhG9cO0sKN5DCwyv', '2017-04-06 23:15:08', '2017-04-06 23:15:08'),
(17, 1, 'vhOBXHiVb1XFrVU9Ek0TiLvbrzylcl6S', '2017-04-06 23:36:16', '2017-04-06 23:36:16'),
(18, 1, '7zuQejzNOX3vGXpWsf9z7brqFE13R8FH', '2017-04-07 00:10:39', '2017-04-07 00:10:39'),
(19, 1, 'nmb5bmXWKXyS0B5Us1MWmN21Nx0avSrR', '2017-04-07 00:54:02', '2017-04-07 00:54:02'),
(20, 1, 'rYOMyHQ4kyi8qbSQWmfJ5qJZRjZLLkGd', '2017-04-07 16:08:53', '2017-04-07 16:08:53'),
(21, 1, 'wAjgTrvnkP7gKnqwRmRLnMpqhZDdax4g', '2017-04-07 17:51:38', '2017-04-07 17:51:38'),
(22, 1, 'ARwzoyD1stcndURYXes1U4qEwormGT7m', '2017-04-07 18:25:45', '2017-04-07 18:25:45'),
(23, 1, 'jEU0HhFvyoZ3gPoCi5lDXS2kr3HQ98T2', '2017-04-07 23:02:13', '2017-04-07 23:02:13'),
(24, 1, 'ISUEuoh4nO4BgTHZ83ysdBQHAHm8yg89', '2017-04-08 01:27:15', '2017-04-08 01:27:15'),
(25, 1, 'WfcSe6ISc6MU2XY7tiUZhs4gED6h8lQo', '2017-04-08 03:28:26', '2017-04-08 03:28:26'),
(26, 1, 'npacAKHnP24aQzvPzNbsc5JiQTxmnLmV', '2017-04-08 04:13:37', '2017-04-08 04:13:37'),
(29, 1, 'vR4Tas9WWeuCsl3j5Tiay7bVVxOq10dY', '2017-04-08 04:36:33', '2017-04-08 04:36:33'),
(30, 1, '7iosmU2e4MhU7Xg3iGEOkqXFTpua1R5s', '2017-04-08 04:40:18', '2017-04-08 04:40:18'),
(31, 1, 'kR1rCvM0mPOa2PWaBMFgnSIFJJNVZnaA', '2017-04-08 06:02:16', '2017-04-08 06:02:16'),
(32, 1, 'j0naJ24fUFW6B2wDLYTYdy4dRX6UzGpR', '2017-04-08 23:49:35', '2017-04-08 23:49:35'),
(33, 1, 'um4lgr3IBSIuEvLXJrVyIbQeLCebFwlk', '2017-04-09 04:37:47', '2017-04-09 04:37:47'),
(34, 1, 'Ldp4ZQBaoM5kP3OYqxjPc9pNsDM3fZYu', '2017-04-10 00:33:47', '2017-04-10 00:33:47'),
(35, 1, 'fwMfug0hccVgGqbCM5za5cYXUYPovfqB', '2017-04-10 15:45:25', '2017-04-10 15:45:25'),
(36, 1, 'GEGdSLiosX6NgZ42chtFiACCZqEMR7kk', '2017-04-10 15:47:29', '2017-04-10 15:47:29'),
(37, 1, '46x29VQwdsA0lVcbm3guDHntTVHDdttH', '2017-04-10 16:47:36', '2017-04-10 16:47:36'),
(38, 1, 'A66T9ccYiwmal1sd3IKj8jG3aG4WGhmO', '2017-04-10 19:50:26', '2017-04-10 19:50:26'),
(39, 1, 'jBDi5dRVdUlxDC3kx7z1huHgghHCjXDP', '2017-04-10 23:31:33', '2017-04-10 23:31:33'),
(40, 1, '3MMxbuxMKWWpB6BOVEPYwJSLqKkKSkP2', '2017-04-11 00:09:06', '2017-04-11 00:09:06'),
(42, 1, 'uujp58TNZJh6kvQgr337BwZczArgmFcG', '2017-04-11 02:38:59', '2017-04-11 02:38:59'),
(44, 1, 'f0mppCOSckkFO0hgrPMvXOZdHsxLovYf', '2017-04-11 16:14:02', '2017-04-11 16:14:02'),
(45, 1, 'T2PHFZwzEcff920SKPtFpv4aGDdG8qwV', '2017-04-11 17:41:54', '2017-04-11 17:41:54'),
(46, 1, 'ELQ1uH4pju297jFyE1SqOU38FzjPwo1N', '2017-04-11 23:02:09', '2017-04-11 23:02:09'),
(47, 1, 'Q8BiFKNSuAlCB1XPRvB78vQ2d05ktHGy', '2017-04-11 23:53:14', '2017-04-11 23:53:14'),
(48, 1, 'jeWnvLCBtNzW8PNG3jCj3KDKRfLy9gnJ', '2017-04-12 02:16:53', '2017-04-12 02:16:53'),
(49, 1, '2nehQQhqyvrwqlgMmq81r5ElYiypHaQL', '2017-04-12 02:30:30', '2017-04-12 02:30:30'),
(50, 1, '7uNpyJHwgONBEQX5v39Pvooz3DuGsJh0', '2017-04-12 16:16:49', '2017-04-12 16:16:49'),
(51, 1, 'fCiZRstAj9b0n7NsQB9Hni2NJ0nNhQ0Y', '2017-04-12 20:18:09', '2017-04-12 20:18:09'),
(52, 1, 'j6VtJYpooduguIrDLCY5eQV9Hhhrqvhz', '2017-04-12 21:00:48', '2017-04-12 21:00:48'),
(53, 1, 'T8JJtSgRiRz6ZZpGlXyiU7Dx928ZBGlU', '2017-04-13 04:10:13', '2017-04-13 04:10:13'),
(54, 1, '3pNXQkEOOOvW1kYZRcmM6tpfuKdvbxGP', '2017-04-16 01:12:45', '2017-04-16 01:12:45'),
(55, 1, 'uS5mrJhGIc0c0zYU0UdfWTF5cBykcnnx', '2017-04-16 03:05:39', '2017-04-16 03:05:39'),
(56, 1, 'TWsgKaAfoVowl3y7MqvwnHcTcsJyLvLo', '2017-04-17 05:21:41', '2017-04-17 05:21:41'),
(57, 1, 'dJeHaIrxnJ58knCs7y3c5KgaZiXcKKzr', '2017-04-17 15:47:01', '2017-04-17 15:47:01'),
(58, 1, 'Z2IH6rt9M6tEIr91dVBIHRD5U1Laac1a', '2017-04-17 16:29:31', '2017-04-17 16:29:31'),
(59, 1, 'Svgon84GqO6GkWsV2cDcoRCM9xvRi5Ii', '2017-04-18 02:16:08', '2017-04-18 02:16:08'),
(61, 1, 'cTnUM746TPRYY4jwlX8VkNB4O48STPnq', '2017-04-18 16:58:56', '2017-04-18 16:58:56'),
(62, 1, 'vRYlKYuugFxipvoaoNkr7KQ5Jc4WBx46', '2017-04-19 23:06:08', '2017-04-19 23:06:08'),
(63, 1, 'uLqfAXy5OQjZJX2x9pSZyEBoT6luNKjE', '2017-04-20 17:31:09', '2017-04-20 17:31:09'),
(64, 1, 'fP7KFCW9taAxJj8qOHSpdh2a5VYQLLhn', '2017-04-21 19:20:43', '2017-04-21 19:20:43'),
(65, 1, 'C877gs1fIZ62oCn7pCDUZ4CFZDteVdxh', '2017-04-23 20:02:16', '2017-04-23 20:02:16'),
(66, 1, 'QkSrtdCNA07crrxZj8VguCMKufXXPPxQ', '2017-04-24 16:30:24', '2017-04-24 16:30:24'),
(67, 1, '01f6fLz0AUGwvFC5rbEH0hg0KfA9gc0z', '2017-04-24 22:21:39', '2017-04-24 22:21:39'),
(69, 1, 'ynYc1r221Eax2MuYOL40Vk2M7sTa4Rfi', '2017-04-25 16:46:34', '2017-04-25 16:46:34'),
(70, 1, '5KCe4vvggtCusK0FSx5Hvgzmg0IUkuq3', '2017-04-26 01:58:38', '2017-04-26 01:58:38'),
(71, 1, '9gzq6ANUHCMuikc2LWZG6aMQ6QTHFIpB', '2017-04-26 17:59:58', '2017-04-26 17:59:58'),
(72, 1, 'I09mUplPK9Ihfnp88h3crWYTQUB0daf7', '2017-04-26 18:05:52', '2017-04-26 18:05:52'),
(73, 1, 'hEvY16onPe14isIUxT3EkEmmy0tNvqBD', '2017-04-26 23:56:54', '2017-04-26 23:56:54'),
(75, 1, 'nMGQPnIhdtYyJ2OLzhpS6owQWXg0SDxZ', '2017-04-27 02:11:17', '2017-04-27 02:11:17'),
(76, 1, 'W5JpcdVvTHGMEuVNIU9BayvHRcbh84WI', '2017-04-27 02:12:28', '2017-04-27 02:12:28'),
(77, 1, 'KwgngOvqfkDqdabVEcCJI3lmwQdUew3O', '2017-04-26 22:28:54', '2017-04-26 22:28:54'),
(79, 1, 'jsffAgt7ugzCWQL00mKXlp05KG2b0n8a', '2017-04-26 22:47:45', '2017-04-26 22:47:45'),
(80, 1, 'mgXrh8jmg8cAwhXqMLOFwv3erzszd4bA', '2017-04-27 11:51:55', '2017-04-27 11:51:55'),
(81, 1, 'FUa2mk92JPqpFiqdiB4jwLo3xPDV3DlV', '2017-04-27 13:01:28', '2017-04-27 13:01:28'),
(82, 1, 'RrdwwyHcUfbIvKyfgB2esQfUEHQuidRb', '2017-04-27 14:52:23', '2017-04-27 14:52:23'),
(83, 1, 'Ft3j38O7U34lRgEQbFE3cNFOMsR7QdPz', '2017-04-27 18:44:43', '2017-04-27 18:44:43'),
(84, 1, 'uCf4ixhEW0F4qQmN6L7K6UDpdVyaCL8O', '2017-04-27 21:54:02', '2017-04-27 21:54:02'),
(85, 1, 'eqgAvmFCcVDMOIfwvDVPfEMgee87WmWQ', '2017-04-28 13:11:38', '2017-04-28 13:11:38'),
(86, 1, 'KEdEi9lmV6cuU4u1Ft0dK9ZkVZFdjdNk', '2017-04-28 14:26:17', '2017-04-28 14:26:17'),
(87, 1, '9enMJJOGBj3RMTBJqQdzAueHYNdXxwJ2', '2017-04-28 18:48:16', '2017-04-28 18:48:16'),
(88, 1, 'uCzZSLq1ZjMA8jsj5ulvy17vGsIL0uAQ', '2017-04-28 19:30:00', '2017-04-28 19:30:00'),
(89, 1, 'GLYGnBCvu0XfyPA3kRukU35KSbWI005S', '2017-04-28 20:38:34', '2017-04-28 20:38:34'),
(90, 1, 'FCoDsoHNozaxSiFUmQNeHbKlmS9Rko3R', '2017-04-28 22:32:40', '2017-04-28 22:32:40'),
(91, 1, 'oB4tTTW9GP3DolDrFKfvvZevM9jQAsvD', '2017-04-28 23:32:31', '2017-04-28 23:32:31'),
(92, 1, 'I386yuw3fY5P1xWg7aEXc7Oze97lrieO', '2017-04-29 01:58:31', '2017-04-29 01:58:31'),
(93, 1, 'e5p177SSuBAtybuAo63m8uYnfVGyflzN', '2017-04-29 13:34:03', '2017-04-29 13:34:03'),
(94, 1, '5AKsEPD3WIZCpOXF58DpIpZSlf1p1vCf', '2017-04-30 15:03:41', '2017-04-30 15:03:41'),
(95, 1, 'O9ejtuTo6ndr4ItQnbWf8hSirtXVkdBz', '2017-05-01 20:35:09', '2017-05-01 20:35:09'),
(96, 1, 'c4LTOhvW4vUYG0NA1igwIuqa8IqV9vK7', '2017-05-02 15:20:12', '2017-05-02 15:20:12'),
(97, 1, 'Wvxd88q64rcbMhEDRUq2M2oK3fqEUrac', '2017-05-02 21:09:23', '2017-05-02 21:09:23'),
(99, 1, 'cQTqToUpLC0oVqaEUIbCqfp6qOncc5n3', '2017-05-03 17:01:36', '2017-05-03 17:01:36'),
(100, 1, 'zUzNEccNNEzkbosGbKVcPaEIUTpjNsFG', '2017-05-03 17:32:07', '2017-05-03 17:32:07'),
(101, 1, 'NX2i0vjKYlZzDibZsigxWrFvlRkl7o2y', '2017-05-03 21:01:29', '2017-05-03 21:01:29'),
(102, 1, 'H8qWPxefDQY6OsSO4R1Bjzc3rAPtAf4S', '2017-05-04 12:05:58', '2017-05-04 12:05:58'),
(103, 1, 'XX1jrahsPFDwggtKDWU0gE9fTqHRiQhW', '2017-05-04 12:23:57', '2017-05-04 12:23:57'),
(104, 1, '6aEgFTGIUbjGEt9fUca9lpTDyak6fRpq', '2017-05-04 15:46:39', '2017-05-04 15:46:39'),
(105, 1, 'nS8PY46Scce4hfTC344qDXLx4XRrHHBj', '2017-05-04 19:51:28', '2017-05-04 19:51:28'),
(106, 1, 'JZ6SHd8zFFTfsKXmfVQN1JxAXACNF6sR', '2017-05-04 22:18:58', '2017-05-04 22:18:58'),
(107, 1, 'hUVzThTZblhD23oP8kQkHTJmjUxOi543', '2017-05-04 22:42:12', '2017-05-04 22:42:12'),
(108, 1, '52YMBrOhwWr5eLOpnfNdOup0c39R5EWH', '2017-05-04 22:42:52', '2017-05-04 22:42:52'),
(109, 1, 'aW5oi1JN7MX5awc5j68PDb8n467tcwks', '2017-05-05 12:31:01', '2017-05-05 12:31:01'),
(110, 1, 'jb0aVpjqCEBKPBn2Zd6Ais9Ecc9W4Kz6', '2017-05-05 18:38:26', '2017-05-05 18:38:26'),
(111, 1, '8VlK2FNeK8J7tNkYj8otHPUjKGMp6CNl', '2017-05-05 20:48:58', '2017-05-05 20:48:58'),
(113, 1, 'xcsIUq2VnQpyMQFJd5McLuUcHi2Slybz', '2017-05-06 01:40:58', '2017-05-06 01:40:58'),
(114, 1, 'YDNyekzCMDsdExUPsmyAgoPR02EZFFip', '2017-05-08 23:30:53', '2017-05-08 23:30:53'),
(115, 1, 'P4smD5I8VrGYTDN6DmdY07lF9OAh0dab', '2017-05-09 19:16:53', '2017-05-09 19:16:53'),
(116, 1, 'etgw2Aw2R30EG4GmqpJnlwUCvz5ts2AB', '2017-05-09 19:55:55', '2017-05-09 19:55:55'),
(117, 1, 'EeiUKY7pFV2q0ImSUplfMBkwEx1CYwpB', '2017-05-09 22:49:19', '2017-05-09 22:49:19'),
(118, 1, 'SDksUufx5VAECZ6lv9takgVaJ0GS5XCh', '2017-05-11 16:05:34', '2017-05-11 16:05:34'),
(119, 1, 'CjBN6GtGAsZ9q1PEGHT8pT94zwLKP5eZ', '2017-05-12 00:02:53', '2017-05-12 00:02:53'),
(120, 1, 'FtM2yTyFcAqbBfIoqR9F7uyRF9koKoZO', '2017-05-12 13:19:02', '2017-05-12 13:19:02'),
(121, 1, 'cTajIekQElLS9JT99AeEk19gvO2JaJb5', '2017-05-12 15:49:03', '2017-05-12 15:49:03'),
(122, 1, 'BZSfqKNdIllDmmV0X64OUGrcH3CSJW1R', '2017-05-12 20:06:13', '2017-05-12 20:06:13'),
(123, 1, '4TQ7KWeZszZS3p1ytXsZR8JfrLFDblS4', '2017-05-13 16:42:50', '2017-05-13 16:42:50'),
(124, 1, 'Pi8ThiQGJSt2itA7DRO3iLgFvWCwhPxx', '2017-05-13 20:49:16', '2017-05-13 20:49:16'),
(125, 1, 'dsYjAopjCIrU7METXd8vyt5vTxEScEOk', '2017-05-13 23:44:20', '2017-05-13 23:44:20'),
(126, 1, 'dXq9MFeu90tvFYQviqk7pyybZuKV8c2T', '2017-05-14 02:29:12', '2017-05-14 02:29:12'),
(128, 1, 'fzUHmMWXqRzr9UVySO9Aq1rx4q49kCCx', '2017-05-14 15:35:00', '2017-05-14 15:35:00'),
(129, 1, 'jbBSWLoCH1Z5ssNOs4xpV1ZyW7uhyoYI', '2017-05-15 00:02:46', '2017-05-15 00:02:46'),
(130, 1, '0AMOBEIwAHVahzh4JXSQuDrVzhqh0IrJ', '2017-05-16 19:22:01', '2017-05-16 19:22:01'),
(131, 1, 'eNmOeZoctaCIcte5blI3RYDtBJ23FCDN', '2017-05-17 20:15:32', '2017-05-17 20:15:32'),
(132, 1, '2BR3PUXqUuLhdNBnx0fRwpi0xCzMTsZr', '2017-05-18 00:17:28', '2017-05-18 00:17:28'),
(133, 1, '7cfd5JTQxzjGnQ7y3M65iUCfjvkRUUc7', '2017-05-19 21:50:46', '2017-05-19 21:50:46'),
(138, 1, 'y3fFBGxRmYrQVEA8c2B9nR6UoJ4cUZvB', '2017-05-20 15:46:22', '2017-05-20 15:46:22'),
(141, 2, 'qvBgdVfqHB18UC2vplnds39EDwY7zuFW', '2017-05-20 16:29:08', '2017-05-20 16:29:08'),
(144, 2, 'mUE0qJYneWJrO6de5spwPAcnMRDCt8ZL', '2017-05-20 22:08:36', '2017-05-20 22:08:36'),
(145, 1, '8XjgGTER117TiPSiM0gYilSWGtaDscww', '2017-05-21 15:03:31', '2017-05-21 15:03:31'),
(146, 1, 'RmIm6dmiQYlzCeDpD0iuhOvN6s96qHvk', '2017-05-21 21:03:04', '2017-05-21 21:03:04'),
(147, 2, 'pIPXkGCMQUY1td4aHGtnmNDhO44fWUjf', '2017-05-23 13:36:53', '2017-05-23 13:36:53'),
(148, 1, 'uTXYVO6E9dOuwT7jgO9vAhdUytPkBe5T', '2017-05-24 20:38:08', '2017-05-24 20:38:08'),
(158, 1, 'pEA2ANsa9UQi3JCZZYjtQn7lLqrbfhDW', '2017-05-26 22:33:07', '2017-05-26 22:33:07'),
(159, 1, 'aezM7a8VOylcTJiBD0YpAG6eyCfj2aVj', '2017-05-29 12:53:12', '2017-05-29 12:53:12'),
(161, 1, 'sBwoS5CcHlwQXvbdpN8BYIY1OTNdUh98', '2017-05-29 21:37:56', '2017-05-29 21:37:56'),
(162, 1, '5JFYWy5iwg1QRTLy7z8WZRrODHA5J5yT', '2017-05-29 21:37:56', '2017-05-29 21:37:56'),
(163, 1, 'VCAr3zO1wNk3SMv9qBXbmDNvDqwUuFj7', '2017-05-29 22:56:36', '2017-05-29 22:56:36'),
(164, 1, 'Vhl1bgeLwTHAX8W8z4AWcU3ONA8WuHkI', '2017-05-30 02:02:04', '2017-05-30 02:02:04'),
(165, 1, 'TlJkXmOSrS3lUHpRKUGkfUhbAQ4lUfKt', '2017-05-30 16:14:18', '2017-05-30 16:14:18'),
(167, 1, 'T96ho60FW1xrLua8nnnXl20dPNl4LCzJ', '2017-05-30 19:22:51', '2017-05-30 19:22:51'),
(168, 1, '9Sat2u6qYwuxcDAlMPGH9JUM5eWbG0YL', '2017-05-30 21:11:09', '2017-05-30 21:11:09'),
(169, 1, 'D8mGyGvCqcHIsSXs24mEiYqqC6zCtP79', '2017-05-31 12:40:34', '2017-05-31 12:40:34'),
(170, 1, 'CUax04dVTVvUpAfM5zUvciatpydZU73u', '2017-05-31 13:22:15', '2017-05-31 13:22:15'),
(171, 1, 'wE5duPeWwE3FFAzVhpczl9n8JNY9nlCx', '2017-05-31 19:01:04', '2017-05-31 19:01:04'),
(172, 1, 'jY0yY6o1oOO54vK3sh01VmzVE4nvDCux', '2017-05-31 20:45:21', '2017-05-31 20:45:21'),
(173, 1, 'vI2nZirt48eft8Su5rm3F6rQalwx5dDc', '2017-05-31 21:21:57', '2017-05-31 21:21:57'),
(174, 1, 'rvK7vkBAVG43OYqTvgV0NH8LpmmFMjr5', '2017-06-01 00:21:34', '2017-06-01 00:21:34'),
(175, 1, 'qxoI4WURzrW3x9JQP4TdOg36FtTJNIbw', '2017-06-01 12:49:46', '2017-06-01 12:49:46'),
(176, 1, 'yPzjAYMiLm5OFmb1maHuxNJ2Wq2weIpI', '2017-06-02 00:34:01', '2017-06-02 00:34:01'),
(177, 1, 'fgqV2wFdRux3x6ztrKDddAUkLewcwS1U', '2017-06-02 13:19:28', '2017-06-02 13:19:28'),
(178, 1, 'QitzpwOs9MFdLkX9q4Kz8W4doD8TjnEd', '2017-06-02 15:22:40', '2017-06-02 15:22:40'),
(179, 1, 'nHkEHXOG5EXy8XBWCAHXP2MonUmFubT3', '2017-06-02 20:39:29', '2017-06-02 20:39:29'),
(181, 1, '3VvPTnZIa6MhCgEOSnWUTDvSOqYCjIEn', '2017-06-08 15:43:04', '2017-06-08 15:43:04'),
(185, 1, 'DSYxZsSQtQFFtqilSzNzcQK6aj9cV2U2', '2017-06-09 00:58:46', '2017-06-09 00:58:46'),
(189, 1, 'M0xXaF8WKhyGrcDFuZl0MjA1moQai0gv', '2017-06-10 14:55:39', '2017-06-10 14:55:39'),
(192, 2, 'Qtr8JpbtO2S1dGwUjTC96VWE7vrj6RT5', '2017-06-10 15:16:04', '2017-06-10 15:16:04'),
(195, 2, 'IHD4OLUN1v1xWw5xbNe1bnbtDtq9lrQi', '2017-06-10 15:40:47', '2017-06-10 15:40:47'),
(196, 1, '9nU4xI5mSYS0k1a6OTuj7xzzIb5o9kjh', '2017-06-13 02:04:48', '2017-06-13 02:04:48'),
(197, 1, 'gXSYKJ07GXF9v8brDmbyuxGIFy0AY5Fc', '2017-06-13 12:50:41', '2017-06-13 12:50:41'),
(198, 1, 'TzydCN5zJDMa1dDetSHMyrgPYNh0xIBN', '2017-06-13 13:11:05', '2017-06-13 13:11:05'),
(200, 1, 'WNXMUccrruHJ2SRWpSvIoZYX0uXAnNbW', '2017-06-13 16:07:34', '2017-06-13 16:07:34'),
(201, 1, 'TGIED3DLKMYZdcIEuWygAeiNrZaGIQiq', '2017-06-13 17:47:56', '2017-06-13 17:47:56'),
(203, 1, 'dhwEIwBGa65uLKbmCFV1W3AOH5Wsw0n9', '2017-06-13 20:42:43', '2017-06-13 20:42:43'),
(205, 1, 'bDnYQRA7kt5eowmkmKrwCBpZ8OEWW5oX', '2017-06-14 18:14:40', '2017-06-14 18:14:40'),
(206, 1, 'ZJkJu9aG7DJ440wRgYhKmCWCoccN9jcy', '2017-06-14 20:15:37', '2017-06-14 20:15:37'),
(207, 1, 'zVoz04WZXcTibpcXnCbZBttD7gy0iPOW', '2017-06-14 20:22:44', '2017-06-14 20:22:44'),
(209, 1, '7syjj2yxdBo5FJv00PLYT4UTaZR7urZo', '2017-06-14 21:28:21', '2017-06-14 21:28:21'),
(210, 1, 'Zfa2mnnpkwajochS3kePl89iSthkvxWH', '2017-06-15 15:08:49', '2017-06-15 15:08:49'),
(211, 1, 'LRckcivW9uTvv4IlWkQ8r6aU93v1L9LJ', '2017-06-15 19:12:38', '2017-06-15 19:12:38'),
(212, 1, 'HVvKuRQ66HzutZs3jV1lFKn3IazhMH6F', '2017-06-16 18:55:51', '2017-06-16 18:55:51'),
(213, 1, 'rvuLNPMRhAs4GZHZR78Hnr7xd7MMkYHI', '2017-06-17 14:04:49', '2017-06-17 14:04:49'),
(214, 1, 'JQgYzXBnJCyiNeoeJAphwkDZIpcZ9lbU', '2017-06-18 22:08:29', '2017-06-18 22:08:29'),
(215, 1, 'Px5WWyqaVmATEXcZGL8OCu81NwBc3YtZ', '2017-06-19 11:56:07', '2017-06-19 11:56:07'),
(216, 2, 'VXfShd8jT3N77A99I5V3xCpxCwdvuLJe', '2017-06-19 12:31:17', '2017-06-19 12:31:17'),
(217, 1, 'CIOnf07A5dX4UCa16ZzPNSu3EgcXratE', '2017-06-19 14:17:56', '2017-06-19 14:17:56'),
(218, 2, 'eZ3ib43UyANd8fMVdpisklf8dPRMpLIe', '2017-06-19 19:10:48', '2017-06-19 19:10:48'),
(219, 1, 'S53ZwlrBj9KwTJPuRxWHeXrL5eZCEdMX', '2017-06-19 20:03:41', '2017-06-19 20:03:41'),
(220, 1, 'jeFSQVFtTXVfWEZOhHLzB9Yh49eiAlqr', '2017-06-20 02:35:30', '2017-06-20 02:35:30'),
(221, 1, 'BuSarEFzvwxx8ulyzorjBqoIXOHuJun0', '2017-06-20 12:49:48', '2017-06-20 12:49:48'),
(222, 1, 'ZJhYMnZY1WEc71ebb5sQxYb6CZplPavi', '2017-06-20 13:54:26', '2017-06-20 13:54:26'),
(223, 2, 'OVBPhV7ms4sXM7QpPdk0JrngJKabyt2I', '2017-06-20 15:30:31', '2017-06-20 15:30:31'),
(224, 1, 'fRvAUkhDQp62G9jjHt5QHcxBNbFeAH37', '2017-06-20 18:16:54', '2017-06-20 18:16:54'),
(225, 1, 'qIQq7aiXSDmWmhfVrlX4ijH60NcTF1rM', '2017-06-20 18:55:45', '2017-06-20 18:55:45'),
(227, 1, 'QcXEFWx4J1VzjHKXdadYE2mAMxRVBSor', '2017-06-20 21:59:38', '2017-06-20 21:59:38'),
(228, 1, 'BwyFzB1ZIv6Ex6mrSm1Vxdv4593UzpTI', '2017-06-20 21:59:39', '2017-06-20 21:59:39'),
(229, 1, 'jR3iezofecg1CKcZqFie42YmftuGSWod', '2017-06-20 22:13:40', '2017-06-20 22:13:40'),
(230, 1, 'BQTrdODB2s6axvwkX4wvKhazXb0FHlOj', '2017-06-20 22:21:10', '2017-06-20 22:21:10'),
(231, 1, 'RDacjjUOiH9kmdzBnoqnZbV4zhcQawed', '2017-06-20 23:52:00', '2017-06-20 23:52:00'),
(232, 1, 'w1MKmoIPKXzM5iPIlQGg6kME9GTdTPbg', '2017-06-21 12:38:23', '2017-06-21 12:38:23'),
(233, 1, 'VIz4KWgqLASzeLF3nqvjKS04vG5utzo4', '2017-06-21 14:46:21', '2017-06-21 14:46:21'),
(234, 1, 'iYDNvXbWFydjYvHzwG4Yv7c2KnX8NB9D', '2017-06-21 16:59:05', '2017-06-21 16:59:05'),
(235, 1, 'buqHrTtJ8DA5kKWT2Q3ZDkwggnNsGSLc', '2017-06-21 20:12:01', '2017-06-21 20:12:01'),
(236, 1, 'LNo0d1slLaWdPtXiQZecxBTkeHJ2Fl2P', '2017-06-21 22:43:47', '2017-06-21 22:43:47'),
(237, 1, 'xQq0YfVIjUW3DHlFSgaX3idHBErzLFtv', '2017-06-22 00:44:51', '2017-06-22 00:44:51'),
(238, 1, 'xDPdGTTSIZsr82O3hZKlRK91fK5J5gP8', '2017-06-22 12:22:08', '2017-06-22 12:22:08'),
(239, 1, 'opKqw2SnV803NS7JKWZUGROE6khvmVAT', '2017-06-22 13:19:47', '2017-06-22 13:19:47'),
(240, 1, 'f6rufzwUloNCExrHjxQpt7sKy8csNbtV', '2017-06-22 17:52:35', '2017-06-22 17:52:35'),
(241, 1, 'yQG4rrS0eCLLVK9LUR4OefVCj3M6jPwm', '2017-06-22 20:38:37', '2017-06-22 20:38:37'),
(243, 2, '5dagzMBYU3Xxsj3nEHmLtyzummQKxtAO', '2017-06-23 12:36:12', '2017-06-23 12:36:12'),
(244, 1, 'hHpaVaveXXzodg7xALP4HnHtYVKd3Db1', '2017-06-23 13:19:58', '2017-06-23 13:19:58'),
(245, 1, 'wFvwYgTfIeCVUmDFYlrDEpxPcWb8uywR', '2017-06-23 13:59:26', '2017-06-23 13:59:26'),
(246, 1, '1P6I89j4yDJZgSRrLxtgsvGVZPT7kNgg', '2017-06-23 14:06:12', '2017-06-23 14:06:12'),
(247, 1, 'vRKTiqaxETUPAsVE2RfFnsu42MSNfkKd', '2017-06-23 14:22:56', '2017-06-23 14:22:56'),
(248, 1, '3fdkb9Dx0J95CnCPEntcNDitq684ijEP', '2017-06-23 18:21:58', '2017-06-23 18:21:58'),
(249, 2, 'Nv0vzqBpsdOLN5U8iRr97YN31xKTK6Bs', '2017-06-23 18:49:29', '2017-06-23 18:49:29'),
(250, 1, 'fbozJEXRCDK911y4GHPX5ErmLswx9kht', '2017-06-24 13:16:11', '2017-06-24 13:16:11'),
(251, 1, 'mI4Oi7e789smEuRvYrzf5NHYwm0YAlgG', '2017-06-26 12:28:50', '2017-06-26 12:28:50'),
(252, 2, 'wklVX5vZZpzeBufFiTSfqxBdBPVihpkY', '2017-06-26 15:43:23', '2017-06-26 15:43:23'),
(253, 2, 'rmtj4FqeXmRzhsiSEly5ef8hU7w6iAk2', '2017-06-26 18:25:00', '2017-06-26 18:25:00'),
(254, 1, 'oEh2iKozadDiWMJoKQ2tuQl7FPK81NPo', '2017-06-26 18:25:47', '2017-06-26 18:25:47'),
(255, 1, 'R24yj0477NN1RS5jC9vY6W8YaD6LMSRe', '2017-06-26 19:58:11', '2017-06-26 19:58:11'),
(256, 1, 'C7V3pJ2RhivYXXNc6lo4BCQ7bDkmLNzc', '2017-06-27 15:10:48', '2017-06-27 15:10:48'),
(257, 1, 'q1qBRZEdP1mf8yJ5X3CZDkX94dsfnf2I', '2017-06-27 16:23:18', '2017-06-27 16:23:18'),
(258, 1, 'R8kvGo6TfpasMS8hMEoYziQ1UTvDP4Hs', '2017-06-27 18:01:29', '2017-06-27 18:01:29'),
(259, 2, 'zeh7o6KFkio8GYNrNMsvcER4MxSvmrIb', '2017-06-27 18:05:24', '2017-06-27 18:05:24'),
(260, 1, '4qE7FwZ9SdHJ5vGCwK5921iMehllJqeu', '2017-06-27 19:26:23', '2017-06-27 19:26:23'),
(261, 2, 'YnROdroTtxOT1yORo7eak2p1S74lnb82', '2017-06-28 12:28:43', '2017-06-28 12:28:43'),
(262, 1, 'efRSneFGcQDActS341frWDrNkB5rR0BH', '2017-06-28 15:22:40', '2017-06-28 15:22:40'),
(263, 2, 'qQ7x6mhhPMJvpob7KbANPNHW1sYMKf3w', '2017-06-28 18:39:36', '2017-06-28 18:39:36'),
(264, 1, '08AxDGGLFHn0bSL8zVZjVXsAVIuZyLIv', '2017-06-28 21:30:20', '2017-06-28 21:30:20'),
(265, 1, 'bskOCyGWFM0euM0zhokMrXeeZHbANvV7', '2017-06-29 15:29:00', '2017-06-29 15:29:00'),
(266, 1, 'xdv76XBEpivNde7jhHpc4NM645GQT7ag', '2017-06-29 15:36:31', '2017-06-29 15:36:31'),
(267, 1, '4X74FaJvPtxfJMmDMpATsb0JDl2iopek', '2017-06-29 15:39:43', '2017-06-29 15:39:43'),
(268, 2, 'NQMn9kNduRaaLR0kylEpmfZuNUJs9YNI', '2017-06-29 16:01:45', '2017-06-29 16:01:45'),
(269, 1, 'swNqLBz6Az91F9gZgUWIb9xRU8IirOgq', '2017-06-29 18:38:19', '2017-06-29 18:38:19'),
(270, 2, 'sBLdsR6ZmtEm1UHMjUjrzgHChg85OHsi', '2017-06-29 19:46:11', '2017-06-29 19:46:11'),
(271, 1, 'NSe4V00fVIwTiqMoYKiRUTTRjk6ryGPE', '2017-06-29 21:35:23', '2017-06-29 21:35:23'),
(272, 2, '7PkXuxf45rAsUeeY7Z4EZMIHRsfhYMPW', '2017-06-30 14:15:05', '2017-06-30 14:15:05'),
(273, 1, 'SQSGalSjTaI1o6M1fTzfNtxaZOwtKkg5', '2017-07-01 15:27:48', '2017-07-01 15:27:48'),
(274, 1, 'ACcK7dYOV4AMTeFkMn176NK26N9CuAa0', '2017-07-01 18:19:46', '2017-07-01 18:19:46'),
(275, 1, 'VWXbsZkMQpb0x5sGUhBcbQZ6Hzi5gdfa', '2017-07-01 21:41:34', '2017-07-01 21:41:34'),
(276, 2, 'BPYpFWrVl65JOxk60bbiM9bhJdzSjEqm', '2017-07-03 18:27:32', '2017-07-03 18:27:32'),
(277, 2, '8D7DqEC279Wq7CcXj2oNt3eNHuy8AVVc', '2017-07-05 12:50:29', '2017-07-05 12:50:29'),
(279, 2, 'Ehu1OLjGaFNsOrfvuYTl6IV8HgkDxBL6', '2017-07-05 20:34:36', '2017-07-05 20:34:36'),
(280, 1, 'mPZXrhFgbKbEzegFVq19jiPFfPjpRwSZ', '2017-07-07 02:16:42', '2017-07-07 02:16:42'),
(281, 1, 'CDgXGK9zYXfPifOW4N9kYkt9ijAqioBG', '2017-07-07 22:37:29', '2017-07-07 22:37:29'),
(282, 2, 'STPfTRG4O8593liCa9BOSmPUPvIiGdB1', '2017-07-08 13:53:05', '2017-07-08 13:53:05'),
(283, 1, 'moqICCiFGOSFcr9XpQyMuyx4Qi7FlLw5', '2017-07-08 14:38:57', '2017-07-08 14:38:57'),
(284, 1, 'oNMWTviI1PY3DT1VSm5C4oK1byWnTNXQ', '2017-07-12 14:03:16', '2017-07-12 14:03:16'),
(285, 2, 'mUEMTHdWI0guPzBRw9mvPNO35IzjT9sa', '2017-07-13 13:15:06', '2017-07-13 13:15:06'),
(286, 2, '1dnOZGPawTLtJghYTmlRJYyJrOMDalC8', '2017-07-14 15:35:25', '2017-07-14 15:35:25'),
(287, 2, 'TugiW45o5WNtsLruNuYwMsRMzlmH921M', '2017-07-15 14:54:19', '2017-07-15 14:54:19'),
(288, 1, 'IvHCb57qGfVpHJPb3EtsmGd0MsqsorGu', '2017-07-15 15:12:29', '2017-07-15 15:12:29'),
(289, 5, 'e8LM8YDRjZOGowZGkGOPH1s3KjIR4XLr', '2017-07-15 15:53:53', '2017-07-15 15:53:53'),
(290, 2, '5zpN34ds4HE6y2435nUN2GMUyH0hsTPA', '2017-07-20 18:20:12', '2017-07-20 18:20:12'),
(291, 2, 'LSwnBltwFkrO4AXTSXNZ05jRyn0qkbY9', '2017-07-20 18:20:17', '2017-07-20 18:20:17'),
(292, 2, '1kNARKlqHgOuj5vtBOUVpOtmLqJwUeiO', '2017-07-21 15:03:58', '2017-07-21 15:03:58'),
(293, 1, 'cvDvfeysp6nHW37E8gk6uHZ06gAdU8Rh', '2017-07-21 18:05:56', '2017-07-21 18:05:56'),
(294, 2, 'A36ljYrFLIPu936XCgd1RMgOjeW9nEW4', '2017-07-21 18:13:27', '2017-07-21 18:13:27'),
(295, 2, '9UUmz62Y0mMYjDtCbUXp8KjeuCydfJpW', '2017-07-22 14:40:16', '2017-07-22 14:40:16'),
(296, 1, '8Y0SDCwB1mTSQb4OXyfTu7Gd8Ndry04Q', '2017-07-22 15:54:43', '2017-07-22 15:54:43'),
(298, 1, 'i8Z1hdj1rv3Rc8gJgsqcDQ5WBoZmS07D', '2017-07-24 22:12:51', '2017-07-24 22:12:51'),
(299, 1, 'dSqHHOsDAjGHRUin7fHJL15smH8iMGCf', '2017-07-25 12:11:22', '2017-07-25 12:11:22'),
(300, 1, 'lnVlgkHVxD4BYkrzMWRYrEnNvGSuBCAg', '2017-07-25 12:29:16', '2017-07-25 12:29:16'),
(301, 1, 'OMSeGIO6a4jW9w3AMTzKT6s4GsJ5fQmX', '2017-07-25 14:28:44', '2017-07-25 14:28:44'),
(302, 6, 'f3DucBYY9XDEv6ciy8qORm1QM8ezGHfS', '2017-07-25 14:58:09', '2017-07-25 14:58:09'),
(303, 1, 'ZzM9BvKMxQuSG5oHeP9mWEaQbjoZ1H4p', '2017-07-25 16:37:16', '2017-07-25 16:37:16'),
(304, 2, 'TWVyiExTZqn1nY9gz4RYvmoKzdMtMuLx', '2017-07-25 18:17:47', '2017-07-25 18:17:47'),
(305, 1, 'qUWcEtZ9plZwpk2nOUcqYzLwWnFY5nOt', '2017-07-25 21:02:31', '2017-07-25 21:02:31'),
(306, 6, 'ixG37RlLcERcWAb5iaSU0kD5U3RWo2bV', '2017-07-25 21:04:43', '2017-07-25 21:04:43'),
(307, 1, 'IyBgCDJdfTED809FxqdwRSppvCMAPk8z', '2017-07-27 01:46:46', '2017-07-27 01:46:46'),
(308, 2, 'hIslU1RdbK1JX61pLyZz4sXm7Q2Sw6yD', '2017-07-27 13:58:57', '2017-07-27 13:58:57'),
(309, 1, 'KWcjqlnL9nhokTCaYLbS5rQ2N3019Rga', '2017-07-27 18:10:23', '2017-07-27 18:10:23'),
(310, 2, '2mxIbw4Tbqx89jOzIznZhrUyFQ107TPA', '2017-07-28 15:43:12', '2017-07-28 15:43:12'),
(311, 1, 'dG9A0QMUTbZsliyhtX4z63QZ91KBxfvw', '2017-07-28 23:11:13', '2017-07-28 23:11:13'),
(312, 1, 'JF7aQ0cLw2mkhIqIx329c08Bc40x04Z8', '2017-08-01 22:30:22', '2017-08-01 22:30:22'),
(313, 6, '5jyyTSEWuBX6W6tKrWi0UbD295wLBUQa', '2017-08-01 22:30:45', '2017-08-01 22:30:45'),
(318, 1, 'SBuhd9iOdRM7cTuebiB29834FhWHVHfK', '2017-08-01 23:01:47', '2017-08-01 23:01:47'),
(319, 1, 'gBvrjx9ubQ5txiesxlUMU1e8hgjZe7Gd', '2017-08-02 00:02:34', '2017-08-02 00:02:34'),
(320, 6, 'LA5DzL1GLRnLGbLJy696g5L4UgR3vVno', '2017-08-02 00:12:55', '2017-08-02 00:12:55'),
(322, 1, 'iY5ZXExXqRRX4i0ASGeOCY93yhVsT1X9', '2017-08-04 00:02:18', '2017-08-04 00:02:18'),
(323, 2, 'fR9OSTTa9b0fZMKJP9ZDI4ciT3RXsSTz', '2017-08-05 14:05:16', '2017-08-05 14:05:16'),
(324, 2, 's8ZaofIzjTG3ocL1kKwSira25HlI8Svo', '2017-08-07 15:47:00', '2017-08-07 15:47:00'),
(325, 1, 'pdvSn4eOka0zbrmqKAr7Xph7EDGOwYjA', '2017-08-07 18:39:55', '2017-08-07 18:39:55'),
(327, 1, 'UGDia56AaDLkfiSZBTSH1MUsp8rwuZbn', '2017-08-09 12:59:20', '2017-08-09 12:59:20'),
(328, 2, 'MMdQnx6SH5TwNG1pRvBs5BXGKFmwq5iR', '2017-08-09 13:07:48', '2017-08-09 13:07:48'),
(329, 2, 'iRWrnP5GQQkalXicBHiDeRiPmdp0Ep4u', '2017-08-10 13:00:14', '2017-08-10 13:00:14'),
(330, 2, 'kD0X1H1bg1I2LsxZDCdHbgJ0C1jZur7p', '2017-08-11 12:54:37', '2017-08-11 12:54:37'),
(331, 1, 'SDSdhbXFLcTDlaGmCO2eRWwHlnBqfqlM', '2017-08-16 19:54:10', '2017-08-16 19:54:10'),
(333, 1, 'gaOOfTGJsmJy3XirdpPB9RYclCK1lbZ9', '2017-08-17 00:12:19', '2017-08-17 00:12:19'),
(334, 1, '2urcWIVq1fSQ48D3vcxdYzpKnnwvFOW8', '2017-08-17 18:11:40', '2017-08-17 18:11:40'),
(335, 2, 'xcKPjGxaoldLIlOpAeypibGJukI4yLLj', '2017-08-17 19:26:03', '2017-08-17 19:26:03'),
(336, 2, 'RTtQBHINUkKQ7eJ85DdzBkKxStjuj3uJ', '2017-08-18 20:13:42', '2017-08-18 20:13:42'),
(337, 1, 'fC0vDVaTUENG6jtOMSJhmpE9zBPhY2wU', '2017-08-21 13:28:40', '2017-08-21 13:28:40');

-- --------------------------------------------------------

--
-- Estructura de tabla para la tabla `productos__altabajaproductos`
--

CREATE TABLE `productos__altabajaproductos` (
  `id` int(10) UNSIGNED NOT NULL,
  `operacion` enum('alta','baja') COLLATE utf8_unicode_ci NOT NULL,
  `descripcion` varchar(255) COLLATE utf8_unicode_ci NOT NULL,
  `cantidad` int(11) NOT NULL,
  `fecha` date NOT NULL,
  `producto_id` int(10) UNSIGNED NOT NULL,
  `usuario_sistema_id` int(10) UNSIGNED NOT NULL,
  `created_at` timestamp NOT NULL DEFAULT '0000-00-00 00:00:00',
  `updated_at` timestamp NOT NULL DEFAULT '0000-00-00 00:00:00'
) ENGINE=InnoDB DEFAULT CHARSET=utf8 COLLATE=utf8_unicode_ci;

-- --------------------------------------------------------

--
-- Estructura de tabla para la tabla `productos__categoriaproductos`
--

CREATE TABLE `productos__categoriaproductos` (
  `id` int(10) UNSIGNED NOT NULL,
  `codigo` varchar(30) COLLATE utf8_unicode_ci DEFAULT NULL,
  `nombre` varchar(40) COLLATE utf8_unicode_ci NOT NULL,
  `descripcion` varchar(255) COLLATE utf8_unicode_ci NOT NULL,
  `created_at` timestamp NOT NULL DEFAULT '0000-00-00 00:00:00',
  `updated_at` timestamp NOT NULL DEFAULT '0000-00-00 00:00:00'
) ENGINE=InnoDB DEFAULT CHARSET=utf8 COLLATE=utf8_unicode_ci;

--
-- Volcado de datos para la tabla `productos__categoriaproductos`
--

INSERT INTO `productos__categoriaproductos` (`id`, `codigo`, `nombre`, `descripcion`, `created_at`, `updated_at`) VALUES
(1, 'ACT', 'ACETATO', '', '2017-04-07 03:03:24', '2017-05-30 02:19:34'),
(2, 'MTL', 'METAL', '', '2017-04-29 14:05:11', '2017-05-30 02:19:23'),
(3, 'TTM', 'TITANIUM', '', '2017-04-29 14:05:35', '2017-05-30 02:19:09'),
(4, 'T90', 'TR90', '', '2017-04-29 14:05:54', '2017-04-29 14:05:54');

-- --------------------------------------------------------

--
-- Estructura de tabla para la tabla `productos__marcas`
--

CREATE TABLE `productos__marcas` (
  `id` int(10) UNSIGNED NOT NULL,
  `codigo` varchar(30) COLLATE utf8_unicode_ci DEFAULT NULL,
  `nombre` varchar(40) COLLATE utf8_unicode_ci NOT NULL,
  `descripcion` varchar(255) COLLATE utf8_unicode_ci NOT NULL,
  `created_at` timestamp NOT NULL DEFAULT '0000-00-00 00:00:00',
  `updated_at` timestamp NOT NULL DEFAULT '0000-00-00 00:00:00'
) ENGINE=InnoDB DEFAULT CHARSET=utf8 COLLATE=utf8_unicode_ci;

--
-- Volcado de datos para la tabla `productos__marcas`
--

INSERT INTO `productos__marcas` (`id`, `codigo`, `nombre`, `descripcion`, `created_at`, `updated_at`) VALUES
(5, NULL, 'A.MAX', '', '2017-05-30 21:14:12', '2017-05-30 21:14:12'),
(9, NULL, 'A.MAX (+1,50)', '', '2017-05-30 22:24:31', '2017-05-30 22:24:31'),
(10, NULL, 'A.MAX (+2,00)', '', '2017-05-30 22:24:31', '2017-05-30 22:24:31'),
(11, NULL, 'AGAPE', '', '2017-05-30 22:24:31', '2017-05-30 22:24:31'),
(12, NULL, 'AKIS', '', '2017-05-30 22:24:31', '2017-05-30 22:24:31'),
(13, NULL, 'ALFANI', '', '2017-05-30 22:24:31', '2017-05-30 22:24:31'),
(14, NULL, 'AMAX', '', '2017-05-30 22:24:31', '2017-05-30 22:24:31'),
(15, NULL, 'ANA HICKMANN', '', '2017-05-30 22:24:31', '2017-05-30 22:24:31'),
(16, NULL, 'ASPHERIC (+2,75)', '', '2017-05-30 22:24:31', '2017-05-30 22:24:31'),
(17, NULL, 'BACHIO', '', '2017-05-30 22:24:31', '2017-05-30 22:24:31'),
(18, NULL, 'BALONG', '', '2017-05-30 22:24:31', '2017-05-30 22:24:31'),
(19, NULL, 'CAILI EYEWEAR', '', '2017-05-30 22:24:31', '2017-05-30 22:24:31'),
(20, NULL, 'CARRERA', '', '2017-05-30 22:24:31', '2017-05-30 22:24:31'),
(21, NULL, 'CHANEL', '', '2017-05-30 22:24:31', '2017-05-30 22:24:31'),
(22, NULL, 'CSC CONTINENTAL', '', '2017-05-30 22:24:31', '2017-05-30 22:24:31'),
(23, NULL, 'CX NEW VISION', '', '2017-05-30 22:24:31', '2017-05-30 22:24:31'),
(24, NULL, 'DIOR', '', '2017-05-30 22:24:31', '2017-05-30 22:24:31'),
(25, NULL, 'DISCOVERY', '', '2017-05-30 22:24:31', '2017-05-30 22:24:31'),
(26, NULL, 'DOLCE & GABBANA', '', '2017-05-30 22:24:31', '2017-05-30 22:24:31'),
(27, NULL, 'DULCET', '', '2017-05-30 22:24:32', '2017-05-30 22:24:32'),
(28, NULL, 'EDGE', '', '2017-05-30 22:24:32', '2017-05-30 22:24:32'),
(29, NULL, 'EDGEIWEAR', '', '2017-05-30 22:24:32', '2017-05-30 22:24:32'),
(30, NULL, 'FASHION', '', '2017-05-30 22:24:32', '2017-05-30 22:24:32'),
(31, NULL, 'GALLERA', '', '2017-05-30 22:24:32', '2017-05-30 22:24:32'),
(32, NULL, 'GRILAMID', '', '2017-05-30 22:24:32', '2017-05-30 22:24:32'),
(33, NULL, 'GUCCI', '', '2017-05-30 22:24:32', '2017-05-30 22:24:32'),
(34, NULL, 'HERMES PARIS', '', '2017-05-30 22:24:32', '2017-05-30 22:24:32'),
(35, NULL, 'JL', '', '2017-05-30 22:24:32', '2017-05-30 22:24:32'),
(36, NULL, 'LENS', '', '2017-05-30 22:24:32', '2017-05-30 22:24:32'),
(37, NULL, 'MARX', '', '2017-05-30 22:24:32', '2017-05-30 22:24:32'),
(38, NULL, 'MATRIX', '', '2017-05-30 22:24:32', '2017-05-30 22:24:32'),
(39, NULL, 'MUFFLER', '', '2017-05-30 22:24:32', '2017-05-30 22:24:32'),
(40, NULL, 'MYSTIQUE', '', '2017-05-30 22:24:32', '2017-05-30 22:24:32'),
(41, NULL, 'NATALY', '', '2017-05-30 22:24:32', '2017-05-30 22:24:32'),
(42, NULL, 'OPTIC 100', '', '2017-05-30 22:24:32', '2017-05-30 22:24:32'),
(43, NULL, 'PARZIBN', '', '2017-05-30 22:24:32', '2017-05-30 22:24:32'),
(44, NULL, 'PRADA', '', '2017-05-30 22:24:32', '2017-05-30 22:24:32'),
(45, NULL, 'RAYBAN', '', '2017-05-30 22:24:32', '2017-05-30 22:24:32'),
(46, NULL, 'SAN MARCA', '', '2017-05-30 22:24:32', '2017-05-30 22:24:32'),
(47, NULL, 'SCORPION', '', '2017-05-30 22:24:32', '2017-05-30 22:24:32'),
(48, NULL, 'SHATTRRESISTANT', '', '2017-05-30 22:24:32', '2017-05-30 22:24:32'),
(49, NULL, 'SILLONEFE', '', '2017-05-30 22:24:32', '2017-05-30 22:24:32'),
(50, NULL, 'SILOE', '', '2017-05-30 22:24:32', '2017-05-30 22:24:32'),
(51, NULL, 'SIN MARCA', '', '2017-05-30 22:24:32', '2017-05-30 22:24:32'),
(52, NULL, 'SPORT', '', '2017-05-30 22:24:33', '2017-05-30 22:24:33'),
(53, NULL, 'SPRING HINGE', '', '2017-05-30 22:24:33', '2017-05-30 22:24:33'),
(54, NULL, 'STEFFANI', '', '2017-05-30 22:24:33', '2017-05-30 22:24:33'),
(55, NULL, 'TAC', '', '2017-05-30 22:24:34', '2017-05-30 22:24:34'),
(56, NULL, 'TAC POLARIZED', '', '2017-05-30 22:24:34', '2017-05-30 22:24:34'),
(57, NULL, 'TIO SMITH', '', '2017-05-30 22:24:34', '2017-05-30 22:24:34'),
(58, NULL, 'TITANIUM', '', '2017-05-30 22:24:34', '2017-05-30 22:24:34'),
(59, NULL, 'UNICITY', '', '2017-05-30 22:24:34', '2017-05-30 22:24:34'),
(60, NULL, 'VISARD', '', '2017-05-30 22:24:34', '2017-05-30 22:24:34'),
(61, NULL, 'WAL STREEL', '', '2017-05-30 22:24:34', '2017-05-30 22:24:34'),
(62, NULL, 'GEORGE', '', '2017-07-08 15:29:28', '2017-07-08 15:29:28'),
(63, NULL, 'CNX EYEWEAR', '', '2017-07-08 15:31:19', '2017-07-08 15:31:19');

-- --------------------------------------------------------

--
-- Estructura de tabla para la tabla `productos__productos`
--

CREATE TABLE `productos__productos` (
  `id` int(10) UNSIGNED NOT NULL,
  `nombre` varchar(40) COLLATE utf8_unicode_ci DEFAULT NULL,
  `codigo` varchar(30) COLLATE utf8_unicode_ci DEFAULT NULL,
  `precio_compra` bigint(20) NOT NULL,
  `precio_compra_promedio` double(12,5) NOT NULL,
  `precio_venta` bigint(20) NOT NULL,
  `fecha_compra` date NOT NULL,
  `stock` double(7,1) NOT NULL,
  `stock_minimo` double(7,1) NOT NULL,
  `activo` tinyint(1) NOT NULL,
  `archivo` varchar(255) COLLATE utf8_unicode_ci NOT NULL,
  `mime` varchar(255) COLLATE utf8_unicode_ci NOT NULL,
  `categoria_id` int(10) UNSIGNED NOT NULL,
  `marca_id` int(10) UNSIGNED NOT NULL,
  `created_at` timestamp NOT NULL DEFAULT '0000-00-00 00:00:00',
  `updated_at` timestamp NOT NULL DEFAULT '0000-00-00 00:00:00'
) ENGINE=InnoDB DEFAULT CHARSET=utf8 COLLATE=utf8_unicode_ci;

--
-- Volcado de datos para la tabla `productos__productos`
--

INSERT INTO `productos__productos` (`id`, `nombre`, `codigo`, `precio_compra`, `precio_compra_promedio`, `precio_venta`, `fecha_compra`, `stock`, `stock_minimo`, `activo`, `archivo`, `mime`, `categoria_id`, `marca_id`, `created_at`, `updated_at`) VALUES
(3, NULL, 'A1113', 0, 0.00000, 220000, '2000-01-01', 1.0, 0.0, 1, '', '', 2, 5, '2017-05-30 22:24:31', '2017-05-30 22:24:31'),
(4, NULL, 'A1251', 0, 0.00000, 220000, '2000-01-01', 3.0, 0.0, 1, '', '', 2, 5, '2017-05-30 22:24:31', '2017-05-30 22:24:31'),
(5, NULL, '7844', 0, 0.00000, 50000, '2000-01-01', 7.0, 0.0, 1, '', '', 2, 9, '2017-05-30 22:24:31', '2017-05-30 22:24:31'),
(6, NULL, '8055', 0, 0.00000, 50000, '2000-01-01', 1.0, 0.0, 1, '', '', 2, 10, '2017-05-30 22:24:31', '2017-05-30 22:24:31'),
(7, NULL, '294', 0, 0.00000, 380000, '2000-01-01', 1.0, 0.0, 1, '', '', 4, 11, '2017-05-30 22:24:31', '2017-05-30 22:24:31'),
(8, NULL, 'A1159', 0, 0.00000, 220000, '2000-01-01', 1.0, 0.0, 1, '', '', 2, 11, '2017-05-30 22:24:31', '2017-05-30 22:24:31'),
(9, NULL, '797', 0, 0.00000, 380000, '2000-01-01', 1.0, 0.0, 1, '', '', 2, 11, '2017-05-30 22:24:31', '2017-05-30 22:24:31'),
(10, NULL, 'A1009', 0, 0.00000, 220000, '2000-01-01', 1.0, 0.0, 1, '', '', 2, 11, '2017-05-30 22:24:31', '2017-05-30 22:24:31'),
(11, NULL, 'PB1004', 0, 0.00000, 380000, '2000-01-01', 1.0, 0.0, 1, '', '', 1, 11, '2017-05-30 22:24:31', '2017-05-30 22:24:31'),
(12, NULL, 'G213', 0, 0.00000, 380000, '2000-01-01', 2.0, 0.0, 1, '', '', 1, 11, '2017-05-30 22:24:31', '2017-05-30 22:24:31'),
(13, NULL, 'AGAPE714', 0, 0.00000, 380000, '2000-01-01', 1.0, 0.0, 1, '', '', 1, 11, '2017-05-30 22:24:31', '2017-05-30 22:24:31'),
(14, NULL, 'K2110-1', 0, 0.00000, 380000, '2000-01-01', 1.0, 0.0, 1, '', '', 1, 11, '2017-05-30 22:24:31', '2017-05-30 22:24:31'),
(15, NULL, 'AGAPES3018', 0, 0.00000, 380000, '2000-01-01', 1.0, 0.0, 1, '', '', 1, 11, '2017-05-30 22:24:31', '2017-05-30 22:24:31'),
(16, NULL, 'AGAPE296', 0, 0.00000, 380000, '2000-01-01', 2.0, 0.0, 1, '', '', 2, 11, '2017-05-30 22:24:31', '2017-05-30 22:24:31'),
(17, NULL, 'AGAPE821', 0, 0.00000, 380000, '2000-01-01', 1.0, 0.0, 1, '', '', 2, 11, '2017-05-30 22:24:31', '2017-05-30 22:24:31'),
(18, NULL, 'A1162', 0, 0.00000, 180000, '2000-01-01', 1.0, 0.0, 1, '', '', 2, 11, '2017-05-30 22:24:31', '2017-05-30 22:24:31'),
(19, NULL, 'A1194', 0, 0.00000, 180000, '2000-01-01', 0.0, 0.0, 1, '', '', 2, 11, '2017-05-30 22:24:31', '2017-05-30 22:24:31'),
(20, NULL, '268CGREY', 0, 0.00000, 380000, '2000-01-01', 0.0, 0.0, 1, '', '', 2, 11, '2017-05-30 22:24:31', '2017-05-30 22:24:31'),
(21, NULL, '291CBROWN', 0, 0.00000, 380000, '2000-01-01', 0.0, 0.0, 1, '', '', 2, 11, '2017-05-30 22:24:31', '2017-05-30 22:24:31'),
(22, NULL, '294CBLUE', 0, 0.00000, 380000, '2000-01-01', 0.0, 0.0, 1, '', '', 4, 11, '2017-05-30 22:24:31', '2017-05-30 22:24:31'),
(23, NULL, '294CPINK', 0, 0.00000, 380000, '2000-01-01', 0.0, 0.0, 1, '', '', 4, 11, '2017-05-30 22:24:31', '2017-05-30 22:24:31'),
(24, NULL, '296CGREY', 0, 0.00000, 380000, '2000-01-01', 0.0, 0.0, 1, '', '', 2, 11, '2017-05-30 22:24:31', '2017-05-30 22:24:31'),
(25, NULL, '296CPINK', 0, 0.00000, 380000, '2000-01-01', -1.0, 0.0, 1, '', '', 2, 11, '2017-05-30 22:24:31', '2017-05-30 22:24:31'),
(26, NULL, '318C4', 0, 0.00000, 380000, '2000-01-01', 0.0, 0.0, 1, '', '', 1, 11, '2017-05-30 22:24:31', '2017-05-30 22:24:31'),
(27, NULL, '714BLACK', 0, 0.00000, 380000, '2000-01-01', 0.0, 0.0, 1, '', '', 1, 11, '2017-05-30 22:24:31', '2017-05-30 22:24:31'),
(28, NULL, '714CBROWN', 0, 0.00000, 380000, '2000-01-01', 0.0, 0.0, 1, '', '', 4, 11, '2017-05-30 22:24:31', '2017-05-30 22:24:31'),
(29, NULL, '714CNAR', 0, 0.00000, 380000, '2000-01-01', 0.0, 0.0, 1, '', '', 4, 11, '2017-05-30 22:24:31', '2017-05-30 22:24:31'),
(30, NULL, '797CBLACK', 0, 0.00000, 380000, '2000-01-01', 0.0, 0.0, 1, '', '', 2, 11, '2017-05-30 22:24:31', '2017-05-30 22:24:31'),
(31, NULL, '821CGREY', 0, 0.00000, 380000, '2000-01-01', 0.0, 0.0, 1, '', '', 2, 11, '2017-05-30 22:24:31', '2017-05-30 22:24:31'),
(32, NULL, 'K210-1', 0, 0.00000, 380000, '2000-01-01', 0.0, 0.0, 1, '', '', 1, 11, '2017-05-30 22:24:31', '2017-05-30 22:24:31'),
(33, NULL, 'PB1004CAMAR', 0, 0.00000, 380000, '2000-01-01', 0.0, 0.0, 1, '', '', 4, 11, '2017-05-30 22:24:31', '2017-05-30 22:24:31'),
(34, NULL, 'PB1004CNAR', 0, 0.00000, 380000, '2000-01-01', 0.0, 0.0, 1, '', '', 4, 11, '2017-05-30 22:24:31', '2017-05-30 22:24:31'),
(35, NULL, 'PB1004CVER', 0, 0.00000, 380000, '2000-01-01', 0.0, 0.0, 1, '', '', 4, 11, '2017-05-30 22:24:31', '2017-05-30 22:24:31'),
(36, NULL, 'LF-1042', 0, 0.00000, 180000, '2000-01-01', 1.0, 0.0, 1, '', '', 2, 12, '2017-05-30 22:24:31', '2017-05-30 22:24:31'),
(37, NULL, 'LF-1043', 0, 0.00000, 180000, '2000-01-01', 1.0, 0.0, 1, '', '', 2, 12, '2017-05-30 22:24:31', '2017-05-30 22:24:31'),
(38, NULL, 'B5464', 0, 0.00000, 280000, '2000-01-01', 1.0, 0.0, 1, '', '', 4, 13, '2017-05-30 22:24:31', '2017-05-30 22:24:31'),
(39, NULL, 'B5221', 0, 0.00000, 100000, '2000-01-01', 1.0, 0.0, 1, '', '', 1, 13, '2017-05-30 22:24:31', '2017-05-30 22:24:31'),
(40, NULL, 'A1109', 0, 0.00000, 250000, '2000-01-01', 0.0, 0.0, 1, '', '', 2, 14, '2017-05-30 22:24:31', '2017-05-30 22:24:31'),
(41, NULL, 'A1129', 0, 0.00000, 180000, '2000-01-01', 0.0, 0.0, 1, '', '', 2, 14, '2017-05-30 22:24:31', '2017-05-30 22:24:31'),
(42, NULL, 'A1157', 0, 0.00000, 250000, '2000-01-01', 0.0, 0.0, 1, '', '', 2, 14, '2017-05-30 22:24:31', '2017-05-30 22:24:31'),
(43, NULL, 'A1161', 0, 0.00000, 220000, '2000-01-01', 0.0, 0.0, 1, '', '', 2, 14, '2017-05-30 22:24:31', '2017-05-30 22:24:31'),
(44, NULL, 'A1164', 0, 0.00000, 180000, '2000-01-01', 0.0, 0.0, 1, '', '', 2, 14, '2017-05-30 22:24:31', '2017-05-30 22:24:31'),
(45, NULL, 'A1165', 0, 0.00000, 180000, '2000-01-01', 0.0, 0.0, 1, '', '', 2, 14, '2017-05-30 22:24:31', '2017-05-30 22:24:31'),
(46, NULL, 'A1167', 0, 0.00000, 180000, '2000-01-01', 0.0, 0.0, 1, '', '', 2, 14, '2017-05-30 22:24:31', '2017-05-30 22:24:31'),
(47, NULL, 'A1168', 0, 0.00000, 180000, '2000-01-01', 0.0, 0.0, 1, '', '', 2, 14, '2017-05-30 22:24:31', '2017-05-30 22:24:31'),
(48, NULL, 'A1169', 0, 0.00000, 250000, '2000-01-01', 0.0, 0.0, 1, '', '', 2, 14, '2017-05-30 22:24:31', '2017-05-30 22:24:31'),
(49, NULL, 'A1188', 0, 0.00000, 180000, '2000-01-01', 0.0, 0.0, 1, '', '', 2, 14, '2017-05-30 22:24:31', '2017-05-30 22:24:31'),
(50, NULL, 'A1189', 0, 0.00000, 220000, '2000-01-01', 0.0, 0.0, 1, '', '', 2, 14, '2017-05-30 22:24:31', '2017-05-30 22:24:31'),
(51, NULL, 'A1190', 0, 0.00000, 180000, '2000-01-01', 0.0, 0.0, 1, '', '', 2, 14, '2017-05-30 22:24:31', '2017-05-30 22:24:31'),
(52, NULL, 'A1193', 0, 0.00000, 180000, '2000-01-01', 0.0, 0.0, 1, '', '', 2, 14, '2017-05-30 22:24:31', '2017-05-30 22:24:31'),
(53, NULL, 'A1228', 0, 0.00000, 250000, '2000-01-01', 0.0, 0.0, 1, '', '', 1, 14, '2017-05-30 22:24:31', '2017-05-30 22:24:31'),
(54, NULL, 'A1229', 0, 0.00000, 220000, '2000-01-01', 0.0, 0.0, 1, '', '', 1, 14, '2017-05-30 22:24:31', '2017-05-30 22:24:31'),
(55, NULL, 'AH1151', 0, 0.00000, 250000, '2000-01-01', 2.0, 0.0, 1, '', '', 2, 15, '2017-05-30 22:24:31', '2017-05-30 22:24:31'),
(56, NULL, '5408685', 0, 0.00000, 100000, '2000-01-01', 4.0, 0.0, 1, '', '', 1, 16, '2017-05-30 22:24:31', '2017-05-30 22:24:31'),
(57, NULL, 'BT2173', 0, 45000.00000, 220000, '2000-01-01', 0.8, 0.0, 1, '', '', 2, 17, '2017-05-30 22:24:31', '2017-05-30 22:24:31'),
(58, NULL, 'BJA6972', 0, 0.00000, 180000, '2000-01-01', -1.0, 0.0, 1, '', '', 2, 17, '2017-05-30 22:24:31', '2017-05-30 22:24:31'),
(59, NULL, 'BC1802', 0, 0.00000, 180000, '2000-01-01', 1.0, 0.0, 1, '', '', 2, 17, '2017-05-30 22:24:31', '2017-05-30 22:24:31'),
(60, NULL, 'BJA6976', 0, 0.00000, 180000, '2000-01-01', 1.0, 0.0, 1, '', '', 2, 17, '2017-05-30 22:24:31', '2017-05-30 22:24:31'),
(61, NULL, 'BJA1098', 0, 0.00000, 300000, '2000-01-01', 1.0, 0.0, 1, '', '', 2, 17, '2017-05-30 22:24:31', '2017-05-30 22:24:31'),
(62, NULL, 'BJA6932', 0, 0.00000, 180000, '2000-01-01', 1.0, 0.0, 1, '', '', 2, 17, '2017-05-30 22:24:31', '2017-05-30 22:24:31'),
(63, NULL, 'BJ6434', 0, 0.00000, 180000, '2000-01-01', 1.0, 0.0, 1, '', '', 2, 17, '2017-05-30 22:24:31', '2017-05-30 22:24:31'),
(64, NULL, 'BJA649', 0, 0.00000, 180000, '2000-01-01', 1.0, 0.0, 1, '', '', 2, 17, '2017-05-30 22:24:31', '2017-05-30 22:24:31'),
(65, NULL, 'BT-2173', 0, 0.00000, 220000, '2000-01-01', 0.0, 0.0, 1, '', '', 2, 17, '2017-05-30 22:24:31', '2017-05-30 22:24:31'),
(66, NULL, 'TRB6621-3', 0, 0.00000, 250000, '2000-01-01', 1.0, 0.0, 1, '', '', 4, 18, '2017-05-30 22:24:31', '2017-05-30 22:24:31'),
(67, NULL, 'CH8610', 0, 0.00000, 250000, '2000-01-01', 1.0, 0.0, 1, '', '', 1, 19, '2017-05-30 22:24:31', '2017-05-30 22:24:31'),
(68, NULL, 'CAG195', 0, 0.00000, 280000, '2000-01-01', 1.0, 0.0, 1, '', '', 1, 20, '2017-05-30 22:24:31', '2017-05-30 22:24:31'),
(69, NULL, 'CA6618', 0, 0.00000, 350000, '2000-01-01', 1.0, 0.0, 1, '', '', 1, 20, '2017-05-30 22:24:31', '2017-05-30 22:24:31'),
(70, NULL, 'CA6195HWA', 0, 0.00000, 250000, '2000-01-01', 0.0, 0.0, 1, '', '', 1, 20, '2017-05-30 22:24:31', '2017-05-30 22:24:31'),
(71, NULL, 'CA6195HY5', 0, 0.00000, 200000, '2000-01-01', -1.0, 0.0, 1, '', '', 1, 20, '2017-05-30 22:24:31', '2017-05-30 22:24:31'),
(72, NULL, 'C1286', 0, 0.00000, 250000, '2000-01-01', 3.0, 0.0, 1, '', '', 1, 21, '2017-05-30 22:24:31', '2017-05-30 22:24:31'),
(73, NULL, 'C714', 0, 0.00000, 250000, '2000-01-01', 1.0, 0.0, 1, '', '', 1, 21, '2017-05-30 22:24:31', '2017-05-30 22:24:31'),
(74, NULL, 'C1734', 0, 0.00000, 250000, '2000-01-01', 2.0, 0.0, 1, '', '', 1, 21, '2017-05-30 22:24:31', '2017-05-30 22:24:31'),
(75, NULL, 'C1754', 0, 0.00000, 350000, '2000-01-01', 1.0, 0.0, 1, '', '', 1, 21, '2017-05-30 22:24:31', '2017-05-30 22:24:31'),
(76, NULL, '3221QC1286', 0, 0.00000, 250000, '2000-01-01', 0.0, 0.0, 1, '', '', 1, 21, '2017-05-30 22:24:31', '2017-05-30 22:24:31'),
(77, NULL, '3221QC1734', 0, 0.00000, 250000, '2000-01-01', 0.0, 0.0, 1, '', '', 1, 21, '2017-05-30 22:24:31', '2017-05-30 22:24:31'),
(78, NULL, '32227C1754', 0, 0.00000, 350000, '2000-01-01', 0.0, 0.0, 1, '', '', 1, 21, '2017-05-30 22:24:31', '2017-05-30 22:24:31'),
(79, NULL, '3222QC1286', 0, 0.00000, 390000, '2000-01-01', 0.0, 0.0, 1, '', '', 1, 21, '2017-05-30 22:24:31', '2017-05-30 22:24:31'),
(80, NULL, '3222QC1734', 0, 0.00000, 350000, '2000-01-01', 0.0, 0.0, 1, '', '', 1, 21, '2017-05-30 22:24:31', '2017-05-30 22:24:31'),
(81, NULL, '3225C714', 0, 0.00000, 250000, '2000-01-01', 0.0, 0.0, 1, '', '', 1, 21, '2017-05-30 22:24:31', '2017-05-30 22:24:31'),
(82, NULL, '135JEFFREY', 0, 0.00000, 220000, '2000-01-01', 1.0, 0.0, 1, '', '', 2, 22, '2017-05-30 22:24:31', '2017-05-30 22:24:31'),
(83, NULL, 'CX-3', 0, 0.00000, 220000, '2000-01-01', 1.0, 0.0, 1, '', '', 1, 23, '2017-05-30 22:24:31', '2017-05-30 22:24:31'),
(84, NULL, 'CX-4', 0, 0.00000, 200000, '2000-01-01', 3.0, 0.0, 1, '', '', 1, 23, '2017-05-30 22:24:31', '2017-05-30 22:24:31'),
(85, NULL, 'CX-5', 0, 0.00000, 200000, '2000-01-01', 2.0, 0.0, 1, '', '', 1, 23, '2017-05-30 22:24:31', '2017-05-30 22:24:31'),
(86, NULL, 'CX-2', 0, 0.00000, 120000, '2000-01-01', 1.0, 0.0, 1, '', '', 1, 23, '2017-05-30 22:24:31', '2017-05-30 22:24:31'),
(87, NULL, 'CD1716', 0, 0.00000, 200000, '2000-01-01', 0.0, 0.0, 1, '', '', 1, 24, '2017-05-30 22:24:31', '2017-05-30 22:24:31'),
(88, NULL, 'CD3716', 0, 0.00000, 200000, '2000-01-01', 0.0, 0.0, 1, '', '', 1, 24, '2017-05-30 22:24:31', '2017-05-30 22:24:31'),
(89, NULL, 'DP016', 0, 0.00000, 300000, '2000-01-01', 1.0, 0.0, 1, '', '', 1, 25, '2017-05-30 22:24:31', '2017-05-30 22:24:31'),
(90, NULL, 'DD016', 0, 0.00000, 300000, '2000-01-01', 1.0, 0.0, 1, '', '', 1, 25, '2017-05-30 22:24:31', '2017-05-30 22:24:31'),
(91, NULL, 'DP015', 0, 0.00000, 350000, '2000-01-01', 1.0, 0.0, 1, '', '', 1, 25, '2017-05-30 22:24:31', '2017-05-30 22:24:31'),
(92, NULL, 'EDMPO11', 0, 0.00000, 250000, '2000-01-01', 0.0, 0.0, 1, '', '', 2, 25, '2017-05-30 22:24:31', '2017-05-30 22:24:31'),
(93, NULL, 'DP9011', 0, 0.00000, 250000, '2000-01-01', 0.0, 0.0, 1, '', '', 2, 25, '2017-05-30 22:24:31', '2017-05-30 22:24:31'),
(94, NULL, 'DMP011', 0, 0.00000, 250000, '2000-01-01', 1.0, 0.0, 1, '', '', 2, 25, '2017-05-30 22:24:31', '2017-05-30 22:24:31'),
(95, NULL, 'EMPO11', 0, 0.00000, 100000, '2000-01-01', 1.0, 0.0, 1, '', '', 2, 25, '2017-05-30 22:24:31', '2017-05-30 22:24:31'),
(96, NULL, 'D&G', 0, 0.00000, 200000, '2000-01-01', 1.0, 0.0, 1, '', '', 1, 26, '2017-05-30 22:24:31', '2017-05-30 22:24:31'),
(97, NULL, 'DG2450', 0, 0.00000, 250000, '2000-01-01', 0.0, 0.0, 1, '', '', 1, 26, '2017-05-30 22:24:31', '2017-05-30 22:24:31'),
(98, NULL, 'DG2459', 0, 0.00000, 250000, '2000-01-01', 0.0, 0.0, 1, '', '', 1, 26, '2017-05-30 22:24:31', '2017-05-30 22:24:31'),
(99, NULL, 'VO2', 0, 0.00000, 200000, '2000-01-01', 0.0, 0.0, 1, '', '', 1, 26, '2017-05-30 22:24:32', '2017-05-30 22:24:32'),
(100, NULL, 'VOX644', 0, 0.00000, 200000, '2000-01-01', 0.0, 0.0, 1, '', '', 1, 26, '2017-05-30 22:24:32', '2017-05-30 22:24:32'),
(101, NULL, 'MR9005', 0, 0.00000, 250000, '2000-01-01', 5.0, 0.0, 1, '', '', 1, 27, '2017-05-30 22:24:32', '2017-05-30 22:24:32'),
(102, NULL, 'MC3267', 0, 0.00000, 250000, '2000-01-01', 0.0, 0.0, 1, '', '', 1, 27, '2017-05-30 22:24:32', '2017-05-30 22:24:32'),
(103, NULL, 'MC3245', 0, 0.00000, 250000, '2000-01-01', 0.0, 0.0, 1, '', '', 1, 27, '2017-05-30 22:24:32', '2017-05-30 22:24:32'),
(104, NULL, 'MC3249', 0, 0.00000, 250000, '2000-01-01', -1.0, 0.0, 1, '', '', 1, 27, '2017-05-30 22:24:32', '2017-05-30 22:24:32'),
(105, NULL, 'QM0066', 0, 0.00000, 450000, '2000-01-01', 1.0, 0.0, 1, '', '', 2, 28, '2017-05-30 22:24:32', '2017-05-30 22:24:32'),
(106, NULL, 'QM00774', 0, 0.00000, 450000, '2000-01-01', 1.0, 0.0, 1, '', '', 2, 28, '2017-05-30 22:24:32', '2017-05-30 22:24:32'),
(107, NULL, 'QM0076', 0, 0.00000, 520000, '2000-01-01', 1.0, 0.0, 1, '', '', 2, 29, '2017-05-30 22:24:32', '2017-05-30 22:24:32'),
(108, NULL, 'QM0067', 0, 0.00000, 520000, '2000-01-01', 2.0, 0.0, 1, '', '', 2, 29, '2017-05-30 22:24:32', '2017-05-30 22:24:32'),
(109, NULL, 'QM0092', 0, 0.00000, 450000, '2000-01-01', 1.0, 0.0, 1, '', '', 2, 29, '2017-05-30 22:24:32', '2017-05-30 22:24:32'),
(110, NULL, 'QM0081', 0, 0.00000, 400000, '2000-01-01', 1.0, 0.0, 1, '', '', 2, 29, '2017-05-30 22:24:32', '2017-05-30 22:24:32'),
(111, NULL, 'QM0075', 0, 0.00000, 420000, '2000-01-01', 1.0, 0.0, 1, '', '', 2, 29, '2017-05-30 22:24:32', '2017-05-30 22:24:32'),
(112, NULL, '540868SCAMA', 15209, 15209.00000, 100000, '2000-01-01', 0.0, 0.0, 1, '', '', 1, 29, '2017-05-30 22:24:32', '2017-05-30 22:24:32'),
(113, NULL, '540868SCEL', 15209, 15209.00000, 100000, '2000-01-01', 0.0, 0.0, 1, '', '', 1, 29, '2017-05-30 22:24:32', '2017-05-30 22:24:32'),
(114, NULL, '540868SCNAR', 15209, 15209.00000, 100000, '2000-01-01', 0.0, 0.0, 1, '', '', 1, 29, '2017-05-30 22:24:32', '2017-05-30 22:24:32'),
(115, NULL, '540868SCPINK', 15209, 15209.00000, 100000, '2000-01-01', 0.0, 0.0, 1, '', '', 1, 29, '2017-05-30 22:24:32', '2017-05-30 22:24:32'),
(116, NULL, '540868SCVER', 15209, 15209.00000, 100000, '2000-01-01', 0.0, 0.0, 1, '', '', 1, 29, '2017-05-30 22:24:32', '2017-05-30 22:24:32'),
(117, NULL, 'HM221-225', 107359, 107359.00000, 520000, '2000-01-01', 0.0, 0.0, 1, '', '', 1, 29, '2017-05-30 22:24:32', '2017-05-30 22:24:32'),
(118, NULL, 'HM224-156', 90259, 90259.00000, 107359, '2000-01-01', 0.0, 0.0, 1, '', '', 1, 29, '2017-05-30 22:24:32', '2017-05-30 22:24:32'),
(119, NULL, 'QM0016CAZUL', 90259, 90259.00000, 420000, '2000-01-01', 0.0, 0.0, 1, '', '', 2, 29, '2017-05-30 22:24:32', '2017-05-30 22:24:32'),
(120, NULL, 'QM0016CBLACK', 90259, 90259.00000, 520000, '2000-01-01', 0.0, 0.0, 1, '', '', 2, 29, '2017-05-30 22:24:32', '2017-05-30 22:24:32'),
(121, NULL, 'QM0066CDORA', 90259, 90259.00000, 450000, '2000-01-01', 0.0, 0.0, 1, '', '', 2, 29, '2017-05-30 22:24:32', '2017-05-30 22:24:32'),
(122, NULL, 'QM0067CBLACK', 90259, 90259.00000, 520000, '2000-01-01', 0.0, 0.0, 1, '', '', 1, 29, '2017-05-30 22:24:32', '2017-05-30 22:24:32'),
(123, NULL, 'QM0067CCELES', 90259, 90259.00000, 520000, '2000-01-01', 0.0, 0.0, 1, '', '', 1, 29, '2017-05-30 22:24:32', '2017-05-30 22:24:32'),
(124, NULL, 'QM0074CROSA', 95959, 95959.00000, 450000, '2000-01-01', 0.0, 0.0, 1, '', '', 2, 29, '2017-05-30 22:24:32', '2017-05-30 22:24:32'),
(125, NULL, 'QM0076CMARR', 90259, 90259.00000, 520000, '2000-01-01', 0.0, 0.0, 1, '', '', 2, 29, '2017-05-30 22:24:32', '2017-05-30 22:24:32'),
(126, NULL, 'QM0081CGRIS', 61759, 61759.00000, 400000, '2000-01-01', 0.0, 0.0, 1, '', '', 2, 29, '2017-05-30 22:24:32', '2017-05-30 22:24:32'),
(127, NULL, 'QM0092CPINK', 98809, 98809.00000, 450000, '2000-01-01', 0.0, 0.0, 1, '', '', 2, 29, '2017-05-30 22:24:32', '2017-05-30 22:24:32'),
(128, NULL, 'SL1034', 0, 0.00000, 250000, '2000-01-01', 1.0, 0.0, 1, '', '', 1, 19, '2017-05-30 22:24:32', '2017-05-30 22:24:32'),
(129, NULL, 'SL7021', 0, 0.00000, 250000, '2000-01-01', 1.0, 0.0, 1, '', '', 1, 19, '2017-05-30 22:24:32', '2017-05-30 22:24:32'),
(130, NULL, 'MANZINI18', 0, 0.00000, 150000, '2000-01-01', 1.0, 0.0, 1, '', '', 2, 19, '2017-05-30 22:24:32', '2017-05-30 22:24:32'),
(131, NULL, 'SL7026', 0, 0.00000, 250000, '2000-01-01', 0.0, 0.0, 1, '', '', 1, 19, '2017-05-30 22:24:32', '2017-05-30 22:24:32'),
(132, NULL, 'SL8006', 0, 0.00000, 250000, '2000-01-01', 0.0, 0.0, 1, '', '', 1, 19, '2017-05-30 22:24:32', '2017-05-30 22:24:32'),
(133, NULL, '20803CBEIGE', 23759, 23759.00000, 180000, '2000-01-01', 0.0, 0.0, 1, '', '', 2, 30, '2017-05-30 22:24:32', '2017-05-30 22:24:32'),
(134, NULL, '20803CBLACK', 23759, 23759.00000, 180000, '2000-01-01', 0.0, 0.0, 1, '', '', 2, 30, '2017-05-30 22:24:32', '2017-05-30 22:24:32'),
(135, NULL, '20803CPLAT', 23759, 23759.00000, 180000, '2000-01-01', 0.0, 0.0, 1, '', '', 2, 30, '2017-05-30 22:24:32', '2017-05-30 22:24:32'),
(136, NULL, '20812CGRIS', 19009, 19009.00000, 220000, '2000-01-01', 0.0, 0.0, 1, '', '', 2, 30, '2017-05-30 22:24:32', '2017-05-30 22:24:32'),
(137, NULL, '20812CMARR', 19009, 19009.00000, 220000, '2000-01-01', 0.0, 0.0, 1, '', '', 2, 30, '2017-05-30 22:24:32', '2017-05-30 22:24:32'),
(138, NULL, '20812CROJO', 19009, 19009.00000, 220000, '2000-01-01', 0.0, 0.0, 1, '', '', 2, 30, '2017-05-30 22:24:32', '2017-05-30 22:24:32'),
(139, NULL, '25004SCBLACK', 19484, 19484.00000, 220000, '2000-01-01', 0.0, 0.0, 1, '', '', 2, 30, '2017-05-30 22:24:32', '2017-05-30 22:24:32'),
(140, NULL, '25004SCDOR', 19484, 19484.00000, 220000, '2000-01-01', 0.0, 0.0, 1, '', '', 2, 30, '2017-05-30 22:24:32', '2017-05-30 22:24:32'),
(141, NULL, '25004SCGRIS', 19484, 19484.00000, 220000, '2000-01-01', 0.0, 0.0, 1, '', '', 2, 30, '2017-05-30 22:24:32', '2017-05-30 22:24:32'),
(142, NULL, '31956CANIMAL', 15684, 15684.00000, 220000, '2000-01-01', 0.0, 0.0, 1, '', '', 1, 30, '2017-05-30 22:24:32', '2017-05-30 22:24:32'),
(143, NULL, '31956CBEIGE', 15684, 15684.00000, 220000, '2000-01-01', 0.0, 0.0, 1, '', '', 1, 30, '2017-05-30 22:24:32', '2017-05-30 22:24:32'),
(144, NULL, '31956CBLA', 15684, 15684.00000, 220000, '2000-01-01', 0.0, 0.0, 1, '', '', 1, 30, '2017-05-30 22:24:32', '2017-05-30 22:24:32'),
(145, NULL, '540593PCAZUL', 15684, 15684.00000, 100000, '2000-01-01', 0.0, 0.0, 1, '', '', 1, 30, '2017-05-30 22:24:32', '2017-05-30 22:24:32'),
(146, NULL, '540593PCBEIGE', 15684, 15684.00000, 100000, '2000-01-01', 0.0, 0.0, 1, '', '', 1, 30, '2017-05-30 22:24:32', '2017-05-30 22:24:32'),
(147, NULL, '540593PCBLACK', 15684, 15684.00000, 100000, '2000-01-01', 0.0, 0.0, 1, '', '', 1, 30, '2017-05-30 22:24:32', '2017-05-30 22:24:32'),
(148, NULL, '540593PCMARR', 15684, 15684.00000, 100000, '2000-01-01', 0.0, 0.0, 1, '', '', 1, 30, '2017-05-30 22:24:32', '2017-05-30 22:24:32'),
(149, NULL, '540770WDCMAROSC', 16159, 16159.00000, 220000, '2000-01-01', 0.0, 0.0, 1, '', '', 1, 30, '2017-05-30 22:24:32', '2017-05-30 22:24:32'),
(150, NULL, '540770WDCMARRMAD', 16159, 16159.00000, 220000, '2000-01-01', 0.0, 0.0, 1, '', '', 1, 30, '2017-05-30 22:24:32', '2017-05-30 22:24:32'),
(151, NULL, '540770WDCNEGMAR', 16159, 16159.00000, 220000, '2000-01-01', 0.0, 0.0, 1, '', '', 1, 30, '2017-05-30 22:24:32', '2017-05-30 22:24:32'),
(152, NULL, '570009CBLACK', 17109, 17109.00000, 220000, '2000-01-01', 0.0, 0.0, 1, '', '', 1, 30, '2017-05-30 22:24:32', '2017-05-30 22:24:32'),
(153, NULL, '570009CBLAN', 17109, 17109.00000, 220000, '2000-01-01', 0.0, 0.0, 1, '', '', 1, 30, '2017-05-30 22:24:32', '2017-05-30 22:24:32'),
(154, NULL, '570009CGRIS', 17109, 17109.00000, 220000, '2000-01-01', 0.0, 0.0, 1, '', '', 1, 30, '2017-05-30 22:24:32', '2017-05-30 22:24:32'),
(155, NULL, '570009CVER', 17109, 17109.00000, 220000, '2000-01-01', 0.0, 0.0, 1, '', '', 1, 30, '2017-05-30 22:24:32', '2017-05-30 22:24:32'),
(156, NULL, '570052CAMAR', 15209, 15209.00000, 220000, '2000-01-01', 0.0, 0.0, 1, '', '', 1, 30, '2017-05-30 22:24:32', '2017-05-30 22:24:32'),
(157, NULL, '570052CAZUL', 15209, 15209.00000, 220000, '2000-01-01', 0.0, 0.0, 1, '', '', 1, 30, '2017-05-30 22:24:32', '2017-05-30 22:24:32'),
(158, NULL, '570052CBLAN', 15209, 15209.00000, 220000, '2000-01-01', 0.0, 0.0, 1, '', '', 1, 30, '2017-05-30 22:24:32', '2017-05-30 22:24:32'),
(159, NULL, '570052CNAR', 15209, 15209.00000, 220000, '2000-01-01', 0.0, 0.0, 1, '', '', 1, 30, '2017-05-30 22:24:32', '2017-05-30 22:24:32'),
(160, NULL, 'HM102CBORDO', 101659, 101659.00000, 450000, '2000-01-01', 0.0, 0.0, 1, '', '', 1, 30, '2017-05-30 22:24:32', '2017-05-30 22:24:32'),
(161, NULL, 'T540646CBLACK', 22809, 22809.00000, 320000, '2000-01-01', 0.0, 0.0, 1, '', '', 4, 30, '2017-05-30 22:24:32', '2017-05-30 22:24:32'),
(162, NULL, 'T540646CPLAT', 22809, 22809.00000, 320000, '2000-01-01', 0.0, 0.0, 1, '', '', 4, 30, '2017-05-30 22:24:32', '2017-05-30 22:24:32'),
(163, NULL, 'B5164', 0, 0.00000, 100000, '2000-01-01', 1.0, 0.0, 1, '', '', 2, 31, '2017-05-30 22:24:32', '2017-05-30 22:24:32'),
(164, NULL, 'B4999', 0, 0.00000, 100000, '2000-01-01', 1.0, 0.0, 1, '', '', 2, 31, '2017-05-30 22:24:32', '2017-05-30 22:24:32'),
(165, NULL, 'P5292', 0, 0.00000, 100000, '2000-01-01', 1.0, 0.0, 1, '', '', 2, 31, '2017-05-30 22:24:32', '2017-05-30 22:24:32'),
(166, NULL, 'TS40646', 0, 0.00000, 320000, '2000-01-01', 1.0, 0.0, 1, '', '', 4, 32, '2017-05-30 22:24:32', '2017-05-30 22:24:32'),
(167, NULL, 'TS40616', 0, 0.00000, 320000, '2000-01-01', 2.0, 0.0, 1, '', '', 4, 32, '2017-05-30 22:24:32', '2017-05-30 22:24:32'),
(168, NULL, 'GG10054GX', 0, 0.00000, 390000, '2000-01-01', 0.0, 0.0, 1, '', '', 1, 33, '2017-05-30 22:24:32', '2017-05-30 22:24:32'),
(169, NULL, 'GG4216', 0, 0.00000, 350000, '2000-01-01', 0.0, 0.0, 1, '', '', 2, 33, '2017-05-30 22:24:32', '2017-05-30 22:24:32'),
(170, NULL, 'GG4218C1', 0, 0.00000, 350000, '2000-01-01', 0.0, 0.0, 1, '', '', 2, 33, '2017-05-30 22:24:32', '2017-05-30 22:24:32'),
(171, NULL, 'GG4218C4', 0, 0.00000, 350000, '2000-01-01', 0.0, 0.0, 1, '', '', 2, 33, '2017-05-30 22:24:32', '2017-05-30 22:24:32'),
(172, NULL, 'HE62102', 0, 0.00000, 350000, '2000-01-01', 1.0, 0.0, 1, '', '', 1, 34, '2017-05-30 22:24:32', '2017-05-30 22:24:32'),
(173, NULL, 'JL9045C4', 0, 0.00000, 250000, '2000-01-01', 0.0, 0.0, 1, '', '', 2, 35, '2017-05-30 22:24:32', '2017-05-30 22:24:32'),
(174, NULL, 'JL9048C2', 0, 0.00000, 250000, '2000-01-01', 0.0, 0.0, 1, '', '', 2, 35, '2017-05-30 22:24:32', '2017-05-30 22:24:32'),
(175, NULL, 'JL9048C6', 0, 0.00000, 250000, '2000-01-01', 0.0, 0.0, 1, '', '', 2, 35, '2017-05-30 22:24:32', '2017-05-30 22:24:32'),
(176, NULL, '20812', 0, 0.00000, 220000, '2000-01-01', 11.0, 0.0, 1, '', '', 2, 36, '2017-05-30 22:24:32', '2017-05-30 22:24:32'),
(177, NULL, '20803', 0, 0.00000, 280000, '2000-01-01', 10.0, 0.0, 1, '', '', 2, 36, '2017-05-30 22:24:32', '2017-05-30 22:24:32'),
(178, NULL, 'S40770W0', 0, 0.00000, 220000, '2000-01-01', 8.0, 0.0, 1, '', '', 1, 36, '2017-05-30 22:24:32', '2017-05-30 22:24:32'),
(179, NULL, '540770W0', 0, 0.00000, 220000, '2000-01-01', 3.0, 0.0, 1, '', '', 1, 36, '2017-05-30 22:24:32', '2017-05-30 22:24:32'),
(180, NULL, 'MARX7797', 0, 0.00000, 250000, '2000-01-01', 0.0, 0.0, 1, '', '', 2, 37, '2017-05-30 22:24:32', '2017-05-30 22:24:32'),
(181, NULL, 'MT8211', 0, 0.00000, 100000, '2000-01-01', 2.0, 0.0, 1, '', '', 2, 38, '2017-05-30 22:24:32', '2017-05-30 22:24:32'),
(182, NULL, '13522201CBLACK', 0, 0.00000, 390000, '2000-01-01', 0.0, 0.0, 1, '', '', 1, 39, '2017-05-30 22:24:32', '2017-06-19 13:57:58'),
(183, NULL, '2008', 0, 0.00000, 200000, '2000-01-01', 1.0, 0.0, 1, '', '', 1, 40, '2017-05-30 22:24:32', '2017-05-30 22:24:32'),
(184, NULL, 'MYSTIQUE2008', 0, 0.00000, 200000, '2000-01-01', 2.0, 0.0, 1, '', '', 1, 40, '2017-05-30 22:24:32', '2017-05-30 22:24:32'),
(185, NULL, 'LF-1013', 0, 0.00000, 180000, '2000-01-01', 1.0, 0.0, 1, '', '', 2, 41, '2017-05-30 22:24:32', '2017-05-30 22:24:32'),
(186, NULL, 'OP7102', 0, 0.00000, 120000, '2000-01-01', 0.0, 0.0, 1, '', '', 1, 42, '2017-05-30 22:24:32', '2017-05-30 22:24:32'),
(187, NULL, 'OP7103', 0, 0.00000, 120000, '2000-01-01', 1.0, 0.0, 1, '', '', 1, 42, '2017-05-30 22:24:32', '2017-05-30 22:24:32'),
(188, NULL, 'OP067', 0, 0.00000, 220000, '2000-01-01', 1.0, 0.0, 1, '', '', 2, 42, '2017-05-30 22:24:32', '2017-05-30 22:24:32'),
(189, NULL, 'OP008', 0, 0.00000, 220000, '2000-01-01', 1.0, 0.0, 1, '', '', 2, 42, '2017-05-30 22:24:32', '2017-05-30 22:24:32'),
(190, NULL, 'OP7100', 0, 0.00000, 100000, '2000-01-01', 1.0, 0.0, 1, '', '', 1, 42, '2017-05-30 22:24:32', '2017-05-30 22:24:32'),
(191, NULL, 'OP7154', 0, 0.00000, 200000, '2000-01-01', 1.0, 0.0, 1, '', '', 1, 42, '2017-05-30 22:24:32', '2017-05-30 22:24:32'),
(192, NULL, 'OP7101', 0, 0.00000, 100000, '2000-01-01', 1.0, 0.0, 1, '', '', 1, 42, '2017-05-30 22:24:32', '2017-05-30 22:24:32'),
(193, NULL, 'OP7104', 0, 0.00000, 100000, '2000-01-01', 1.0, 0.0, 1, '', '', 1, 42, '2017-05-30 22:24:32', '2017-05-30 22:24:32'),
(194, NULL, 'PZ5514', 0, 0.00000, 220000, '2000-01-01', 1.0, 0.0, 1, '', '', 1, 43, '2017-05-30 22:24:32', '2017-05-30 22:24:32'),
(195, NULL, 'S286', 0, 0.00000, 350000, '2000-01-01', 5.0, 0.0, 1, '', '', 1, 44, '2017-05-30 22:24:32', '2017-05-30 22:24:32'),
(196, NULL, 'VPR069', 0, 0.00000, 350000, '2000-01-01', 1.0, 0.0, 1, '', '', 1, 44, '2017-05-30 22:24:32', '2017-05-30 22:24:32'),
(197, NULL, 'VPR859', 0, 0.00000, 350000, '2000-01-01', 2.0, 0.0, 1, '', '', 1, 44, '2017-05-30 22:24:32', '2017-05-30 22:24:32'),
(198, NULL, 'RB5268', 0, 0.00000, 350000, '2000-01-01', 1.0, 0.0, 1, '', '', 1, 45, '2017-05-30 22:24:32', '2017-05-30 22:24:32'),
(199, NULL, 'RB5267', 0, 0.00000, 350000, '2000-01-01', 1.0, 0.0, 1, '', '', 1, 45, '2017-05-30 22:24:32', '2017-05-30 22:24:32'),
(200, NULL, 'RB5187', 0, 0.00000, 400000, '2000-01-01', 0.0, 0.0, 1, '', '', 1, 45, '2017-05-30 22:24:32', '2017-05-30 22:24:32'),
(201, NULL, 'RB5184', 0, 0.00000, 300000, '2000-01-01', 1.0, 0.0, 1, '', '', 1, 45, '2017-05-30 22:24:32', '2017-05-30 22:24:32'),
(202, NULL, 'RB5267C05', 0, 0.00000, 350000, '2000-01-01', 0.0, 0.0, 1, '', '', 1, 45, '2017-05-30 22:24:32', '2017-05-30 22:24:32'),
(203, NULL, 'RB3234', 0, 0.00000, 350000, '2000-01-01', 0.0, 0.0, 1, '', '', 1, 45, '2017-05-30 22:24:32', '2017-05-30 22:24:32'),
(204, NULL, 'RB5184C30', 0, 0.00000, 300000, '2000-01-01', 0.0, 0.0, 1, '', '', 1, 45, '2017-05-30 22:24:32', '2017-05-30 22:24:32'),
(205, NULL, 'RB5267C03', 0, 0.00000, 350000, '2000-01-01', 0.0, 0.0, 1, '', '', 1, 45, '2017-05-30 22:24:32', '2017-05-30 22:24:32'),
(206, NULL, 'MR9006', 0, 0.00000, 250000, '2000-01-01', 0.0, 0.0, 1, '', '', 1, 46, '2017-05-30 22:24:32', '2017-05-30 22:24:32'),
(207, NULL, 'ST1407', 0, 0.00000, 250000, '2000-01-01', 1.0, 0.0, 1, '', '', 2, 47, '2017-05-30 22:24:32', '2017-05-30 22:24:32'),
(208, NULL, '5700052', 0, 0.00000, 220000, '2000-01-01', 1.0, 0.0, 1, '', '', 1, 48, '2017-05-30 22:24:32', '2017-05-30 22:24:32'),
(209, NULL, '13JS098F', 0, 0.00000, 220000, '2000-01-01', 1.0, 0.0, 1, '', '', 2, 49, '2017-05-30 22:24:32', '2017-05-30 22:24:32'),
(210, NULL, '16FSD030', 0, 0.00000, 220000, '2000-01-01', 0.0, 0.0, 1, '', '', 1, 49, '2017-05-30 22:24:32', '2017-05-30 22:24:32'),
(211, NULL, '16FSD034', 0, 0.00000, 220000, '2000-01-01', 0.0, 0.0, 1, '', '', 1, 49, '2017-05-30 22:24:32', '2017-05-30 22:24:32'),
(212, NULL, 'S1021', 0, 0.00000, 180000, '2000-01-01', 1.0, 0.0, 1, '', '', 2, 50, '2017-05-30 22:24:32', '2017-05-30 22:24:32'),
(213, NULL, 'S1015', 0, 0.00000, 280000, '2000-01-01', 1.0, 0.0, 1, '', '', 2, 50, '2017-05-30 22:24:32', '2017-05-30 22:24:32'),
(214, NULL, 'S808', 0, 0.00000, 280000, '2000-01-01', 1.0, 0.0, 1, '', '', 2, 50, '2017-05-30 22:24:32', '2017-05-30 22:24:32'),
(215, NULL, 'S1002', 0, 0.00000, 250000, '2000-01-01', 1.0, 0.0, 1, '', '', 2, 50, '2017-05-30 22:24:32', '2017-05-30 22:24:32'),
(216, NULL, 'S1013', 0, 0.00000, 220000, '2000-01-01', 1.0, 0.0, 1, '', '', 2, 50, '2017-05-30 22:24:32', '2017-05-30 22:24:32'),
(217, NULL, 'M2017', 0, 0.00000, 160000, '2000-01-01', 1.0, 0.0, 1, '', '', 2, 51, '2017-05-30 22:24:32', '2017-05-30 22:24:32'),
(218, NULL, 'H5074', 0, 0.00000, 250000, '2000-01-01', 1.0, 0.0, 1, '', '', 2, 51, '2017-05-30 22:24:32', '2017-05-30 22:24:32'),
(219, NULL, 'JC7012A', 0, 0.00000, 220000, '2000-01-01', 1.0, 0.0, 1, '', '', 2, 51, '2017-05-30 22:24:32', '2017-05-30 22:24:32'),
(220, NULL, 'S400593P', 0, 0.00000, 100000, '2000-01-01', 1.0, 0.0, 1, '', '', 1, 51, '2017-05-30 22:24:32', '2017-05-30 22:24:32'),
(221, NULL, '16946', 0, 0.00000, 150000, '2000-01-01', 5.0, 0.0, 1, '', '', 1, 51, '2017-05-30 22:24:32', '2017-05-30 22:24:32'),
(222, NULL, 'V6214', 0, 0.00000, 250000, '2000-01-01', 1.0, 0.0, 1, '', '', 1, 51, '2017-05-30 22:24:32', '2017-05-30 22:24:32'),
(223, NULL, 'PANDA14', 0, 0.00000, 150000, '2000-01-01', 1.0, 0.0, 1, '', '', 2, 51, '2017-05-30 22:24:32', '2017-05-30 22:24:32'),
(224, NULL, 'S70009', 0, 0.00000, 220000, '2000-01-01', 6.0, 0.0, 1, '', '', 1, 51, '2017-05-30 22:24:32', '2017-05-30 22:24:32'),
(225, NULL, 'Y18018', 0, 0.00000, 250000, '2000-01-01', 1.0, 0.0, 1, '', '', 1, 51, '2017-05-30 22:24:32', '2017-05-30 22:24:32'),
(226, NULL, 'CO5850', 0, 0.00000, 250000, '2000-01-01', -1.0, 0.0, 1, '', '', 1, 51, '2017-05-30 22:24:32', '2017-05-30 22:24:32'),
(227, NULL, 'JL9048', 0, 0.00000, 250000, '2000-01-01', 0.0, 0.0, 1, '', '', 1, 51, '2017-05-30 22:24:32', '2017-05-30 22:24:32'),
(228, NULL, 'MC3234', 0, 0.00000, 250000, '2000-01-01', 1.0, 0.0, 1, '', '', 1, 51, '2017-05-30 22:24:32', '2017-05-30 22:24:32'),
(229, NULL, 'V6199', 0, 0.00000, 220000, '2000-01-01', 1.0, 0.0, 1, '', '', 2, 51, '2017-05-30 22:24:32', '2017-05-30 22:24:32'),
(230, NULL, '31956', 0, 0.00000, 200000, '2000-01-01', 9.0, 0.0, 1, '', '', 1, 51, '2017-05-30 22:24:32', '2017-05-30 22:24:32'),
(231, NULL, 'S4700009', 0, 0.00000, 220000, '2000-01-01', 1.0, 0.0, 1, '', '', 1, 51, '2017-05-30 22:24:32', '2017-05-30 22:24:32'),
(232, NULL, 'G60101', 0, 0.00000, 100000, '2000-01-01', 1.0, 0.0, 1, '', '', 1, 51, '2017-05-30 22:24:32', '2017-05-30 22:24:32'),
(233, NULL, 'HQQ1103', 0, 0.00000, 100000, '2000-01-01', 1.0, 0.0, 1, '', '', 2, 51, '2017-05-30 22:24:32', '2017-05-30 22:24:32'),
(234, NULL, '16946CAM', 0, 0.00000, 150000, '2000-01-01', 0.0, 0.0, 1, '', '', 1, 51, '2017-05-30 22:24:32', '2017-05-30 22:24:32'),
(235, NULL, '16946CNAR', 0, 0.00000, 150000, '2000-01-01', 0.0, 0.0, 1, '', '', 1, 51, '2017-05-30 22:24:32', '2017-05-30 22:24:32'),
(236, NULL, '16946CROJ', 0, 0.00000, 150000, '2000-01-01', 0.0, 0.0, 1, '', '', 1, 51, '2017-05-30 22:24:32', '2017-05-30 22:24:32'),
(237, NULL, '18FSD030-S', 0, 0.00000, 280000, '2000-01-01', 0.0, 0.0, 1, '', '', 1, 51, '2017-05-30 22:24:32', '2017-05-30 22:24:32'),
(238, NULL, 'A8050', 0, 0.00000, 50000, '2000-01-01', 0.0, 0.0, 1, '', '', 1, 51, '2017-05-30 22:24:32', '2017-05-30 22:24:32'),
(239, NULL, 'DM011', 0, 0.00000, 230000, '2000-01-01', 0.0, 0.0, 1, '', '', 1, 51, '2017-05-30 22:24:33', '2017-05-30 22:24:33'),
(240, NULL, 'H5001', 0, 0.00000, 180000, '2000-01-01', 0.0, 0.0, 1, '', '', 1, 51, '2017-05-30 22:24:33', '2017-05-30 22:24:33'),
(241, NULL, 'HY66399', 0, 0.00000, 220000, '2000-01-01', 0.0, 0.0, 1, '', '', 2, 51, '2017-05-30 22:24:33', '2017-05-30 22:24:33'),
(242, NULL, 'JC821', 0, 0.00000, 250000, '2000-01-01', 0.0, 0.0, 1, '', '', 1, 51, '2017-05-30 22:24:33', '2017-05-30 22:24:33'),
(243, NULL, 'M2020', 0, 0.00000, 120000, '2000-01-01', 0.0, 0.0, 1, '', '', 2, 51, '2017-05-30 22:24:33', '2017-05-30 22:24:33'),
(244, NULL, 'MC3234250', 0, 0.00000, 250000, '2000-01-01', 0.0, 0.0, 1, '', '', 1, 51, '2017-05-30 22:24:33', '2017-05-30 22:24:33'),
(245, NULL, 'MC3234C1', 0, 0.00000, 250000, '2000-01-01', 0.0, 0.0, 1, '', '', 2, 51, '2017-05-30 22:24:33', '2017-05-30 22:24:33'),
(246, NULL, 'TS837', 0, 0.00000, 250000, '2000-01-01', 0.0, 0.0, 1, '', '', 1, 51, '2017-05-30 22:24:33', '2017-05-30 22:24:33'),
(247, NULL, 'V6191', 0, 0.00000, 250000, '2000-01-01', 0.0, 0.0, 1, '', '', 2, 51, '2017-05-30 22:24:33', '2017-05-30 22:24:33'),
(248, NULL, 'VS7042', 0, 0.00000, 250000, '2000-01-01', 0.0, 0.0, 1, '', '', 1, 51, '2017-05-30 22:24:33', '2017-05-30 22:24:33'),
(249, NULL, 'Y18018COLAMAR', 0, 0.00000, 250000, '2000-01-01', 0.0, 0.0, 1, '', '', 2, 51, '2017-05-30 22:24:33', '2017-05-30 22:24:33'),
(250, NULL, 'Y18018COLVERD', 0, 0.00000, 250000, '2000-01-01', 0.0, 0.0, 1, '', '', 1, 51, '2017-05-30 22:24:33', '2017-05-30 22:24:33'),
(251, NULL, 'Y18957', 0, 0.00000, 150000, '2000-01-01', 0.0, 0.0, 1, '', '', 1, 51, '2017-05-30 22:24:33', '2017-05-30 22:24:33'),
(252, NULL, 'ZY8057', 0, 0.00000, 250000, '2000-01-01', 0.0, 0.0, 1, '', '', 1, 51, '2017-05-30 22:24:33', '2017-05-30 22:24:33'),
(253, NULL, 'ZY8062C5', 0, 0.00000, 250000, '2000-01-01', 0.0, 0.0, 1, '', '', 2, 51, '2017-05-30 22:24:33', '2017-05-30 22:24:33'),
(254, NULL, 'BZ110-TR', 0, 0.00000, 250000, '2000-01-01', 0.0, 0.0, 1, '', '', 1, 51, '2017-05-30 22:24:33', '2017-05-30 22:24:33'),
(255, NULL, 'A1152', 0, 0.00000, 250000, '2000-01-01', 1.0, 0.0, 1, '', '', 2, 52, '2017-05-30 22:24:33', '2017-05-30 22:24:33'),
(256, NULL, 'A1153', 0, 0.00000, 250000, '2000-01-01', 2.0, 0.0, 1, '', '', 2, 52, '2017-05-30 22:24:33', '2017-05-30 22:24:33'),
(257, NULL, '250045', 0, 0.00000, 220000, '2000-01-01', 8.0, 0.0, 1, '', '', 2, 53, '2017-05-30 22:24:33', '2017-05-30 22:24:33'),
(258, NULL, '200445', 0, 0.00000, 250000, '2000-01-01', 7.0, 0.0, 1, '', '', 2, 53, '2017-05-30 22:24:33', '2017-05-30 22:24:33'),
(259, NULL, '25004S', 0, 0.00000, 220000, '2000-01-01', 2.0, 0.0, 1, '', '', 2, 53, '2017-05-30 22:24:33', '2017-05-30 22:24:33'),
(260, NULL, '2044S', 0, 0.00000, 250000, '2000-01-01', 1.0, 0.0, 1, '', '', 2, 53, '2017-05-30 22:24:33', '2017-05-30 22:24:33'),
(261, NULL, 'K6601', 0, 0.00000, 180000, '2000-01-01', 1.0, 0.0, 1, '', '', 2, 54, '2017-05-30 22:24:33', '2017-05-30 22:24:33'),
(262, NULL, 'K8426', 0, 0.00000, 180000, '2000-01-01', 1.0, 0.0, 1, '', '', 2, 54, '2017-05-30 22:24:33', '2017-05-30 22:24:33'),
(263, NULL, 'K8887', 0, 0.00000, 180000, '2000-01-01', 1.0, 0.0, 1, '', '', 2, 54, '2017-05-30 22:24:33', '2017-05-30 22:24:33'),
(264, NULL, 'K8630', 0, 0.00000, 180000, '2000-01-01', 2.0, 0.0, 1, '', '', 2, 54, '2017-05-30 22:24:33', '2017-05-30 22:24:33'),
(265, NULL, 'K8568', 0, 0.00000, 180000, '2000-01-01', 1.0, 0.0, 1, '', '', 2, 54, '2017-05-30 22:24:33', '2017-05-30 22:24:33'),
(266, NULL, 'K8523', 0, 0.00000, 160000, '2000-01-01', 2.0, 0.0, 1, '', '', 2, 54, '2017-05-30 22:24:33', '2017-05-30 22:24:33'),
(267, NULL, 'K8057', 0, 0.00000, 160000, '2000-01-01', 1.0, 0.0, 1, '', '', 1, 54, '2017-05-30 22:24:33', '2017-05-30 22:24:33'),
(268, NULL, 'K6485', 0, 0.00000, 180000, '2000-01-01', 1.0, 0.0, 1, '', '', 2, 54, '2017-05-30 22:24:33', '2017-05-30 22:24:33'),
(269, NULL, 'K7719', 0, 0.00000, 180000, '2000-01-01', 1.0, 0.0, 1, '', '', 2, 54, '2017-05-30 22:24:33', '2017-05-30 22:24:33'),
(270, NULL, 'K8058', 0, 0.00000, 120000, '2000-01-01', 2.0, 0.0, 1, '', '', 1, 54, '2017-05-30 22:24:33', '2017-05-30 22:24:33'),
(271, NULL, 'K7005', 0, 0.00000, 160000, '2000-01-01', 1.0, 0.0, 1, '', '', 1, 54, '2017-05-30 22:24:33', '2017-05-30 22:24:33'),
(272, NULL, 'K8141', 0, 0.00000, 180000, '2000-01-01', 1.0, 0.0, 1, '', '', 1, 54, '2017-05-30 22:24:33', '2017-05-30 22:24:33'),
(273, NULL, 'K9031', 0, 0.00000, 250000, '2000-01-01', 0.0, 0.0, 1, '', '', 2, 54, '2017-05-30 22:24:33', '2017-05-30 22:24:33'),
(274, NULL, 'K8525', 0, 0.00000, 220000, '2000-01-01', 1.0, 0.0, 1, '', '', 2, 54, '2017-05-30 22:24:33', '2017-05-30 22:24:33'),
(275, NULL, 'K9030', 0, 0.00000, 220000, '2000-01-01', 1.0, 0.0, 1, '', '', 2, 54, '2017-05-30 22:24:33', '2017-05-30 22:24:33'),
(276, NULL, 'K7473', 0, 0.00000, 220000, '2000-01-01', 2.0, 0.0, 1, '', '', 2, 54, '2017-05-30 22:24:33', '2017-05-30 22:24:33'),
(277, NULL, 'K8014', 0, 0.00000, 190000, '2000-01-01', 1.0, 0.0, 1, '', '', 2, 54, '2017-05-30 22:24:33', '2017-05-30 22:24:33'),
(278, NULL, 'K7759', 0, 0.00000, 180000, '2000-01-01', 1.0, 0.0, 1, '', '', 2, 54, '2017-05-30 22:24:33', '2017-05-30 22:24:33'),
(279, NULL, 'K8609', 0, 0.00000, 250000, '2000-01-01', 1.0, 0.0, 1, '', '', 2, 54, '2017-05-30 22:24:33', '2017-05-30 22:24:33'),
(280, NULL, 'A1241', 0, 0.00000, 280000, '2000-01-01', 1.0, 0.0, 1, '', '', 1, 54, '2017-05-30 22:24:33', '2017-05-30 22:24:33'),
(281, NULL, 'K9113', 0, 0.00000, 220000, '2000-01-01', 1.0, 0.0, 1, '', '', 1, 54, '2017-05-30 22:24:33', '2017-05-30 22:24:33'),
(282, NULL, 'K9180', 0, 0.00000, 280000, '2000-01-01', 1.0, 0.0, 1, '', '', 1, 54, '2017-05-30 22:24:33', '2017-05-30 22:24:33'),
(283, NULL, 'A1239', 0, 0.00000, 280000, '2000-01-01', 0.0, 0.0, 1, '', '', 1, 54, '2017-05-30 22:24:33', '2017-05-30 22:24:33'),
(284, NULL, 'K9220', 0, 0.00000, 280000, '2000-01-01', 1.0, 0.0, 1, '', '', 1, 54, '2017-05-30 22:24:33', '2017-05-30 22:24:33'),
(285, NULL, 'K8715', 0, 0.00000, 220000, '2000-01-01', 1.0, 0.0, 1, '', '', 2, 54, '2017-05-30 22:24:33', '2017-05-30 22:24:33'),
(286, NULL, 'K5179', 0, 0.00000, 250000, '2000-01-01', 1.0, 0.0, 1, '', '', 1, 54, '2017-05-30 22:24:33', '2017-05-30 22:24:33'),
(287, NULL, 'H5182', 0, 0.00000, 280000, '2000-01-01', 1.0, 0.0, 1, '', '', 1, 54, '2017-05-30 22:24:33', '2017-05-30 22:24:33'),
(288, NULL, 'K9231', 0, 0.00000, 280000, '2000-01-01', 1.0, 0.0, 1, '', '', 1, 54, '2017-05-30 22:24:33', '2017-05-30 22:24:33'),
(289, NULL, 'K9279', 0, 0.00000, 250000, '2000-01-01', 0.0, 0.0, 1, '', '', 1, 54, '2017-05-30 22:24:33', '2017-05-30 22:24:33'),
(290, NULL, 'K8131', 0, 0.00000, 220000, '2000-01-01', 2.0, 0.0, 1, '', '', 2, 54, '2017-05-30 22:24:33', '2017-05-30 22:24:33'),
(291, NULL, 'K8908', 0, 0.00000, 220000, '2000-01-01', 1.0, 0.0, 1, '', '', 2, 54, '2017-05-30 22:24:33', '2017-05-30 22:24:33'),
(292, NULL, 'K7414', 0, 0.00000, 220000, '2000-01-01', 1.0, 0.0, 1, '', '', 2, 54, '2017-05-30 22:24:33', '2017-05-30 22:24:33'),
(293, NULL, 'K7424', 0, 0.00000, 220000, '2000-01-01', 2.0, 0.0, 1, '', '', 2, 54, '2017-05-30 22:24:33', '2017-05-30 22:24:33'),
(294, NULL, 'K8079', 0, 0.00000, 250000, '2000-01-01', 1.0, 0.0, 1, '', '', 2, 54, '2017-05-30 22:24:33', '2017-05-30 22:24:33'),
(295, NULL, 'K8796', 0, 0.00000, 220000, '2000-01-01', 1.0, 0.0, 1, '', '', 2, 54, '2017-05-30 22:24:33', '2017-05-30 22:24:33'),
(296, NULL, 'K7831', 0, 0.00000, 180000, '2000-01-01', 1.0, 0.0, 1, '', '', 2, 54, '2017-05-30 22:24:33', '2017-05-30 22:24:33'),
(297, NULL, 'K9216', 0, 0.00000, 250000, '2000-01-01', 1.0, 0.0, 1, '', '', 1, 54, '2017-05-30 22:24:33', '2017-05-30 22:24:33'),
(298, NULL, 'K9253', 0, 0.00000, 250000, '2000-01-01', 2.0, 0.0, 1, '', '', 1, 54, '2017-05-30 22:24:33', '2017-05-30 22:24:33'),
(299, NULL, 'A1245', 0, 0.00000, 250000, '2000-01-01', 1.0, 0.0, 1, '', '', 1, 54, '2017-05-30 22:24:33', '2017-05-30 22:24:33'),
(300, NULL, 'K9219', 0, 0.00000, 280000, '2000-01-01', 1.0, 0.0, 1, '', '', 1, 54, '2017-05-30 22:24:33', '2017-05-30 22:24:33'),
(301, NULL, 'A1242', 0, 0.00000, 280000, '2000-01-01', 1.0, 0.0, 1, '', '', 1, 54, '2017-05-30 22:24:33', '2017-05-30 22:24:33'),
(302, NULL, 'K8710', 0, 0.00000, 220000, '2000-01-01', 1.0, 0.0, 1, '', '', 2, 54, '2017-05-30 22:24:33', '2017-05-30 22:24:33'),
(303, NULL, 'K8529', 0, 0.00000, 180000, '2000-01-01', 1.0, 0.0, 1, '', '', 2, 54, '2017-05-30 22:24:33', '2017-05-30 22:24:33'),
(304, NULL, 'K8703', 0, 0.00000, 220000, '2000-01-01', 1.0, 0.0, 1, '', '', 2, 54, '2017-05-30 22:24:33', '2017-05-30 22:24:33'),
(305, NULL, 'K9010', 0, 0.00000, 320000, '2000-01-01', 1.0, 0.0, 1, '', '', 2, 54, '2017-05-30 22:24:33', '2017-05-30 22:24:33'),
(306, NULL, 'K8492', 0, 0.00000, 180000, '2000-01-01', 1.0, 0.0, 1, '', '', 2, 54, '2017-05-30 22:24:33', '2017-05-30 22:24:33'),
(307, NULL, 'K8845', 0, 0.00000, 180000, '2000-01-01', 1.0, 0.0, 1, '', '', 2, 54, '2017-05-30 22:24:33', '2017-05-30 22:24:33'),
(308, NULL, 'K7680', 0, 0.00000, 220000, '2000-01-01', 1.0, 0.0, 1, '', '', 2, 54, '2017-05-30 22:24:33', '2017-05-30 22:24:33'),
(309, NULL, 'K8881', 0, 0.00000, 220000, '2000-01-01', 1.0, 0.0, 1, '', '', 2, 54, '2017-05-30 22:24:33', '2017-05-30 22:24:33'),
(310, NULL, 'K6580', 0, 0.00000, 220000, '2000-01-01', 1.0, 0.0, 1, '', '', 2, 54, '2017-05-30 22:24:33', '2017-05-30 22:24:33'),
(311, NULL, 'K8363', 0, 0.00000, 220000, '2000-01-01', -1.0, 0.0, 1, '', '', 2, 54, '2017-05-30 22:24:33', '2017-05-30 22:24:33'),
(312, NULL, 'K8457', 0, 0.00000, 220000, '2000-01-01', 1.0, 0.0, 1, '', '', 2, 54, '2017-05-30 22:24:33', '2017-05-30 22:24:33'),
(313, NULL, 'K8944', 0, 0.00000, 250000, '2000-01-01', 1.0, 0.0, 1, '', '', 2, 54, '2017-05-30 22:24:33', '2017-05-30 22:24:33'),
(314, NULL, 'K6578', 0, 0.00000, 160000, '2000-01-01', 1.0, 0.0, 1, '', '', 2, 54, '2017-05-30 22:24:33', '2017-05-30 22:24:33'),
(315, NULL, 'K6718', 0, 0.00000, 250000, '2000-01-01', 1.0, 0.0, 1, '', '', 2, 54, '2017-05-30 22:24:33', '2017-05-30 22:24:33'),
(316, NULL, 'K9091', 0, 0.00000, 180000, '2000-01-01', 1.0, 0.0, 1, '', '', 2, 54, '2017-05-30 22:24:33', '2017-05-30 22:24:33'),
(317, NULL, 'K8946', 0, 0.00000, 250000, '2000-01-01', 1.0, 0.0, 1, '', '', 2, 54, '2017-05-30 22:24:33', '2017-05-30 22:24:33'),
(318, NULL, 'K6191', 0, 0.00000, 250000, '2000-01-01', 1.0, 0.0, 1, '', '', 2, 54, '2017-05-30 22:24:33', '2017-05-30 22:24:33'),
(319, NULL, 'K8234', 0, 0.00000, 220000, '2000-01-01', 1.0, 0.0, 1, '', '', 2, 54, '2017-05-30 22:24:33', '2017-05-30 22:24:33'),
(320, NULL, 'K9092', 0, 0.00000, 180000, '2000-01-01', 1.0, 0.0, 1, '', '', 2, 54, '2017-05-30 22:24:33', '2017-05-30 22:24:33'),
(321, NULL, 'K8790', 0, 0.00000, 190000, '2000-01-01', 1.0, 0.0, 1, '', '', 2, 54, '2017-05-30 22:24:33', '2017-05-30 22:24:33'),
(322, NULL, 'K8648', 0, 0.00000, 250000, '2000-01-01', 1.0, 0.0, 1, '', '', 2, 54, '2017-05-30 22:24:33', '2017-05-30 22:24:33'),
(323, NULL, 'K7662', 0, 0.00000, 180000, '2000-01-01', 1.0, 0.0, 1, '', '', 2, 54, '2017-05-30 22:24:33', '2017-05-30 22:24:33'),
(324, NULL, 'K9221', 0, 0.00000, 250000, '2000-01-01', 1.0, 0.0, 1, '', '', 1, 54, '2017-05-30 22:24:33', '2017-05-30 22:24:33'),
(325, NULL, 'K9280', 0, 0.00000, 280000, '2000-01-01', 0.0, 0.0, 1, '', '', 1, 54, '2017-05-30 22:24:33', '2017-05-30 22:24:33'),
(326, NULL, 'K8228', 0, 0.00000, 220000, '2000-01-01', 1.0, 0.0, 1, '', '', 2, 54, '2017-05-30 22:24:33', '2017-05-30 22:24:33'),
(327, NULL, 'K8665', 0, 0.00000, 180000, '2000-01-01', 0.0, 0.0, 1, '', '', 2, 54, '2017-05-30 22:24:33', '2017-05-30 22:24:33'),
(328, NULL, 'K9276', 0, 0.00000, 250000, '2000-01-01', 3.0, 0.0, 1, '', '', 1, 54, '2017-05-30 22:24:33', '2017-06-19 16:13:59'),
(329, NULL, 'K7946', 0, 0.00000, 180000, '2000-01-01', 1.0, 0.0, 1, '', '', 2, 54, '2017-05-30 22:24:33', '2017-05-30 22:24:33'),
(330, NULL, 'K7399', 0, 0.00000, 220000, '2000-01-01', 1.0, 0.0, 1, '', '', 2, 54, '2017-05-30 22:24:33', '2017-05-30 22:24:33'),
(331, NULL, 'K8861', 0, 0.00000, 220000, '2000-01-01', 1.0, 0.0, 1, '', '', 2, 54, '2017-05-30 22:24:33', '2017-05-30 22:24:33'),
(332, NULL, 'K7664', 0, 0.00000, 220000, '2000-01-01', 1.0, 0.0, 1, '', '', 2, 54, '2017-05-30 22:24:33', '2017-05-30 22:24:33'),
(333, NULL, 'K7744', 0, 0.00000, 180000, '2000-01-01', 1.0, 0.0, 1, '', '', 2, 54, '2017-05-30 22:24:33', '2017-05-30 22:24:33'),
(334, NULL, 'K7932', 0, 0.00000, 140000, '2000-01-01', 0.0, 0.0, 1, '', '', 2, 54, '2017-05-30 22:24:33', '2017-05-30 22:24:33'),
(335, NULL, 'K7707', 0, 0.00000, 180000, '2000-01-01', 2.0, 0.0, 1, '', '', 2, 54, '2017-05-30 22:24:33', '2017-05-30 22:24:33'),
(336, NULL, 'K6754', 0, 0.00000, 180000, '2000-01-01', 1.0, 0.0, 1, '', '', 2, 54, '2017-05-30 22:24:33', '2017-05-30 22:24:33'),
(337, NULL, 'K6988', 0, 0.00000, 180000, '2000-01-01', 1.0, 0.0, 1, '', '', 2, 54, '2017-05-30 22:24:33', '2017-05-30 22:24:33'),
(338, NULL, 'K6586', 0, 0.00000, 250000, '2000-01-01', 0.0, 0.0, 1, '', '', 3, 54, '2017-05-30 22:24:33', '2017-05-30 22:24:33'),
(339, NULL, 'K7424C8', 0, 0.00000, 220000, '2000-01-01', 0.0, 0.0, 1, '', '', 2, 54, '2017-05-30 22:24:33', '2017-05-30 22:24:33'),
(340, NULL, 'K7660', 0, 0.00000, 220000, '2000-01-01', 0.0, 0.0, 1, '', '', 2, 54, '2017-05-30 22:24:33', '2017-05-30 22:24:33'),
(341, NULL, 'K7671', 0, 0.00000, 220000, '2000-01-01', 0.0, 0.0, 1, '', '', 2, 54, '2017-05-30 22:24:33', '2017-05-30 22:24:33'),
(342, NULL, 'K7754', 0, 0.00000, 180000, '2000-01-01', 0.0, 0.0, 1, '', '', 2, 54, '2017-05-30 22:24:33', '2017-05-30 22:24:33'),
(343, NULL, 'K7911', 0, 0.00000, 180000, '2000-01-01', 0.0, 0.0, 1, '', '', 2, 54, '2017-05-30 22:24:33', '2017-05-30 22:24:33'),
(344, NULL, 'K8141C480', 0, 0.00000, 220000, '2000-01-01', 0.0, 0.0, 1, '', '', 1, 54, '2017-05-30 22:24:33', '2017-05-30 22:24:33'),
(345, NULL, 'K8141CPINK', 0, 0.00000, 220000, '2000-01-01', 0.0, 0.0, 1, '', '', 1, 54, '2017-05-30 22:24:33', '2017-05-30 22:24:33'),
(346, NULL, 'K8236', 0, 0.00000, 220000, '2000-01-01', 0.0, 0.0, 1, '', '', 2, 54, '2017-05-30 22:24:33', '2017-05-30 22:24:33'),
(347, NULL, 'K8246', 0, 0.00000, 180000, '2000-01-01', 0.0, 0.0, 1, '', '', 2, 54, '2017-05-30 22:24:33', '2017-05-30 22:24:33'),
(348, NULL, 'K8522C194', 0, 0.00000, 220000, '2000-01-01', 0.0, 0.0, 1, '', '', 2, 54, '2017-05-30 22:24:33', '2017-05-30 22:24:33'),
(349, NULL, 'K8522C64', 0, 0.00000, 180000, '2000-01-01', 0.0, 0.0, 1, '', '', 2, 54, '2017-05-30 22:24:33', '2017-05-30 22:24:33'),
(350, NULL, 'K8523C194', 0, 0.00000, 160000, '2000-01-01', 0.0, 0.0, 1, '', '', 2, 54, '2017-05-30 22:24:33', '2017-05-30 22:24:33'),
(351, NULL, 'K8523C74', 0, 0.00000, 180000, '2000-01-01', 0.0, 0.0, 1, '', '', 2, 54, '2017-05-30 22:24:33', '2017-05-30 22:24:33'),
(352, NULL, 'K8555', 0, 0.00000, 180000, '2000-01-01', 0.0, 0.0, 1, '', '', 2, 54, '2017-05-30 22:24:33', '2017-05-30 22:24:33'),
(353, NULL, 'K8569', 0, 0.00000, 180000, '2000-01-01', 0.0, 0.0, 1, '', '', 2, 54, '2017-05-30 22:24:33', '2017-05-30 22:24:33'),
(354, NULL, 'K8603', 0, 0.00000, 220000, '2000-01-01', 0.0, 0.0, 1, '', '', 2, 54, '2017-05-30 22:24:33', '2017-05-30 22:24:33'),
(355, NULL, 'K8633', 0, 0.00000, 220000, '2000-01-01', 0.0, 0.0, 1, '', '', 2, 54, '2017-05-30 22:24:33', '2017-05-30 22:24:33'),
(356, NULL, 'K8635', 0, 0.00000, 280000, '2000-01-01', 0.0, 0.0, 1, '', '', 2, 54, '2017-05-30 22:24:33', '2017-05-30 22:24:33'),
(357, NULL, 'K8708', 0, 0.00000, 180000, '2000-01-01', 0.0, 0.0, 1, '', '', 2, 54, '2017-05-30 22:24:33', '2017-05-30 22:24:33'),
(358, NULL, 'K8709', 0, 0.00000, 180000, '2000-01-01', 0.0, 0.0, 1, '', '', 2, 54, '2017-05-30 22:24:33', '2017-05-30 22:24:33'),
(359, NULL, 'K8757', 0, 0.00000, 220000, '2000-01-01', 0.0, 0.0, 1, '', '', 2, 54, '2017-05-30 22:24:33', '2017-05-30 22:24:33'),
(360, NULL, 'K8772', 0, 0.00000, 220000, '2000-01-01', 0.0, 0.0, 1, '', '', 2, 54, '2017-05-30 22:24:33', '2017-05-30 22:24:33'),
(361, NULL, 'K8811', 0, 0.00000, 250000, '2000-01-01', 0.0, 0.0, 1, '', '', 2, 54, '2017-05-30 22:24:33', '2017-05-30 22:24:33'),
(362, NULL, 'K8835', 0, 0.00000, 280000, '2000-01-01', 0.0, 0.0, 1, '', '', 2, 54, '2017-05-30 22:24:33', '2017-05-30 22:24:33'),
(363, NULL, 'K8847', 0, 0.00000, 250000, '2000-01-01', 0.0, 0.0, 1, '', '', 2, 54, '2017-05-30 22:24:33', '2017-05-30 22:24:33'),
(364, NULL, 'K8848', 0, 0.00000, 180000, '2000-01-01', 0.0, 0.0, 1, '', '', 2, 54, '2017-05-30 22:24:33', '2017-05-30 22:24:33'),
(365, NULL, 'K8886', 0, 0.00000, 400000, '2000-01-01', 0.0, 0.0, 1, '', '', 3, 54, '2017-05-30 22:24:33', '2017-05-30 22:24:33'),
(366, NULL, 'K8920', 0, 0.00000, 220000, '2000-01-01', 0.0, 0.0, 1, '', '', 2, 54, '2017-05-30 22:24:33', '2017-05-30 22:24:33'),
(367, NULL, 'K8933', 0, 0.00000, 220000, '2000-01-01', 0.0, 0.0, 1, '', '', 2, 54, '2017-05-30 22:24:33', '2017-05-30 22:24:33'),
(368, NULL, 'K8950', 0, 0.00000, 220000, '2000-01-01', 0.0, 0.0, 1, '', '', 2, 54, '2017-05-30 22:24:33', '2017-05-30 22:24:33'),
(369, NULL, 'K8954C34', 0, 0.00000, 180000, '2000-01-01', 0.0, 0.0, 1, '', '', 2, 54, '2017-05-30 22:24:33', '2017-05-30 22:24:33'),
(370, NULL, 'K8954C5', 0, 0.00000, 220000, '2000-01-01', 0.0, 0.0, 1, '', '', 2, 54, '2017-05-30 22:24:33', '2017-05-30 22:24:33'),
(371, NULL, 'K8958', 0, 0.00000, 220000, '2000-01-01', 0.0, 0.0, 1, '', '', 2, 54, '2017-05-30 22:24:33', '2017-05-30 22:24:33'),
(372, NULL, 'K8961', 0, 0.00000, 220000, '2000-01-01', 0.0, 0.0, 1, '', '', 2, 54, '2017-05-30 22:24:33', '2017-05-30 22:24:33'),
(373, NULL, 'K8962', 0, 0.00000, 220000, '2000-01-01', 0.0, 0.0, 1, '', '', 2, 54, '2017-05-30 22:24:33', '2017-05-30 22:24:33'),
(374, NULL, 'K8972', 0, 0.00000, 220000, '2000-01-01', 0.0, 0.0, 1, '', '', 2, 54, '2017-05-30 22:24:33', '2017-05-30 22:24:33'),
(375, NULL, 'K9023', 0, 0.00000, 250000, '2000-01-01', 0.0, 0.0, 1, '', '', 2, 54, '2017-05-30 22:24:33', '2017-05-30 22:24:33'),
(376, NULL, 'K9044', 0, 0.00000, 220000, '2000-01-01', 0.0, 0.0, 1, '', '', 2, 54, '2017-05-30 22:24:33', '2017-05-30 22:24:33'),
(377, NULL, 'K9127', 0, 0.00000, 220000, '2000-01-01', 0.0, 0.0, 1, '', '', 1, 54, '2017-05-30 22:24:33', '2017-05-30 22:24:33'),
(378, NULL, 'K9181', 0, 0.00000, 250000, '2000-01-01', 0.0, 0.0, 1, '', '', 4, 54, '2017-05-30 22:24:33', '2017-05-30 22:24:33'),
(379, NULL, 'K9184', 0, 0.00000, 250000, '2000-01-01', 0.0, 0.0, 1, '', '', 1, 54, '2017-05-30 22:24:33', '2017-05-30 22:24:33'),
(380, NULL, 'K9190C200', 0, 0.00000, 280000, '2000-01-01', 0.0, 0.0, 1, '', '', 1, 54, '2017-05-30 22:24:34', '2017-05-30 22:24:34'),
(381, NULL, 'K9190C249', 0, 0.00000, 250000, '2000-01-01', 0.0, 0.0, 1, '', '', 1, 54, '2017-05-30 22:24:34', '2017-05-30 22:24:34'),
(382, NULL, 'K9199', 0, 0.00000, 250000, '2000-01-01', 0.0, 0.0, 1, '', '', 1, 54, '2017-05-30 22:24:34', '2017-05-30 22:24:34'),
(383, NULL, 'K9200', 0, 0.00000, 250000, '2000-01-01', 0.0, 0.0, 1, '', '', 1, 54, '2017-05-30 22:24:34', '2017-05-30 22:24:34'),
(384, NULL, 'K9201', 0, 0.00000, 220000, '2000-01-01', 0.0, 0.0, 1, '', '', 1, 54, '2017-05-30 22:24:34', '2017-05-30 22:24:34'),
(385, NULL, 'K9213', 0, 0.00000, 220000, '2000-01-01', 0.0, 0.0, 1, '', '', 1, 54, '2017-05-30 22:24:34', '2017-05-30 22:24:34'),
(386, NULL, 'K9223', 0, 0.00000, 220000, '2000-01-01', 0.0, 0.0, 1, '', '', 1, 54, '2017-05-30 22:24:34', '2017-05-30 22:24:34'),
(387, NULL, 'M8246', 0, 0.00000, 180000, '2000-01-01', 0.0, 0.0, 1, '', '', 2, 54, '2017-05-30 22:24:34', '2017-05-30 22:24:34'),
(388, NULL, '20044SCOLBLACK', 22334, 22334.00000, 250000, '2000-01-01', 0.0, 0.0, 1, '', '', 2, 55, '2017-05-30 22:24:34', '2017-05-30 22:24:34'),
(389, NULL, '20044SCOLMARR', 22334, 22334.00000, 250000, '2000-01-01', 0.0, 0.0, 1, '', '', 2, 55, '2017-05-30 22:24:34', '2017-05-30 22:24:34'),
(390, NULL, '20044SCOLPLAT', 22334, 22334.00000, 250000, '2000-01-01', 0.0, 0.0, 1, '', '', 2, 55, '2017-05-30 22:24:34', '2017-05-30 22:24:34'),
(391, NULL, '540962COLBLACK', 21384, 21384.00000, 250000, '2000-01-01', 0.0, 0.0, 1, '', '', 1, 55, '2017-05-30 22:24:34', '2017-05-30 22:24:34'),
(392, NULL, '540962COLMARR', 21384, 21384.00000, 250000, '2000-01-01', 0.0, 0.0, 1, '', '', 1, 55, '2017-05-30 22:24:34', '2017-05-30 22:24:34'),
(393, NULL, 'S40962', 0, 0.00000, 250000, '2000-01-01', 6.0, 0.0, 1, '', '', 1, 56, '2017-05-30 22:24:34', '2017-05-30 22:24:34'),
(394, NULL, '540962', 0, 0.00000, 250000, '2000-01-01', 1.0, 0.0, 1, '', '', 1, 56, '2017-05-30 22:24:34', '2017-05-30 22:24:34'),
(395, NULL, '3007', 0, 0.00000, 240000, '2000-01-01', 1.0, 0.0, 1, '', '', 2, 57, '2017-05-30 22:24:34', '2017-05-30 22:24:34'),
(396, NULL, '3009EI', 0, 0.00000, 240000, '2000-01-01', 1.0, 0.0, 1, '', '', 2, 57, '2017-05-30 22:24:34', '2017-05-30 22:24:34'),
(397, NULL, '3009', 0, 0.00000, 240000, '2000-01-01', 2.0, 0.0, 1, '', '', 2, 57, '2017-05-30 22:24:34', '2017-05-30 22:24:34'),
(398, NULL, '3006B', 0, 0.00000, 240000, '2000-01-01', 1.0, 0.0, 1, '', '', 2, 57, '2017-05-30 22:24:34', '2017-05-30 22:24:34'),
(399, NULL, 'B055', 0, 0.00000, 220000, '2000-01-01', 0.0, 0.0, 1, '', '', 1, 57, '2017-05-30 22:24:34', '2017-05-30 22:24:34'),
(400, NULL, 'BB02', 0, 0.00000, 220000, '2000-01-01', 0.0, 0.0, 1, '', '', 1, 57, '2017-05-30 22:24:34', '2017-05-30 22:24:34'),
(401, NULL, 'MANZINI', 0, 0.00000, 150000, '2000-01-01', 1.0, 0.0, 1, '', '', 2, 58, '2017-05-30 22:24:34', '2017-05-30 22:24:34'),
(402, NULL, 'MANZINI107', 0, 0.00000, 150000, '2000-01-01', 1.0, 0.0, 1, '', '', 2, 58, '2017-05-30 22:24:34', '2017-05-30 22:24:34'),
(403, NULL, 'A1254', 0, 0.00000, 220000, '2000-01-01', 2.0, 0.0, 1, '', '', 2, 59, '2017-05-30 22:24:34', '2017-05-30 22:24:34'),
(404, NULL, 'H5147', 0, 0.00000, 220000, '2000-01-01', 1.0, 0.0, 1, '', '', 2, 59, '2017-05-30 22:24:34', '2017-05-30 22:24:34'),
(405, NULL, 'A1258', 0, 0.00000, 220000, '2000-01-01', 1.0, 0.0, 1, '', '', 2, 59, '2017-05-30 22:24:34', '2017-05-30 22:24:34'),
(406, NULL, 'A1174', 0, 0.00000, 220000, '2000-01-01', 1.0, 0.0, 1, '', '', 2, 59, '2017-05-30 22:24:34', '2017-05-30 22:24:34'),
(407, NULL, 'A1252', 0, 0.00000, 220000, '2000-01-01', 1.0, 0.0, 1, '', '', 2, 59, '2017-05-30 22:24:34', '2017-05-30 22:24:34'),
(408, NULL, 'A1256', 0, 0.00000, 220000, '2000-01-01', 2.0, 0.0, 1, '', '', 2, 59, '2017-05-30 22:24:34', '2017-05-30 22:24:34'),
(409, NULL, 'A1255', 0, 0.00000, 220000, '2000-01-01', 1.0, 0.0, 1, '', '', 2, 59, '2017-05-30 22:24:34', '2017-05-30 22:24:34'),
(410, NULL, 'H5150', 0, 0.00000, 180000, '2000-01-01', 2.0, 0.0, 1, '', '', 2, 59, '2017-05-30 22:24:34', '2017-05-30 22:24:34'),
(411, NULL, 'A1259', 0, 0.00000, 220000, '2000-01-01', 1.0, 0.0, 1, '', '', 2, 59, '2017-05-30 22:24:34', '2017-05-30 22:24:34'),
(412, NULL, 'A1182', 0, 0.00000, 220000, '2000-01-01', -1.0, 0.0, 1, '', '', 2, 59, '2017-05-30 22:24:34', '2017-05-30 22:24:34'),
(413, NULL, 'H5178', 0, 0.00000, 250000, '2000-01-01', 2.0, 0.0, 1, '', '', 1, 59, '2017-05-30 22:24:34', '2017-05-30 22:24:34'),
(414, NULL, 'H5176', 0, 0.00000, 250000, '2000-01-01', -1.0, 0.0, 1, '', '', 2, 59, '2017-05-30 22:24:34', '2017-06-22 00:49:32'),
(415, NULL, 'KPE1224', 0, 0.00000, 250000, '2000-01-01', 1.0, 0.0, 1, '', '', 2, 60, '2017-05-30 22:24:34', '2017-05-30 22:24:34'),
(416, NULL, 'WALLSTREEL517', 0, 0.00000, 150000, '2000-01-01', 1.0, 0.0, 1, '', '', 2, 61, '2017-05-30 22:24:34', '2017-05-30 22:24:34'),
(417, NULL, 'WALLSTREEL219', 0, 0.00000, 150000, '2000-01-01', 1.0, 0.0, 1, '', '', 2, 61, '2017-05-30 22:24:34', '2017-05-30 22:24:34'),
(418, NULL, 'OP7124', 0, 30000.00000, 120000, '2017-06-28', 2.0, 0.0, 1, '', '', 1, 42, '2017-07-08 15:25:28', '2017-07-08 15:25:28'),
(419, NULL, 'OP7117', 0, 30000.00000, 120000, '2017-06-28', 1.0, 0.0, 1, '', '', 1, 42, '2017-07-08 15:27:44', '2017-07-08 15:27:44'),
(420, NULL, 'GE3518', 0, 30000.00000, 120000, '2017-06-28', 1.0, 0.0, 1, '', '', 1, 62, '2017-07-08 15:29:59', '2017-07-08 15:29:59'),
(421, NULL, 'OP065', 0, 25000.00000, 140000, '2017-06-28', 1.0, 0.0, 1, '', '', 2, 42, '2017-07-08 15:30:30', '2017-07-08 15:30:30'),
(422, NULL, 'OP012', 0, 25000.00000, 140000, '2017-06-28', 1.0, 0.0, 1, '', '', 2, 42, '2017-07-08 15:31:06', '2017-07-08 15:31:06'),
(423, NULL, 'CO14', 0, 25000.00000, 140000, '2017-06-28', 2.0, 0.0, 1, '', '', 2, 23, '2017-07-08 15:31:46', '2017-07-08 15:31:46'),
(424, NULL, 'C006', 0, 25000.00000, 140000, '2017-06-28', 0.0, 0.0, 1, '', '', 2, 23, '2017-07-08 15:32:07', '2017-07-08 15:32:07'),
(425, NULL, 'K9250', 0, 0.00000, 250000, '2017-06-28', 0.0, 0.0, 1, '', '', 1, 54, '2017-07-08 15:32:38', '2017-07-08 15:32:38'),
(426, NULL, 'K8683', 0, 0.00000, 220000, '2017-06-28', 1.0, 0.0, 1, '', '', 1, 54, '2017-07-08 15:34:07', '2017-07-08 15:34:07'),
(427, NULL, 'A1232', 0, 0.00000, 280000, '2017-06-28', 1.0, 0.0, 1, '', '', 1, 54, '2017-07-08 15:34:32', '2017-07-08 15:34:32'),
(428, NULL, 'K9281', 0, 0.00000, 250000, '2017-06-28', 1.0, 0.0, 1, '', '', 1, 54, '2017-07-08 15:34:56', '2017-07-08 15:34:56'),
(429, NULL, 'A1227', 0, 0.00000, 250000, '2017-06-28', 1.0, 0.0, 1, '', '', 1, 54, '2017-07-08 15:35:18', '2017-07-08 15:35:18'),
(430, NULL, 'K9190', 0, 0.00000, 220000, '2017-06-28', 0.0, 0.0, 1, '', '', 1, 54, '2017-07-08 15:35:55', '2017-07-08 15:35:55'),
(431, NULL, 'GE3513', 0, 0.00000, 120000, '2017-06-28', -1.0, 0.0, 1, '', '', 1, 62, '2017-07-08 15:36:43', '2017-07-08 15:36:43');

-- --------------------------------------------------------

--
-- Estructura de tabla para la tabla `proveedores__proveedors`
--

CREATE TABLE `proveedores__proveedors` (
  `id` int(10) UNSIGNED NOT NULL,
  `razon_social` varchar(255) COLLATE utf8_unicode_ci NOT NULL,
  `ruc` varchar(35) COLLATE utf8_unicode_ci DEFAULT NULL,
  `categoria` varchar(50) COLLATE utf8_unicode_ci DEFAULT NULL,
  `direccion` varchar(50) COLLATE utf8_unicode_ci DEFAULT NULL,
  `email` varchar(30) COLLATE utf8_unicode_ci DEFAULT NULL,
  `telefono` varchar(20) COLLATE utf8_unicode_ci DEFAULT NULL,
  `celular` varchar(20) COLLATE utf8_unicode_ci DEFAULT NULL,
  `fax` varchar(20) COLLATE utf8_unicode_ci DEFAULT NULL,
  `contacto` varchar(50) COLLATE utf8_unicode_ci DEFAULT NULL,
  `created_at` timestamp NOT NULL DEFAULT '0000-00-00 00:00:00',
  `updated_at` timestamp NOT NULL DEFAULT '0000-00-00 00:00:00'
) ENGINE=InnoDB DEFAULT CHARSET=utf8 COLLATE=utf8_unicode_ci;

--
-- Volcado de datos para la tabla `proveedores__proveedors`
--

INSERT INTO `proveedores__proveedors` (`id`, `razon_social`, `ruc`, `categoria`, `direccion`, `email`, `telefono`, `celular`, `fax`, `contacto`, `created_at`, `updated_at`) VALUES
(1, 'ESSAP', '999999', 'Agua', NULL, NULL, NULL, NULL, NULL, NULL, '2017-04-10 01:48:38', '2017-04-10 01:49:33'),
(2, 'Óptica Asunción', '352865-0', 'Servicio de cristales', NULL, NULL, NULL, NULL, NULL, NULL, '2017-04-16 03:15:41', '2017-04-16 03:15:41'),
(3, 'Librería', '12345', NULL, NULL, NULL, NULL, NULL, NULL, NULL, '2017-04-16 03:25:56', '2017-04-16 03:25:56'),
(4, 'Juan Manual Silva Valdivieso', '4962537-3', 'Venta de armazones', 'Camilo Recalde 854 c/ José de la Cruz Ayala - Dupl', NULL, '0971514014', '0981701581', NULL, NULL, '2017-07-12 14:22:29', '2017-07-12 14:22:29');

-- --------------------------------------------------------

--
-- Estructura de tabla para la tabla `reminders`
--

CREATE TABLE `reminders` (
  `id` int(10) UNSIGNED NOT NULL,
  `user_id` int(10) UNSIGNED NOT NULL,
  `code` varchar(255) COLLATE utf8_unicode_ci NOT NULL,
  `completed` tinyint(1) NOT NULL DEFAULT '0',
  `completed_at` timestamp NULL DEFAULT NULL,
  `created_at` timestamp NOT NULL DEFAULT '0000-00-00 00:00:00',
  `updated_at` timestamp NOT NULL DEFAULT '0000-00-00 00:00:00'
) ENGINE=InnoDB DEFAULT CHARSET=utf8 COLLATE=utf8_unicode_ci;

-- --------------------------------------------------------

--
-- Estructura de tabla para la tabla `revisions`
--

CREATE TABLE `revisions` (
  `id` int(10) UNSIGNED NOT NULL,
  `revisionable_type` varchar(255) COLLATE utf8_unicode_ci NOT NULL,
  `revisionable_id` int(11) NOT NULL,
  `user_id` int(11) DEFAULT NULL,
  `key` varchar(255) COLLATE utf8_unicode_ci NOT NULL,
  `old_value` text COLLATE utf8_unicode_ci,
  `new_value` text COLLATE utf8_unicode_ci,
  `created_at` timestamp NOT NULL DEFAULT '0000-00-00 00:00:00',
  `updated_at` timestamp NOT NULL DEFAULT '0000-00-00 00:00:00'
) ENGINE=InnoDB DEFAULT CHARSET=utf8 COLLATE=utf8_unicode_ci;

-- --------------------------------------------------------

--
-- Estructura de tabla para la tabla `roles`
--

CREATE TABLE `roles` (
  `id` int(10) UNSIGNED NOT NULL,
  `slug` varchar(255) COLLATE utf8_unicode_ci NOT NULL,
  `name` varchar(255) COLLATE utf8_unicode_ci NOT NULL,
  `permissions` text COLLATE utf8_unicode_ci,
  `created_at` timestamp NOT NULL DEFAULT '0000-00-00 00:00:00',
  `updated_at` timestamp NOT NULL DEFAULT '0000-00-00 00:00:00'
) ENGINE=InnoDB DEFAULT CHARSET=utf8 COLLATE=utf8_unicode_ci;

--
-- Volcado de datos para la tabla `roles`
--

INSERT INTO `roles` (`id`, `slug`, `name`, `permissions`, `created_at`, `updated_at`) VALUES
(1, 'admin', 'Admin', '{\"caja.cajas.index\":true,\"caja.cajas.create\":true,\"caja.cajas.store\":true,\"caja.cajas.edit\":true,\"caja.cajas.update\":true,\"caja.cajas.destroy\":true,\"caja.cajas.index_ajax\":true,\"caja.cajas.pdf\":true,\"caja.cajas.index_movimientos\":true,\"caja.cajas.create_movimiento\":true,\"caja.cajas.store_movimiento\":true,\"caja.cajas.edit_movimiento\":true,\"caja.cajas.update_movimiento\":true,\"caja.cajas.index_movimientos_activo\":true,\"caja.cajas.index_cajas\":true,\"clientes.clientes.index\":true,\"clientes.clientes.create\":true,\"clientes.clientes.store\":true,\"clientes.clientes.edit\":true,\"clientes.clientes.update\":true,\"clientes.clientes.destroy\":true,\"clientes.clientes.index_ajax\":true,\"clientes.clientes.search_cliente\":true,\"clientes.clientes.upload_cliente_xls\":true,\"clientes.clientes.upload_cliente_xls_store\":true,\"clientes.clientes.descargar_ejemplo\":true,\"Permisos Especiales Clientes.Ver boton de cargar clientes desde excel\":true,\"Permisos Especiales Clientes.Ver boton de descargar ejemplo excel\":true,\"compras.compras.index\":true,\"compras.compras.create\":true,\"compras.compras.store\":true,\"compras.compras.edit\":true,\"compras.compras.update\":true,\"compras.compras.destroy\":true,\"compras.compras.seleccion\":true,\"compras.compras.index_ajax\":true,\"compras.compras.edit_config_factura\":true,\"compras.compras.update_config_factura\":true,\"compras.compras.reporte_gastos_performance\":true,\"compras.compras.reporte_gastos\":true,\"compras.compras.reporte_gastos_ajax\":true,\"compras.compras.categorias_reporte_gastos_ajax\":true,\"compras.compras.reporte_xls\":true,\"compras.compras.categorias_reporte_xls\":true,\"compras.compras.index_pendientes\":true,\"compras.compras.factura\":true,\"compras.compras.factura_update\":true,\"compras.compras.pago_create\":true,\"compras.compras.pago_store\":true,\"compras.compras.cuenta_change\":true,\"compras.detallecompras.index\":true,\"compras.detallecompras.create\":true,\"compras.detallecompras.store\":true,\"compras.detallecompras.edit\":true,\"compras.detallecompras.update\":true,\"compras.detallecompras.destroy\":true,\"compras.comprapago.destroypago\":true,\"Permisos Especiales Compras.Ver detalles de otras compras\":true,\"contabilidad.tipocuentas.index\":true,\"contabilidad.tipocuentas.create\":true,\"contabilidad.tipocuentas.store\":true,\"contabilidad.tipocuentas.edit\":true,\"contabilidad.tipocuentas.update\":true,\"contabilidad.tipocuentas.destroy\":true,\"contabilidad.cuentas.index\":true,\"contabilidad.cuentas.create\":true,\"contabilidad.cuentas.store\":true,\"contabilidad.cuentas.edit\":true,\"contabilidad.cuentas.update\":true,\"contabilidad.cuentas.destroy\":true,\"contabilidad.cuentas.search_padre\":true,\"contabilidad.cuentas.search_cuenta_asiento\":true,\"contabilidad.cuentas.index_ajax_filter\":true,\"contabilidad.cuentas.historial\":true,\"contabilidad.cuentas.historial_ajax\":true,\"contabilidad.cuentas.historial_excel\":true,\"contabilidad.cuentas.historial-solo-caja-ita\":false,\"contabilidad.cuentas.cuenta_exist\":true,\"contabilidad.asientos.index\":true,\"contabilidad.asientos.create\":true,\"contabilidad.asientos.store\":true,\"contabilidad.asientos.edit\":true,\"contabilidad.asientos.update\":true,\"contabilidad.asientos.destroy\":true,\"contabilidad.asientos.index_ajax_asientos\":true,\"contabilidad.asientos.anular\":true,\"contabilidad.asientodetalles.index\":true,\"contabilidad.asientodetalles.create\":true,\"contabilidad.asientodetalles.store\":true,\"contabilidad.asientodetalles.edit\":true,\"contabilidad.asientodetalles.update\":true,\"contabilidad.asientodetalles.destroy\":true,\"contabilidad.ejercicio.index\":true,\"contabilidad.ejercicio.create\":true,\"contabilidad.ejercicio.store\":true,\"contabilidad.ejercicio.edit\":true,\"contabilidad.ejercicio.update\":true,\"contabilidad.ejercicio.destroy\":true,\"contabilidad.reportes.libro_mayor\":true,\"contabilidad.reportes.libro_mayor_index\":true,\"contabilidad.reportes.libro_mayor_pdf\":true,\"contabilidad.reportes.libro_mayor_xls\":true,\"contabilidad.reportes.balance\":true,\"contabilidad.reportes.balance_activos\":true,\"contabilidad.reportes.balance_pasivos\":true,\"contabilidad.reportes.balance_patrimonio\":true,\"contabilidad.reportes.balance_pdf\":true,\"contabilidad.reportes.estado_resultado\":true,\"contabilidad.reportes.estado_resultado_ingresos\":true,\"contabilidad.reportes.estado_resultado_egresos\":true,\"contabilidad.reportes.estado_resultado_pdf\":true,\"contabilidad.reportes.libro_venta\":true,\"contabilidad.reportes.libro_venta_pdf\":true,\"contabilidad.reportes.libro_venta_excel\":true,\"contabilidad.reportes.libro_compra\":true,\"contabilidad.reportes.libro_compra_pdf\":true,\"contabilidad.reportes.libro_compra_excel\":true,\"contabilidad.reportes.ingreso_egreso\":true,\"contabilidad.reportes.ingreso_egreso_ajax\":true,\"contabilidad.reportes.ingreso_egreso_xls\":true,\"contabilidad.reportes.ingreso_egreso_config\":true,\"contabilidad.reportes.flujo_caja\":true,\"contabilidad.reportes.flujo_caja_config\":true,\"contabilidad.reportes.libro_compra_performance\":true,\"contabilidad.reportes.libro_venta_performance\":true,\"contabilidad.reportes.cajas\":true,\"contabilidad.reportes.flujo_efectivo\":true,\"contabilidad.reportes.flujo_efectivo_ajax\":true,\"contabilidad.reportes.flujo_efectivo_excel\":true,\"contabilidad.reportes.flujo_efectivo_detalles\":true,\"contabilidad.reportes.flujo_efectivo_detalles_ajax\":true,\"contabilidad.reportes.flujo_efectivo_detalles_excel\":true,\"Permisos Especiales Contabilidad.Ver Contabilidad en Sidebar\":true,\"Permisos Especiales Reportes.Ver Reportes en Sidebar\":true,\"cristales.categoriacristales.index\":true,\"cristales.categoriacristales.create\":true,\"cristales.categoriacristales.store\":true,\"cristales.categoriacristales.edit\":true,\"cristales.categoriacristales.update\":true,\"cristales.categoriacristales.destroy\":true,\"cristales.categoriacristales.indexAjax\":false,\"cristales.cristales.index\":true,\"cristales.cristales.create\":true,\"cristales.cristales.store\":true,\"cristales.cristales.edit\":true,\"cristales.cristales.update\":true,\"cristales.cristales.destroy\":true,\"cristales.tipocristales.index\":true,\"cristales.tipocristales.create\":true,\"cristales.tipocristales.store\":true,\"cristales.tipocristales.edit\":true,\"cristales.tipocristales.update\":true,\"cristales.tipocristales.destroy\":true,\"cristales.tipocristales.search_cristal\":true,\"Permisos Especiales Cristales.Ver Precios de Compra\":true,\"dashboard.grid.save\":true,\"dashboard.grid.reset\":true,\"dashboard.index\":true,\"dashboard.ejercicio.ejercicio\":true,\"empleados.empleados.index\":true,\"empleados.empleados.create\":true,\"empleados.empleados.store\":true,\"empleados.empleados.edit\":true,\"empleados.empleados.update\":true,\"empleados.empleados.destroy\":true,\"empleados.empleados.indexAjax\":true,\"empleados.pagoempleados.index\":true,\"empleados.pagoempleados.create\":true,\"empleados.pagoempleados.store\":true,\"empleados.pagoempleados.edit\":true,\"empleados.pagoempleados.update\":true,\"empleados.pagoempleados.destroy\":true,\"empleados.pagoempleados.indexAjax\":true,\"empleados.pagoempleados.seleccionEmpleado\":true,\"empleados.pagoempleados.anular_asientos\":true,\"empleados.anticipos.index\":true,\"empleados.anticipos.create\":true,\"empleados.anticipos.store\":true,\"empleados.anticipos.edit\":true,\"empleados.anticipos.update\":true,\"empleados.anticipos.anular\":true,\"Permisos Especiales Empleados.Ver Empleados en Sidebar\":true,\"media.media.index\":true,\"media.media.create\":true,\"media.media.store\":true,\"media.media.edit\":true,\"media.media.update\":true,\"media.media.destroy\":true,\"media.media-grid.index\":true,\"media.media-grid.ckIndex\":true,\"menu.menus.index\":true,\"menu.menus.create\":true,\"menu.menus.store\":true,\"menu.menus.edit\":true,\"menu.menus.update\":true,\"menu.menus.destroy\":true,\"menu.menuitem.index\":true,\"menu.menuitem.create\":true,\"menu.menuitem.store\":true,\"menu.menuitem.edit\":true,\"menu.menuitem.update\":true,\"menu.menuitem.destroy\":true,\"page.pages.index\":true,\"page.pages.create\":true,\"page.pages.store\":true,\"page.pages.edit\":true,\"page.pages.update\":true,\"page.pages.destroy\":true,\"pagofacturascredito.pagofacturacreditos.index\":true,\"pagofacturascredito.pagofacturacreditos.create\":true,\"pagofacturascredito.pagofacturacreditos.store\":true,\"pagofacturascredito.pagofacturacreditos.edit\":true,\"pagofacturascredito.pagofacturacreditos.update\":true,\"pagofacturascredito.pagofacturacreditos.destroy\":true,\"pagofacturascredito.pagofacturacreditos.index_ajax\":true,\"productos.categoriaproductos.index\":true,\"productos.categoriaproductos.create\":true,\"productos.categoriaproductos.store\":true,\"productos.categoriaproductos.edit\":true,\"productos.categoriaproductos.update\":true,\"productos.categoriaproductos.destroy\":true,\"productos.productos.index\":true,\"productos.productos.create\":true,\"productos.productos.store\":true,\"productos.productos.edit\":true,\"productos.productos.update\":true,\"productos.productos.destroy\":true,\"productos.productos.search_producto\":true,\"productos.productos.index_ajax\":true,\"productos.productos.inventario_producto_pdf\":true,\"productos.productos.inventario_producto_performance\":true,\"productos.productos.productos_vendidos\":true,\"productos.productos.productos_vendidos_ajax\":true,\"productos.productos.productos_vendidos_query\":true,\"productos.productos.productos_vendidos_xls\":true,\"productos.productos.index_stock_critico\":true,\"productos.productos.cargar_productos_desde_excel\":true,\"productos.productos.store_productos_desde_excel\":true,\"productos.marcas.index\":true,\"productos.marcas.create\":true,\"productos.marcas.store\":true,\"productos.marcas.edit\":true,\"productos.marcas.update\":true,\"productos.marcas.destroy\":true,\"productos.altabajaproductos.index\":true,\"productos.altabajaproductos.create\":true,\"productos.altabajaproductos.store\":true,\"productos.altabajaproductos.edit\":true,\"productos.altabajaproductos.update\":true,\"productos.altabajaproductos.destroy\":true,\"productos.altabajaproductos.seleccionProductos\":true,\"productos.altabajaproductos.indexAjax\":true,\"Permisos Especiales Productos.Ver Precios de Compra\":true,\"proveedores.proveedors.index\":true,\"proveedores.proveedors.create\":true,\"proveedores.proveedors.store\":true,\"proveedores.proveedors.edit\":true,\"proveedores.proveedors.update\":true,\"proveedores.proveedors.destroy\":true,\"proveedores.proveedors.indexAjax\":true,\"proveedores.proveedors.search_proveedor\":true,\"servicios.servicios.index\":true,\"servicios.servicios.create\":true,\"servicios.servicios.store\":true,\"servicios.servicios.edit\":true,\"servicios.servicios.update\":true,\"servicios.servicios.destroy\":true,\"servicios.servicios.indexAjax\":true,\"servicios.servicios.search_servicio\":true,\"setting.settings.index\":true,\"setting.settings.getModuleSettings\":true,\"setting.settings.store\":true,\"translation.translations.index\":true,\"translation.translations.update\":true,\"translation.translations.export\":true,\"translation.translations.import\":true,\"user.users.index\":true,\"user.users.create\":true,\"user.users.store\":true,\"user.users.edit\":true,\"user.users.update\":true,\"user.users.destroy\":true,\"user.users.backup\":true,\"user.roles.index\":true,\"user.roles.create\":true,\"user.roles.store\":true,\"user.roles.edit\":true,\"user.roles.update\":true,\"user.roles.destroy\":true,\"ventas.ventas.index\":true,\"ventas.ventas.create\":true,\"ventas.ventas.store\":true,\"ventas.ventas.edit\":true,\"ventas.ventas.update\":true,\"ventas.ventas.destroy\":true,\"ventas.ventas.search_venta_cliente\":true,\"ventas.ventas.search_venta_producto\":true,\"ventas.ventas.search_venta_servicio\":true,\"ventas.ventas.search_venta_cristal\":true,\"ventas.ventas.detalle_venta_ajax\":true,\"ventas.ventas.seleccion\":true,\"ventas.ventas.indexAjax\":true,\"ventas.ventas.nro_seguimiento_exist\":true,\"ventas.ventas.edit_nro_seguimiento\":true,\"ventas.ventas.update_nro_seguimiento\":true,\"ventas.ventas.reporte\":true,\"ventas.ventas.reporte_ajax\":true,\"ventas.ventas.reporte_pdf\":true,\"ventas.ventas.reporte_xls\":true,\"ventas.ventas.query_reporte\":true,\"ventas.ventas.reporte_ganancias\":true,\"ventas.ventas.reporte_ganancias_ajax\":true,\"ventas.ventas.reporte_ganancias_query\":true,\"ventas.ventas.reporte_ganancias_xls\":true,\"ventas.ventas.index_preventa\":true,\"ventas.ventas.anular_factura\":true,\"ventas.ventas.cuenta_change\":true,\"ventas.ventas.anular_asientos_preventa\":true,\"ventas.ventas.preventa_agregar_items\":true,\"ventas.detalleventas.index\":true,\"ventas.detalleventas.create\":true,\"ventas.detalleventas.store\":true,\"ventas.detalleventas.edit\":true,\"ventas.detalleventas.update\":true,\"ventas.detalleventas.destroy\":true,\"ventas.facturaventas.index\":true,\"ventas.facturaventas.create\":true,\"ventas.facturaventas.store\":true,\"ventas.facturaventas.edit\":true,\"ventas.facturaventas.update\":true,\"ventas.facturaventas.destroy\":true,\"ventas.facturaventas.edit_nro_factura\":true,\"ventas.facturaventas.update_nro_factura\":true,\"ventas.facturaventas.index_ajax\":true,\"ventas.facturaventas.generar_facturas_vacias\":true,\"ventas.facturaventas.crear_facturas_vacias\":true,\"ventas.otras_ventas.index\":true,\"ventas.otras_ventas.index_ajax\":true,\"Permisos Especiales Ventas.Editar nro de sobre en Completar Venta\":true,\"workshop.modules.index\":true,\"workshop.modules.show\":true,\"workshop.modules.disable\":true,\"workshop.modules.enable\":true,\"workshop.themes.index\":true,\"workshop.themes.show\":true}', '2017-04-06 01:28:23', '2017-07-28 23:23:32'),
(2, 'user', 'User', '{\"caja.cajas.index\":false,\"caja.cajas.create\":false,\"caja.cajas.store\":false,\"caja.cajas.edit\":false,\"caja.cajas.update\":false,\"caja.cajas.destroy\":false,\"caja.cajas.index_ajax\":false,\"caja.cajas.pdf\":false,\"caja.cajas.index_movimientos\":false,\"caja.cajas.create_movimiento\":false,\"caja.cajas.store_movimiento\":false,\"caja.cajas.edit_movimiento\":false,\"caja.cajas.update_movimiento\":false,\"caja.cajas.index_movimientos_activo\":false,\"caja.cajas.index_cajas\":false,\"clientes.clientes.index\":false,\"clientes.clientes.create\":false,\"clientes.clientes.store\":false,\"clientes.clientes.edit\":false,\"clientes.clientes.update\":false,\"clientes.clientes.destroy\":false,\"clientes.clientes.index_ajax\":false,\"clientes.clientes.search_cliente\":false,\"clientes.clientes.upload_cliente_xls\":false,\"clientes.clientes.upload_cliente_xls_store\":false,\"clientes.clientes.descargar_ejemplo\":false,\"Permisos Especiales Clientes.Ver boton de cargar clientes desde excel\":false,\"Permisos Especiales Clientes.Ver boton de descargar ejemplo excel\":false,\"compras.compras.index\":false,\"compras.compras.create\":false,\"compras.compras.store\":false,\"compras.compras.edit\":false,\"compras.compras.update\":false,\"compras.compras.destroy\":false,\"compras.compras.seleccion\":false,\"compras.compras.index_ajax\":false,\"compras.compras.edit_config_factura\":false,\"compras.compras.update_config_factura\":false,\"compras.compras.reporte_gastos_performance\":false,\"compras.compras.reporte_gastos\":false,\"compras.compras.reporte_gastos_ajax\":false,\"compras.compras.categorias_reporte_gastos_ajax\":false,\"compras.compras.reporte_xls\":false,\"compras.compras.categorias_reporte_xls\":false,\"compras.compras.index_pendientes\":false,\"compras.compras.factura\":false,\"compras.compras.factura_update\":false,\"compras.compras.pago_create\":false,\"compras.compras.pago_store\":false,\"compras.compras.cuenta_change\":false,\"compras.detallecompras.index\":false,\"compras.detallecompras.create\":false,\"compras.detallecompras.store\":false,\"compras.detallecompras.edit\":false,\"compras.detallecompras.update\":false,\"compras.detallecompras.destroy\":false,\"compras.comprapago.destroypago\":false,\"Permisos Especiales Compras.Ver detalles de otras compras\":false,\"contabilidad.tipocuentas.index\":false,\"contabilidad.tipocuentas.create\":false,\"contabilidad.tipocuentas.store\":false,\"contabilidad.tipocuentas.edit\":false,\"contabilidad.tipocuentas.update\":false,\"contabilidad.tipocuentas.destroy\":false,\"contabilidad.cuentas.index\":false,\"contabilidad.cuentas.create\":false,\"contabilidad.cuentas.store\":false,\"contabilidad.cuentas.edit\":false,\"contabilidad.cuentas.update\":false,\"contabilidad.cuentas.destroy\":false,\"contabilidad.cuentas.search_padre\":false,\"contabilidad.cuentas.search_cuenta_asiento\":false,\"contabilidad.cuentas.index_ajax_filter\":false,\"contabilidad.cuentas.historial\":true,\"contabilidad.cuentas.historial_ajax\":false,\"contabilidad.cuentas.historial_excel\":false,\"contabilidad.cuentas.historial-solo-caja-ita\":true,\"contabilidad.cuentas.cuenta_exist\":false,\"contabilidad.asientos.index\":true,\"contabilidad.asientos.create\":true,\"contabilidad.asientos.store\":true,\"contabilidad.asientos.edit\":true,\"contabilidad.asientos.update\":true,\"contabilidad.asientos.destroy\":true,\"contabilidad.asientos.index_ajax_asientos\":true,\"contabilidad.asientos.anular\":true,\"contabilidad.asientodetalles.index\":false,\"contabilidad.asientodetalles.create\":false,\"contabilidad.asientodetalles.store\":false,\"contabilidad.asientodetalles.edit\":false,\"contabilidad.asientodetalles.update\":false,\"contabilidad.asientodetalles.destroy\":false,\"contabilidad.ejercicio.index\":false,\"contabilidad.ejercicio.create\":false,\"contabilidad.ejercicio.store\":false,\"contabilidad.ejercicio.edit\":false,\"contabilidad.ejercicio.update\":false,\"contabilidad.ejercicio.destroy\":false,\"contabilidad.reportes.libro_mayor\":false,\"contabilidad.reportes.libro_mayor_index\":false,\"contabilidad.reportes.libro_mayor_pdf\":false,\"contabilidad.reportes.libro_mayor_xls\":false,\"contabilidad.reportes.balance\":false,\"contabilidad.reportes.balance_activos\":false,\"contabilidad.reportes.balance_pasivos\":false,\"contabilidad.reportes.balance_patrimonio\":false,\"contabilidad.reportes.balance_pdf\":false,\"contabilidad.reportes.estado_resultado\":false,\"contabilidad.reportes.estado_resultado_ingresos\":false,\"contabilidad.reportes.estado_resultado_egresos\":false,\"contabilidad.reportes.estado_resultado_pdf\":false,\"contabilidad.reportes.libro_venta\":false,\"contabilidad.reportes.libro_venta_pdf\":false,\"contabilidad.reportes.libro_venta_excel\":false,\"contabilidad.reportes.libro_compra\":false,\"contabilidad.reportes.libro_compra_pdf\":false,\"contabilidad.reportes.libro_compra_excel\":false,\"contabilidad.reportes.ingreso_egreso\":false,\"contabilidad.reportes.ingreso_egreso_ajax\":false,\"contabilidad.reportes.ingreso_egreso_xls\":false,\"contabilidad.reportes.ingreso_egreso_config\":false,\"contabilidad.reportes.flujo_caja\":false,\"contabilidad.reportes.flujo_caja_config\":false,\"contabilidad.reportes.libro_compra_performance\":false,\"contabilidad.reportes.libro_venta_performance\":false,\"contabilidad.reportes.cajas\":true,\"contabilidad.reportes.flujo_efectivo\":false,\"contabilidad.reportes.flujo_efectivo_ajax\":false,\"contabilidad.reportes.flujo_efectivo_excel\":false,\"contabilidad.reportes.flujo_efectivo_detalles\":false,\"contabilidad.reportes.flujo_efectivo_detalles_ajax\":false,\"contabilidad.reportes.flujo_efectivo_detalles_excel\":false,\"Permisos Especiales Contabilidad.Ver Contabilidad en Sidebar\":true,\"Permisos Especiales Reportes.Ver Reportes en Sidebar\":false,\"cristales.categoriacristales.index\":false,\"cristales.categoriacristales.create\":false,\"cristales.categoriacristales.store\":false,\"cristales.categoriacristales.edit\":false,\"cristales.categoriacristales.update\":false,\"cristales.categoriacristales.destroy\":false,\"cristales.categoriacristales.indexAjax\":false,\"cristales.cristales.index\":false,\"cristales.cristales.create\":false,\"cristales.cristales.store\":false,\"cristales.cristales.edit\":false,\"cristales.cristales.update\":false,\"cristales.cristales.destroy\":false,\"cristales.tipocristales.index\":false,\"cristales.tipocristales.create\":false,\"cristales.tipocristales.store\":false,\"cristales.tipocristales.edit\":false,\"cristales.tipocristales.update\":false,\"cristales.tipocristales.destroy\":false,\"cristales.tipocristales.search_cristal\":false,\"Permisos Especiales Cristales.Ver Precios de Compra\":false,\"dashboard.grid.save\":false,\"dashboard.grid.reset\":false,\"dashboard.index\":true,\"dashboard.ejercicio.ejercicio\":false,\"empleados.empleados.index\":false,\"empleados.empleados.create\":false,\"empleados.empleados.store\":false,\"empleados.empleados.edit\":false,\"empleados.empleados.update\":false,\"empleados.empleados.destroy\":false,\"empleados.empleados.indexAjax\":false,\"empleados.pagoempleados.index\":false,\"empleados.pagoempleados.create\":false,\"empleados.pagoempleados.store\":false,\"empleados.pagoempleados.edit\":false,\"empleados.pagoempleados.update\":false,\"empleados.pagoempleados.destroy\":false,\"empleados.pagoempleados.indexAjax\":false,\"empleados.pagoempleados.seleccionEmpleado\":false,\"empleados.pagoempleados.anular_asientos\":false,\"empleados.anticipos.index\":false,\"empleados.anticipos.create\":false,\"empleados.anticipos.store\":false,\"empleados.anticipos.edit\":false,\"empleados.anticipos.update\":false,\"empleados.anticipos.anular\":false,\"Permisos Especiales Empleados.Ver Empleados en Sidebar\":false,\"media.media.index\":false,\"media.media.create\":false,\"media.media.store\":false,\"media.media.edit\":false,\"media.media.update\":false,\"media.media.destroy\":false,\"media.media-grid.index\":false,\"media.media-grid.ckIndex\":false,\"menu.menus.index\":false,\"menu.menus.create\":false,\"menu.menus.store\":false,\"menu.menus.edit\":false,\"menu.menus.update\":false,\"menu.menus.destroy\":false,\"menu.menuitem.index\":false,\"menu.menuitem.create\":false,\"menu.menuitem.store\":false,\"menu.menuitem.edit\":false,\"menu.menuitem.update\":false,\"menu.menuitem.destroy\":false,\"page.pages.index\":false,\"page.pages.create\":false,\"page.pages.store\":false,\"page.pages.edit\":false,\"page.pages.update\":false,\"page.pages.destroy\":false,\"pagofacturascredito.pagofacturacreditos.index\":true,\"pagofacturascredito.pagofacturacreditos.create\":true,\"pagofacturascredito.pagofacturacreditos.store\":true,\"pagofacturascredito.pagofacturacreditos.edit\":true,\"pagofacturascredito.pagofacturacreditos.update\":true,\"pagofacturascredito.pagofacturacreditos.destroy\":true,\"pagofacturascredito.pagofacturacreditos.index_ajax\":true,\"productos.categoriaproductos.index\":false,\"productos.categoriaproductos.create\":false,\"productos.categoriaproductos.store\":false,\"productos.categoriaproductos.edit\":false,\"productos.categoriaproductos.update\":false,\"productos.categoriaproductos.destroy\":false,\"productos.productos.index\":false,\"productos.productos.create\":false,\"productos.productos.store\":false,\"productos.productos.edit\":false,\"productos.productos.update\":false,\"productos.productos.destroy\":false,\"productos.productos.search_producto\":false,\"productos.productos.index_ajax\":false,\"productos.productos.inventario_producto_pdf\":false,\"productos.productos.inventario_producto_performance\":false,\"productos.productos.productos_vendidos\":false,\"productos.productos.productos_vendidos_ajax\":false,\"productos.productos.productos_vendidos_query\":false,\"productos.productos.productos_vendidos_xls\":false,\"productos.productos.index_stock_critico\":false,\"productos.productos.cargar_productos_desde_excel\":false,\"productos.productos.store_productos_desde_excel\":false,\"productos.marcas.index\":false,\"productos.marcas.create\":false,\"productos.marcas.store\":false,\"productos.marcas.edit\":false,\"productos.marcas.update\":false,\"productos.marcas.destroy\":false,\"productos.altabajaproductos.index\":false,\"productos.altabajaproductos.create\":false,\"productos.altabajaproductos.store\":false,\"productos.altabajaproductos.edit\":false,\"productos.altabajaproductos.update\":false,\"productos.altabajaproductos.destroy\":false,\"productos.altabajaproductos.seleccionProductos\":false,\"productos.altabajaproductos.indexAjax\":false,\"Permisos Especiales Productos.Ver Precios de Compra\":false,\"proveedores.proveedors.index\":false,\"proveedores.proveedors.create\":false,\"proveedores.proveedors.store\":false,\"proveedores.proveedors.edit\":false,\"proveedores.proveedors.update\":false,\"proveedores.proveedors.destroy\":false,\"proveedores.proveedors.indexAjax\":false,\"proveedores.proveedors.search_proveedor\":false,\"servicios.servicios.index\":false,\"servicios.servicios.create\":false,\"servicios.servicios.store\":false,\"servicios.servicios.edit\":false,\"servicios.servicios.update\":false,\"servicios.servicios.destroy\":false,\"servicios.servicios.indexAjax\":false,\"servicios.servicios.search_servicio\":false,\"setting.settings.index\":false,\"setting.settings.getModuleSettings\":false,\"setting.settings.store\":false,\"translation.translations.index\":false,\"translation.translations.update\":false,\"translation.translations.export\":false,\"translation.translations.import\":false,\"user.users.index\":false,\"user.users.create\":false,\"user.users.store\":false,\"user.users.edit\":false,\"user.users.update\":false,\"user.users.destroy\":false,\"user.users.backup\":false,\"user.roles.index\":false,\"user.roles.create\":false,\"user.roles.store\":false,\"user.roles.edit\":false,\"user.roles.update\":false,\"user.roles.destroy\":false,\"ventas.ventas.index\":true,\"ventas.ventas.create\":true,\"ventas.ventas.store\":true,\"ventas.ventas.edit\":true,\"ventas.ventas.update\":true,\"ventas.ventas.destroy\":true,\"ventas.ventas.search_venta_cliente\":true,\"ventas.ventas.search_venta_producto\":true,\"ventas.ventas.search_venta_servicio\":true,\"ventas.ventas.search_venta_cristal\":true,\"ventas.ventas.detalle_venta_ajax\":true,\"ventas.ventas.seleccion\":true,\"ventas.ventas.indexAjax\":true,\"ventas.ventas.nro_seguimiento_exist\":true,\"ventas.ventas.edit_nro_seguimiento\":true,\"ventas.ventas.update_nro_seguimiento\":true,\"ventas.ventas.reporte\":true,\"ventas.ventas.reporte_ajax\":true,\"ventas.ventas.reporte_pdf\":true,\"ventas.ventas.reporte_xls\":true,\"ventas.ventas.query_reporte\":true,\"ventas.ventas.reporte_ganancias\":true,\"ventas.ventas.reporte_ganancias_ajax\":true,\"ventas.ventas.reporte_ganancias_query\":true,\"ventas.ventas.reporte_ganancias_xls\":true,\"ventas.ventas.index_preventa\":true,\"ventas.ventas.anular_factura\":true,\"ventas.ventas.cuenta_change\":true,\"ventas.ventas.anular_asientos_preventa\":false,\"ventas.ventas.preventa_agregar_items\":true,\"ventas.detalleventas.index\":true,\"ventas.detalleventas.create\":true,\"ventas.detalleventas.store\":true,\"ventas.detalleventas.edit\":true,\"ventas.detalleventas.update\":true,\"ventas.detalleventas.destroy\":true,\"ventas.facturaventas.index\":true,\"ventas.facturaventas.create\":true,\"ventas.facturaventas.store\":true,\"ventas.facturaventas.edit\":true,\"ventas.facturaventas.update\":true,\"ventas.facturaventas.destroy\":true,\"ventas.facturaventas.edit_nro_factura\":true,\"ventas.facturaventas.update_nro_factura\":true,\"ventas.facturaventas.index_ajax\":true,\"ventas.facturaventas.generar_facturas_vacias\":true,\"ventas.facturaventas.crear_facturas_vacias\":true,\"ventas.otras_ventas.index\":true,\"ventas.otras_ventas.index_ajax\":true,\"Permisos Especiales Ventas.Editar nro de sobre en Completar Venta\":false,\"workshop.modules.index\":false,\"workshop.modules.show\":false,\"workshop.modules.disable\":false,\"workshop.modules.enable\":false,\"workshop.themes.index\":false,\"workshop.themes.show\":false}', '2017-04-06 01:28:23', '2017-07-28 23:24:15');

-- --------------------------------------------------------

--
-- Estructura de tabla para la tabla `role_users`
--

CREATE TABLE `role_users` (
  `user_id` int(10) UNSIGNED NOT NULL,
  `role_id` int(10) UNSIGNED NOT NULL,
  `created_at` timestamp NULL DEFAULT NULL,
  `updated_at` timestamp NULL DEFAULT NULL
) ENGINE=InnoDB DEFAULT CHARSET=utf8 COLLATE=utf8_unicode_ci;

--
-- Volcado de datos para la tabla `role_users`
--

INSERT INTO `role_users` (`user_id`, `role_id`, `created_at`, `updated_at`) VALUES
(1, 1, '2017-04-06 01:28:54', '2017-04-06 01:28:54'),
(2, 2, '2017-05-20 15:47:50', '2017-05-20 15:47:50'),
(5, 1, '2017-07-15 15:16:18', '2017-07-15 15:16:18');

-- --------------------------------------------------------

--
-- Estructura de tabla para la tabla `servicios__servicios`
--

CREATE TABLE `servicios__servicios` (
  `id` int(10) UNSIGNED NOT NULL,
  `nombre` varchar(30) COLLATE utf8_unicode_ci NOT NULL,
  `codigo` varchar(30) COLLATE utf8_unicode_ci NOT NULL,
  `descripcion` varchar(255) COLLATE utf8_unicode_ci NOT NULL,
  `precio_venta` bigint(20) NOT NULL,
  `activo` tinyint(1) NOT NULL,
  `created_at` timestamp NOT NULL DEFAULT '0000-00-00 00:00:00',
  `updated_at` timestamp NOT NULL DEFAULT '0000-00-00 00:00:00'
) ENGINE=InnoDB DEFAULT CHARSET=utf8 COLLATE=utf8_unicode_ci;

--
-- Volcado de datos para la tabla `servicios__servicios`
--

INSERT INTO `servicios__servicios` (`id`, `nombre`, `codigo`, `descripcion`, `precio_venta`, `activo`, `created_at`, `updated_at`) VALUES
(1, 'UVX', 'UVX', '', 10000, 1, '2017-04-16 03:58:42', '2017-04-29 14:36:06'),
(2, 'REPARACION', 'REPARACION', '', 0, 1, '2017-05-30 02:36:59', '2017-06-20 19:25:59'),
(4, 'PLAQUETA PAR', 'PLAQUETA', '', 10000, 1, '2017-06-20 19:24:05', '2017-06-20 19:24:05'),
(5, 'CORDON', 'CORDON', '', 5000, 1, '2017-06-20 19:24:32', '2017-06-20 19:24:32'),
(6, 'ESTUCHE', 'ESTUCHE', '', 20000, 1, '2017-06-20 19:24:52', '2017-06-20 19:24:52'),
(7, 'SOLDADURA', 'SOLDADURA', '', 30000, 1, '2017-06-20 19:25:08', '2017-06-20 19:25:08'),
(8, 'COLOCACIÓN DE TORNILLO', 'COLOC_TORNILLO', '', 10000, 1, '2017-06-20 19:25:35', '2017-06-20 19:25:35');

-- --------------------------------------------------------

--
-- Estructura de tabla para la tabla `setting__settings`
--

CREATE TABLE `setting__settings` (
  `id` int(10) UNSIGNED NOT NULL,
  `name` varchar(255) COLLATE utf8_unicode_ci NOT NULL,
  `plainValue` text COLLATE utf8_unicode_ci,
  `isTranslatable` tinyint(1) NOT NULL,
  `created_at` timestamp NOT NULL DEFAULT '0000-00-00 00:00:00',
  `updated_at` timestamp NOT NULL DEFAULT '0000-00-00 00:00:00'
) ENGINE=InnoDB DEFAULT CHARSET=utf8 COLLATE=utf8_unicode_ci;

--
-- Volcado de datos para la tabla `setting__settings`
--

INSERT INTO `setting__settings` (`id`, `name`, `plainValue`, `isTranslatable`, `created_at`, `updated_at`) VALUES
(1, 'core::template', 'Flatly', 0, '2017-04-06 01:28:54', '2017-04-06 01:28:54'),
(2, 'core::locales', '[\"es\"]', 0, '2017-04-06 01:28:54', '2017-04-06 03:01:35'),
(3, 'core::site-name', NULL, 1, '2017-04-06 03:01:35', '2017-04-06 03:01:35'),
(4, 'core::site-description', NULL, 1, '2017-04-06 03:01:35', '2017-04-06 03:01:35'),
(5, 'core::google-analytics', '', 0, '2017-04-06 03:01:35', '2017-04-06 03:01:35');

-- --------------------------------------------------------

--
-- Estructura de tabla para la tabla `setting__setting_translations`
--

CREATE TABLE `setting__setting_translations` (
  `id` int(10) UNSIGNED NOT NULL,
  `setting_id` int(10) UNSIGNED NOT NULL,
  `locale` varchar(255) COLLATE utf8_unicode_ci NOT NULL,
  `value` text COLLATE utf8_unicode_ci NOT NULL,
  `description` text COLLATE utf8_unicode_ci
) ENGINE=InnoDB DEFAULT CHARSET=utf8 COLLATE=utf8_unicode_ci;

--
-- Volcado de datos para la tabla `setting__setting_translations`
--

INSERT INTO `setting__setting_translations` (`id`, `setting_id`, `locale`, `value`, `description`) VALUES
(1, 3, 'en', '', NULL),
(2, 4, 'en', '', NULL),
(3, 3, 'es', 'C&K Optical', NULL),
(4, 4, 'es', '### Solo uso interno del personal ###', NULL);

-- --------------------------------------------------------

--
-- Estructura de tabla para la tabla `throttle`
--

CREATE TABLE `throttle` (
  `id` int(10) UNSIGNED NOT NULL,
  `user_id` int(10) UNSIGNED DEFAULT NULL,
  `type` varchar(255) COLLATE utf8_unicode_ci NOT NULL,
  `ip` varchar(255) COLLATE utf8_unicode_ci DEFAULT NULL,
  `created_at` timestamp NOT NULL DEFAULT '0000-00-00 00:00:00',
  `updated_at` timestamp NOT NULL DEFAULT '0000-00-00 00:00:00'
) ENGINE=InnoDB DEFAULT CHARSET=utf8 COLLATE=utf8_unicode_ci;

--
-- Volcado de datos para la tabla `throttle`
--

INSERT INTO `throttle` (`id`, `user_id`, `type`, `ip`, `created_at`, `updated_at`) VALUES
(1, NULL, 'global', NULL, '2017-04-06 03:49:32', '2017-04-06 03:49:32'),
(2, NULL, 'ip', '181.124.112.203', '2017-04-06 03:49:32', '2017-04-06 03:49:32'),
(3, NULL, 'global', NULL, '2017-04-06 20:04:14', '2017-04-06 20:04:14'),
(4, NULL, 'ip', '181.120.164.130', '2017-04-06 20:04:14', '2017-04-06 20:04:14'),
(5, NULL, 'global', NULL, '2017-04-27 02:11:10', '2017-04-27 02:11:10'),
(6, NULL, 'ip', '181.120.154.123', '2017-04-27 02:11:10', '2017-04-27 02:11:10'),
(7, 1, 'user', NULL, '2017-04-27 02:11:10', '2017-04-27 02:11:10'),
(8, NULL, 'global', NULL, '2017-04-26 22:44:52', '2017-04-26 22:44:52'),
(9, NULL, 'ip', '181.120.161.228', '2017-04-26 22:44:52', '2017-04-26 22:44:52'),
(10, 1, 'user', NULL, '2017-04-26 22:44:52', '2017-04-26 22:44:52'),
(11, NULL, 'global', NULL, '2017-04-26 22:45:14', '2017-04-26 22:45:14'),
(12, NULL, 'ip', '181.120.161.228', '2017-04-26 22:45:14', '2017-04-26 22:45:14'),
(13, 1, 'user', NULL, '2017-04-26 22:45:14', '2017-04-26 22:45:14'),
(14, NULL, 'global', NULL, '2017-04-27 11:51:41', '2017-04-27 11:51:41'),
(15, NULL, 'ip', '181.120.154.123', '2017-04-27 11:51:41', '2017-04-27 11:51:41'),
(16, 1, 'user', NULL, '2017-04-27 11:51:41', '2017-04-27 11:51:41'),
(17, NULL, 'global', NULL, '2017-04-28 14:26:08', '2017-04-28 14:26:08'),
(18, NULL, 'ip', '181.120.133.60', '2017-04-28 14:26:08', '2017-04-28 14:26:08'),
(19, 1, 'user', NULL, '2017-04-28 14:26:08', '2017-04-28 14:26:08'),
(20, NULL, 'global', NULL, '2017-04-28 19:29:48', '2017-04-28 19:29:48'),
(21, NULL, 'ip', '181.120.133.60', '2017-04-28 19:29:48', '2017-04-28 19:29:48'),
(22, 1, 'user', NULL, '2017-04-28 19:29:48', '2017-04-28 19:29:48'),
(23, NULL, 'global', NULL, '2017-04-28 20:38:21', '2017-04-28 20:38:21'),
(24, NULL, 'ip', '181.120.133.60', '2017-04-28 20:38:21', '2017-04-28 20:38:21'),
(25, 1, 'user', NULL, '2017-04-28 20:38:21', '2017-04-28 20:38:21'),
(26, NULL, 'global', NULL, '2017-04-28 20:38:25', '2017-04-28 20:38:25'),
(27, NULL, 'ip', '181.120.133.60', '2017-04-28 20:38:25', '2017-04-28 20:38:25'),
(28, 1, 'user', NULL, '2017-04-28 20:38:25', '2017-04-28 20:38:25'),
(29, NULL, 'global', NULL, '2017-05-03 00:40:12', '2017-05-03 00:40:12'),
(30, NULL, 'ip', '181.121.100.117', '2017-05-03 00:40:12', '2017-05-03 00:40:12'),
(31, 1, 'user', NULL, '2017-05-03 00:40:12', '2017-05-03 00:40:12'),
(32, NULL, 'global', NULL, '2017-05-03 20:53:16', '2017-05-03 20:53:16'),
(33, NULL, 'ip', '181.121.136.78', '2017-05-03 20:53:16', '2017-05-03 20:53:16'),
(34, 1, 'user', NULL, '2017-05-03 20:53:16', '2017-05-03 20:53:16'),
(35, NULL, 'global', NULL, '2017-05-04 12:05:45', '2017-05-04 12:05:45'),
(36, NULL, 'ip', '181.121.136.78', '2017-05-04 12:05:45', '2017-05-04 12:05:45'),
(37, 1, 'user', NULL, '2017-05-04 12:05:45', '2017-05-04 12:05:45'),
(38, NULL, 'global', NULL, '2017-05-05 12:08:30', '2017-05-05 12:08:30'),
(39, NULL, 'ip', '181.121.136.78', '2017-05-05 12:08:31', '2017-05-05 12:08:31'),
(40, 1, 'user', NULL, '2017-05-05 12:08:31', '2017-05-05 12:08:31'),
(41, NULL, 'global', NULL, '2017-05-05 23:00:47', '2017-05-05 23:00:47'),
(42, NULL, 'ip', '181.121.136.78', '2017-05-05 23:00:47', '2017-05-05 23:00:47'),
(43, 1, 'user', NULL, '2017-05-05 23:00:47', '2017-05-05 23:00:47'),
(44, NULL, 'global', NULL, '2017-05-20 15:35:29', '2017-05-20 15:35:29'),
(45, NULL, 'ip', '181.123.27.67', '2017-05-20 15:35:29', '2017-05-20 15:35:29'),
(46, 1, 'user', NULL, '2017-05-20 15:35:29', '2017-05-20 15:35:29'),
(47, NULL, 'global', NULL, '2017-05-26 18:08:53', '2017-05-26 18:08:53'),
(48, NULL, 'ip', '190.128.232.82', '2017-05-26 18:08:53', '2017-05-26 18:08:53'),
(49, 2, 'user', NULL, '2017-05-26 18:08:53', '2017-05-26 18:08:53'),
(50, NULL, 'global', NULL, '2017-05-26 18:13:19', '2017-05-26 18:13:19'),
(51, NULL, 'ip', '190.128.232.82', '2017-05-26 18:13:19', '2017-05-26 18:13:19'),
(52, 2, 'user', NULL, '2017-05-26 18:13:19', '2017-05-26 18:13:19'),
(53, NULL, 'global', NULL, '2017-05-26 18:13:36', '2017-05-26 18:13:36'),
(54, NULL, 'ip', '190.128.232.82', '2017-05-26 18:13:36', '2017-05-26 18:13:36'),
(55, 2, 'user', NULL, '2017-05-26 18:13:36', '2017-05-26 18:13:36'),
(56, NULL, 'global', NULL, '2017-05-26 18:14:31', '2017-05-26 18:14:31'),
(57, NULL, 'ip', '190.128.232.82', '2017-05-26 18:14:31', '2017-05-26 18:14:31'),
(58, 2, 'user', NULL, '2017-05-26 18:14:31', '2017-05-26 18:14:31'),
(59, NULL, 'global', NULL, '2017-05-26 18:14:43', '2017-05-26 18:14:43'),
(60, NULL, 'ip', '190.128.232.82', '2017-05-26 18:14:43', '2017-05-26 18:14:43'),
(61, 2, 'user', NULL, '2017-05-26 18:14:43', '2017-05-26 18:14:43'),
(62, NULL, 'global', NULL, '2017-05-26 18:16:37', '2017-05-26 18:16:37'),
(63, NULL, 'ip', '190.128.232.82', '2017-05-26 18:16:37', '2017-05-26 18:16:37'),
(64, 2, 'user', NULL, '2017-05-26 18:16:37', '2017-05-26 18:16:37'),
(65, NULL, 'global', NULL, '2017-05-29 21:16:39', '2017-05-29 21:16:39'),
(66, NULL, 'ip', '181.120.135.206', '2017-05-29 21:16:39', '2017-05-29 21:16:39'),
(67, 1, 'user', NULL, '2017-05-29 21:16:39', '2017-05-29 21:16:39'),
(68, NULL, 'global', NULL, '2017-05-29 21:20:09', '2017-05-29 21:20:09'),
(69, NULL, 'ip', '181.120.135.206', '2017-05-29 21:20:10', '2017-05-29 21:20:10'),
(70, 1, 'user', NULL, '2017-05-29 21:20:10', '2017-05-29 21:20:10'),
(71, NULL, 'global', NULL, '2017-05-30 19:17:55', '2017-05-30 19:17:55'),
(72, NULL, 'ip', '181.120.135.206', '2017-05-30 19:17:55', '2017-05-30 19:17:55'),
(73, 1, 'user', NULL, '2017-05-30 19:17:55', '2017-05-30 19:17:55'),
(74, NULL, 'global', NULL, '2017-05-30 19:18:12', '2017-05-30 19:18:12'),
(75, NULL, 'ip', '181.120.135.206', '2017-05-30 19:18:12', '2017-05-30 19:18:12'),
(76, 1, 'user', NULL, '2017-05-30 19:18:12', '2017-05-30 19:18:12'),
(77, NULL, 'global', NULL, '2017-05-30 21:09:50', '2017-05-30 21:09:50'),
(78, NULL, 'ip', '181.120.135.206', '2017-05-30 21:09:50', '2017-05-30 21:09:50'),
(79, 1, 'user', NULL, '2017-05-30 21:09:50', '2017-05-30 21:09:50'),
(80, NULL, 'global', NULL, '2017-06-10 14:06:44', '2017-06-10 14:06:44'),
(81, NULL, 'ip', '181.123.27.67', '2017-06-10 14:06:44', '2017-06-10 14:06:44'),
(82, 2, 'user', NULL, '2017-06-10 14:06:44', '2017-06-10 14:06:44'),
(83, NULL, 'global', NULL, '2017-06-10 14:07:11', '2017-06-10 14:07:11'),
(84, NULL, 'ip', '181.123.27.67', '2017-06-10 14:07:11', '2017-06-10 14:07:11'),
(85, 2, 'user', NULL, '2017-06-10 14:07:11', '2017-06-10 14:07:11'),
(86, NULL, 'global', NULL, '2017-06-10 14:07:41', '2017-06-10 14:07:41'),
(87, NULL, 'ip', '181.123.27.67', '2017-06-10 14:07:41', '2017-06-10 14:07:41'),
(88, 2, 'user', NULL, '2017-06-10 14:07:41', '2017-06-10 14:07:41'),
(89, NULL, 'global', NULL, '2017-06-13 17:47:37', '2017-06-13 17:47:37'),
(90, NULL, 'ip', '181.120.126.88', '2017-06-13 17:47:37', '2017-06-13 17:47:37'),
(91, 1, 'user', NULL, '2017-06-13 17:47:37', '2017-06-13 17:47:37'),
(92, NULL, 'global', NULL, '2017-06-16 18:55:38', '2017-06-16 18:55:38'),
(93, NULL, 'ip', '181.120.184.235', '2017-06-16 18:55:38', '2017-06-16 18:55:38'),
(94, 1, 'user', NULL, '2017-06-16 18:55:38', '2017-06-16 18:55:38'),
(95, NULL, 'global', NULL, '2017-06-18 22:08:09', '2017-06-18 22:08:09'),
(96, NULL, 'ip', '181.122.145.242', '2017-06-18 22:08:09', '2017-06-18 22:08:09'),
(97, 1, 'user', NULL, '2017-06-18 22:08:09', '2017-06-18 22:08:09'),
(98, NULL, 'global', NULL, '2017-06-19 11:55:57', '2017-06-19 11:55:57'),
(99, NULL, 'ip', '181.121.130.198', '2017-06-19 11:55:57', '2017-06-19 11:55:57'),
(100, 1, 'user', NULL, '2017-06-19 11:55:57', '2017-06-19 11:55:57'),
(101, NULL, 'global', NULL, '2017-06-20 22:13:29', '2017-06-20 22:13:29'),
(102, NULL, 'ip', '181.121.130.198', '2017-06-20 22:13:29', '2017-06-20 22:13:29'),
(103, 1, 'user', NULL, '2017-06-20 22:13:29', '2017-06-20 22:13:29'),
(104, NULL, 'global', NULL, '2017-06-20 23:51:49', '2017-06-20 23:51:49'),
(105, NULL, 'ip', '181.122.145.242', '2017-06-20 23:51:49', '2017-06-20 23:51:49'),
(106, 1, 'user', NULL, '2017-06-20 23:51:49', '2017-06-20 23:51:49'),
(107, NULL, 'global', NULL, '2017-06-21 22:43:23', '2017-06-21 22:43:23'),
(108, NULL, 'ip', '181.121.130.198', '2017-06-21 22:43:23', '2017-06-21 22:43:23'),
(109, 1, 'user', NULL, '2017-06-21 22:43:23', '2017-06-21 22:43:23'),
(110, NULL, 'global', NULL, '2017-06-21 22:43:32', '2017-06-21 22:43:32'),
(111, NULL, 'ip', '181.121.130.198', '2017-06-21 22:43:33', '2017-06-21 22:43:33'),
(112, 1, 'user', NULL, '2017-06-21 22:43:33', '2017-06-21 22:43:33'),
(113, NULL, 'global', NULL, '2017-06-22 12:21:54', '2017-06-22 12:21:54'),
(114, NULL, 'ip', '181.121.130.198', '2017-06-22 12:21:54', '2017-06-22 12:21:54'),
(115, 1, 'user', NULL, '2017-06-22 12:21:54', '2017-06-22 12:21:54'),
(116, NULL, 'global', NULL, '2017-06-23 14:22:47', '2017-06-23 14:22:47'),
(117, NULL, 'ip', '181.121.130.198', '2017-06-23 14:22:47', '2017-06-23 14:22:47'),
(118, 1, 'user', NULL, '2017-06-23 14:22:47', '2017-06-23 14:22:47'),
(119, NULL, 'global', NULL, '2017-07-24 22:12:41', '2017-07-24 22:12:41'),
(120, NULL, 'ip', '181.122.145.242', '2017-07-24 22:12:41', '2017-07-24 22:12:41'),
(121, 1, 'user', NULL, '2017-07-24 22:12:41', '2017-07-24 22:12:41'),
(122, NULL, 'global', NULL, '2017-07-25 12:13:05', '2017-07-25 12:13:05'),
(123, NULL, 'ip', '181.122.145.242', '2017-07-25 12:13:05', '2017-07-25 12:13:05'),
(124, 2, 'user', NULL, '2017-07-25 12:13:05', '2017-07-25 12:13:05'),
(125, NULL, 'global', NULL, '2017-08-01 22:40:35', '2017-08-01 22:40:35'),
(126, NULL, 'ip', '181.120.128.32', '2017-08-01 22:40:35', '2017-08-01 22:40:35'),
(127, 2, 'user', NULL, '2017-08-01 22:40:35', '2017-08-01 22:40:35'),
(128, NULL, 'global', NULL, '2017-08-07 18:39:39', '2017-08-07 18:39:39'),
(129, NULL, 'ip', '181.121.139.101', '2017-08-07 18:39:39', '2017-08-07 18:39:39'),
(130, 1, 'user', NULL, '2017-08-07 18:39:39', '2017-08-07 18:39:39');

-- --------------------------------------------------------

--
-- Estructura de tabla para la tabla `translation__translations`
--

CREATE TABLE `translation__translations` (
  `id` int(10) UNSIGNED NOT NULL,
  `key` varchar(255) COLLATE utf8_unicode_ci NOT NULL,
  `created_at` timestamp NOT NULL DEFAULT '0000-00-00 00:00:00',
  `updated_at` timestamp NOT NULL DEFAULT '0000-00-00 00:00:00',
  `deleted_at` timestamp NULL DEFAULT NULL
) ENGINE=InnoDB DEFAULT CHARSET=utf8 COLLATE=utf8_unicode_ci;

-- --------------------------------------------------------

--
-- Estructura de tabla para la tabla `translation__translation_translations`
--

CREATE TABLE `translation__translation_translations` (
  `id` int(10) UNSIGNED NOT NULL,
  `value` text COLLATE utf8_unicode_ci NOT NULL,
  `translation_id` int(10) UNSIGNED NOT NULL,
  `locale` varchar(255) COLLATE utf8_unicode_ci NOT NULL
) ENGINE=InnoDB DEFAULT CHARSET=utf8 COLLATE=utf8_unicode_ci;

-- --------------------------------------------------------

--
-- Estructura de tabla para la tabla `users`
--

CREATE TABLE `users` (
  `id` int(10) UNSIGNED NOT NULL,
  `email` varchar(255) COLLATE utf8_unicode_ci NOT NULL,
  `password` varchar(255) COLLATE utf8_unicode_ci NOT NULL,
  `permissions` text COLLATE utf8_unicode_ci,
  `last_login` timestamp NULL DEFAULT NULL,
  `first_name` varchar(255) COLLATE utf8_unicode_ci DEFAULT NULL,
  `last_name` varchar(255) COLLATE utf8_unicode_ci DEFAULT NULL,
  `created_at` timestamp NOT NULL DEFAULT '0000-00-00 00:00:00',
  `updated_at` timestamp NOT NULL DEFAULT '0000-00-00 00:00:00'
) ENGINE=InnoDB DEFAULT CHARSET=utf8 COLLATE=utf8_unicode_ci;

--
-- Volcado de datos para la tabla `users`
--

INSERT INTO `users` (`id`, `email`, `password`, `permissions`, `last_login`, `first_name`, `last_name`, `created_at`, `updated_at`) VALUES
(1, 'zentcode@zentcode.com', '$2y$10$11dGMbDi6g1w8Qt4OQ5mmeJ4ob157urffYVuUdRtirBYi0IYR8s9S', '{\"caja.cajas.index\":true,\"caja.cajas.create\":true,\"caja.cajas.store\":true,\"caja.cajas.edit\":true,\"caja.cajas.update\":true,\"caja.cajas.destroy\":true,\"caja.cajas.index_ajax\":true,\"caja.cajas.pdf\":true,\"caja.cajas.index_movimientos\":true,\"caja.cajas.create_movimiento\":true,\"caja.cajas.store_movimiento\":true,\"caja.cajas.edit_movimiento\":true,\"caja.cajas.update_movimiento\":true,\"caja.cajas.index_movimientos_activo\":true,\"caja.cajas.index_cajas\":true,\"clientes.clientes.index\":true,\"clientes.clientes.create\":true,\"clientes.clientes.store\":true,\"clientes.clientes.edit\":true,\"clientes.clientes.update\":true,\"clientes.clientes.destroy\":true,\"clientes.clientes.index_ajax\":true,\"clientes.clientes.search_cliente\":true,\"clientes.clientes.upload_cliente_xls\":true,\"clientes.clientes.upload_cliente_xls_store\":true,\"clientes.clientes.descargar_ejemplo\":true,\"Permisos Especiales Clientes.Ver boton de cargar clientes desde excel\":true,\"Permisos Especiales Clientes.Ver boton de descargar ejemplo excel\":true,\"compras.compras.index\":true,\"compras.compras.create\":true,\"compras.compras.store\":true,\"compras.compras.edit\":true,\"compras.compras.update\":true,\"compras.compras.destroy\":true,\"compras.compras.compra-producto\":true,\"compras.compras.compra-cristal\":true,\"compras.compras.compra-otros\":true,\"compras.compras.pago-servicio\":true,\"compras.compras.seleccion\":true,\"compras.compras.index_ajax\":true,\"compras.compras.edit_config_factura\":true,\"compras.compras.update_config_factura\":true,\"compras.compras.reporte_gastos_performance\":true,\"compras.compras.reporte_gastos\":true,\"compras.compras.reporte_gastos_ajax\":true,\"compras.compras.categorias_reporte_gastos_ajax\":true,\"compras.compras.reporte_xls\":true,\"compras.compras.categorias_reporte_xls\":true,\"compras.compras.index_pendientes\":true,\"compras.compras.factura\":true,\"compras.compras.factura_update\":true,\"compras.compras.pago_create\":true,\"compras.compras.pago_store\":true,\"compras.compras.cuenta_change\":true,\"compras.detallecompras.index\":true,\"compras.detallecompras.create\":true,\"compras.detallecompras.store\":true,\"compras.detallecompras.edit\":true,\"compras.detallecompras.update\":true,\"compras.detallecompras.destroy\":true,\"compras.comprapago.destroypago\":true,\"Permisos Especiales Compras.Ver detalles de otras compras\":false,\"contabilidad.tipocuentas.index\":true,\"contabilidad.tipocuentas.create\":true,\"contabilidad.tipocuentas.store\":true,\"contabilidad.tipocuentas.edit\":true,\"contabilidad.tipocuentas.update\":true,\"contabilidad.tipocuentas.destroy\":true,\"contabilidad.cuentas.index\":true,\"contabilidad.cuentas.create\":true,\"contabilidad.cuentas.store\":true,\"contabilidad.cuentas.edit\":true,\"contabilidad.cuentas.update\":true,\"contabilidad.cuentas.destroy\":true,\"contabilidad.cuentas.search_padre\":true,\"contabilidad.cuentas.search_cuenta_asiento\":true,\"contabilidad.cuentas.index_ajax_filter\":true,\"contabilidad.cuentas.historial\":true,\"contabilidad.cuentas.historial_ajax\":true,\"contabilidad.cuentas.historial_excel\":true,\"contabilidad.cuentas.historial-solo-caja-ita\":false,\"contabilidad.cuentas.cuenta_exist\":true,\"contabilidad.asientos.index\":true,\"contabilidad.asientos.create\":true,\"contabilidad.asientos.store\":true,\"contabilidad.asientos.edit\":true,\"contabilidad.asientos.update\":true,\"contabilidad.asientos.destroy\":true,\"contabilidad.asientos.index_ajax_asientos\":true,\"contabilidad.asientos.anular\":true,\"contabilidad.asientodetalles.index\":true,\"contabilidad.asientodetalles.create\":true,\"contabilidad.asientodetalles.store\":true,\"contabilidad.asientodetalles.edit\":true,\"contabilidad.asientodetalles.update\":true,\"contabilidad.asientodetalles.destroy\":true,\"contabilidad.ejercicio.index\":true,\"contabilidad.ejercicio.create\":true,\"contabilidad.ejercicio.store\":true,\"contabilidad.ejercicio.edit\":true,\"contabilidad.ejercicio.update\":true,\"contabilidad.ejercicio.destroy\":true,\"contabilidad.reportes.libro_mayor\":true,\"contabilidad.reportes.libro_mayor_index\":true,\"contabilidad.reportes.libro_mayor_pdf\":true,\"contabilidad.reportes.libro_mayor_xls\":true,\"contabilidad.reportes.balance\":true,\"contabilidad.reportes.balance_activos\":true,\"contabilidad.reportes.balance_pasivos\":true,\"contabilidad.reportes.balance_patrimonio\":true,\"contabilidad.reportes.balance_pdf\":true,\"contabilidad.reportes.estado_resultado\":true,\"contabilidad.reportes.estado_resultado_ingresos\":true,\"contabilidad.reportes.estado_resultado_egresos\":true,\"contabilidad.reportes.estado_resultado_pdf\":true,\"contabilidad.reportes.libro_venta\":true,\"contabilidad.reportes.libro_venta_pdf\":true,\"contabilidad.reportes.libro_venta_excel\":true,\"contabilidad.reportes.libro_compra\":true,\"contabilidad.reportes.libro_compra_pdf\":true,\"contabilidad.reportes.libro_compra_excel\":true,\"contabilidad.reportes.ingreso_egreso\":true,\"contabilidad.reportes.ingreso_egreso_ajax\":true,\"contabilidad.reportes.ingreso_egreso_xls\":true,\"contabilidad.reportes.ingreso_egreso_config\":true,\"contabilidad.reportes.flujo_caja\":true,\"contabilidad.reportes.flujo_caja_config\":true,\"contabilidad.reportes.libro_compra_performance\":true,\"contabilidad.reportes.libro_venta_performance\":true,\"contabilidad.reportes.cajas\":true,\"contabilidad.reportes.flujo_efectivo\":true,\"contabilidad.reportes.flujo_efectivo_ajax\":true,\"contabilidad.reportes.flujo_efectivo_excel\":true,\"contabilidad.reportes.flujo_efectivo_detalles\":true,\"contabilidad.reportes.flujo_efectivo_detalles_ajax\":true,\"contabilidad.reportes.flujo_efectivo_detalles_excel\":true,\"Permisos Especiales Contabilidad.Ver Contabilidad en Sidebar\":true,\"Permisos Especiales Reportes.Ver Reportes en Sidebar\":true,\"cristales.categoriacristales.index\":true,\"cristales.categoriacristales.create\":true,\"cristales.categoriacristales.store\":true,\"cristales.categoriacristales.edit\":true,\"cristales.categoriacristales.update\":true,\"cristales.categoriacristales.destroy\":true,\"cristales.categoriacristales.indexAjax\":true,\"cristales.cristales.index\":true,\"cristales.cristales.create\":true,\"cristales.cristales.store\":true,\"cristales.cristales.edit\":true,\"cristales.cristales.update\":true,\"cristales.cristales.destroy\":true,\"cristales.tipocristales.index\":true,\"cristales.tipocristales.create\":true,\"cristales.tipocristales.store\":true,\"cristales.tipocristales.edit\":true,\"cristales.tipocristales.update\":true,\"cristales.tipocristales.destroy\":true,\"cristales.tipocristales.search_cristal\":true,\"Permisos Especiales Cristales.Ver Precios de Compra\":true,\"dashboard.grid.save\":true,\"dashboard.grid.reset\":true,\"dashboard.index\":true,\"dashboard.ejercicio.ejercicio\":true,\"empleados.empleados.index\":true,\"empleados.empleados.create\":true,\"empleados.empleados.store\":true,\"empleados.empleados.edit\":true,\"empleados.empleados.update\":true,\"empleados.empleados.destroy\":true,\"empleados.empleados.indexAjax\":true,\"empleados.pagoempleados.index\":true,\"empleados.pagoempleados.create\":true,\"empleados.pagoempleados.store\":true,\"empleados.pagoempleados.edit\":true,\"empleados.pagoempleados.update\":true,\"empleados.pagoempleados.destroy\":true,\"empleados.pagoempleados.indexAjax\":true,\"empleados.pagoempleados.seleccionEmpleado\":true,\"empleados.pagoempleados.anular_asientos\":true,\"empleados.anticipos.index\":true,\"empleados.anticipos.create\":true,\"empleados.anticipos.store\":true,\"empleados.anticipos.edit\":true,\"empleados.anticipos.update\":true,\"empleados.anticipos.anular\":false,\"Permisos Especiales Empleados.Ver Empleados en Sidebar\":true,\"media.media.index\":false,\"media.media.create\":true,\"media.media.store\":true,\"media.media.edit\":true,\"media.media.update\":true,\"media.media.destroy\":true,\"media.media-grid.index\":true,\"media.media-grid.ckIndex\":true,\"menu.menus.index\":true,\"menu.menus.create\":true,\"menu.menus.store\":true,\"menu.menus.edit\":true,\"menu.menus.update\":true,\"menu.menus.destroy\":true,\"menu.menuitem.index\":true,\"menu.menuitem.create\":true,\"menu.menuitem.store\":true,\"menu.menuitem.edit\":true,\"menu.menuitem.update\":true,\"menu.menuitem.destroy\":true,\"page.pages.index\":true,\"page.pages.create\":true,\"page.pages.store\":true,\"page.pages.edit\":true,\"page.pages.update\":true,\"page.pages.destroy\":true,\"pagofacturascredito.pagofacturacreditos.index\":true,\"pagofacturascredito.pagofacturacreditos.create\":true,\"pagofacturascredito.pagofacturacreditos.store\":true,\"pagofacturascredito.pagofacturacreditos.edit\":true,\"pagofacturascredito.pagofacturacreditos.update\":true,\"pagofacturascredito.pagofacturacreditos.destroy\":true,\"pagofacturascredito.pagofacturacreditos.index_ajax\":true,\"productos.categoriaproductos.index\":true,\"productos.categoriaproductos.create\":true,\"productos.categoriaproductos.store\":true,\"productos.categoriaproductos.edit\":true,\"productos.categoriaproductos.update\":true,\"productos.categoriaproductos.destroy\":true,\"productos.productos.index\":true,\"productos.productos.create\":true,\"productos.productos.store\":true,\"productos.productos.edit\":true,\"productos.productos.update\":true,\"productos.productos.destroy\":true,\"productos.productos.search_producto\":true,\"productos.productos.index_ajax\":true,\"productos.productos.inventario_producto_pdf\":true,\"productos.productos.inventario_producto_performance\":true,\"productos.productos.productos_vendidos\":true,\"productos.productos.productos_vendidos_ajax\":true,\"productos.productos.productos_vendidos_query\":true,\"productos.productos.productos_vendidos_xls\":true,\"productos.productos.index_stock_critico\":true,\"productos.productos.cargar_productos_desde_excel\":true,\"productos.productos.store_productos_desde_excel\":true,\"productos.marcas.index\":true,\"productos.marcas.create\":true,\"productos.marcas.store\":true,\"productos.marcas.edit\":true,\"productos.marcas.update\":true,\"productos.marcas.destroy\":true,\"productos.altabajaproductos.index\":true,\"productos.altabajaproductos.create\":true,\"productos.altabajaproductos.store\":true,\"productos.altabajaproductos.edit\":true,\"productos.altabajaproductos.update\":true,\"productos.altabajaproductos.destroy\":true,\"productos.altabajaproductos.seleccionProductos\":true,\"productos.altabajaproductos.indexAjax\":true,\"Permisos Especiales Productos.Ver Precios de Compra\":true,\"proveedores.proveedors.index\":true,\"proveedores.proveedors.create\":true,\"proveedores.proveedors.store\":true,\"proveedores.proveedors.edit\":true,\"proveedores.proveedors.update\":true,\"proveedores.proveedors.destroy\":true,\"proveedores.proveedors.indexAjax\":true,\"proveedores.proveedors.search_proveedor\":true,\"servicios.servicios.index\":true,\"servicios.servicios.create\":true,\"servicios.servicios.store\":true,\"servicios.servicios.edit\":true,\"servicios.servicios.update\":true,\"servicios.servicios.destroy\":true,\"servicios.servicios.indexAjax\":true,\"servicios.servicios.search_servicio\":true,\"setting.settings.index\":true,\"setting.settings.getModuleSettings\":true,\"setting.settings.store\":true,\"translation.translations.index\":true,\"translation.translations.update\":true,\"translation.translations.export\":true,\"translation.translations.import\":true,\"user.users.index\":true,\"user.users.create\":true,\"user.users.store\":true,\"user.users.edit\":true,\"user.users.update\":true,\"user.users.destroy\":true,\"user.users.backup\":true,\"user.roles.index\":true,\"user.roles.create\":true,\"user.roles.store\":true,\"user.roles.edit\":true,\"user.roles.update\":true,\"user.roles.destroy\":true,\"ventas.ventas.index\":true,\"ventas.ventas.create\":true,\"ventas.ventas.store\":true,\"ventas.ventas.edit\":true,\"ventas.ventas.update\":true,\"ventas.ventas.destroy\":true,\"ventas.ventas.search_venta_cliente\":true,\"ventas.ventas.search_venta_producto\":true,\"ventas.ventas.search_venta_servicio\":true,\"ventas.ventas.search_venta_cristal\":true,\"ventas.ventas.detalle_venta_ajax\":true,\"ventas.ventas.seleccion\":true,\"ventas.ventas.indexAjax\":true,\"ventas.ventas.nro_seguimiento_exist\":true,\"ventas.ventas.edit_nro_seguimiento\":true,\"ventas.ventas.update_nro_seguimiento\":true,\"ventas.ventas.reporte\":true,\"ventas.ventas.reporte_ajax\":true,\"ventas.ventas.reporte_pdf\":true,\"ventas.ventas.reporte_xls\":true,\"ventas.ventas.query_reporte\":true,\"ventas.ventas.reporte_ganancias\":true,\"ventas.ventas.reporte_ganancias_ajax\":true,\"ventas.ventas.reporte_ganancias_query\":true,\"ventas.ventas.reporte_ganancias_xls\":true,\"ventas.ventas.index_preventa\":true,\"ventas.ventas.anular_factura\":true,\"ventas.ventas.cuenta_change\":true,\"ventas.ventas.anular_asientos_preventa\":true,\"ventas.ventas.preventa_agregar_items\":false,\"ventas.detalleventas.index\":true,\"ventas.detalleventas.create\":true,\"ventas.detalleventas.store\":true,\"ventas.detalleventas.edit\":true,\"ventas.detalleventas.update\":true,\"ventas.detalleventas.destroy\":true,\"ventas.facturaventas.index\":true,\"ventas.facturaventas.create\":true,\"ventas.facturaventas.store\":true,\"ventas.facturaventas.edit\":true,\"ventas.facturaventas.update\":true,\"ventas.facturaventas.destroy\":true,\"ventas.facturaventas.edit_nro_factura\":true,\"ventas.facturaventas.update_nro_factura\":true,\"ventas.facturaventas.index_ajax\":true,\"ventas.facturaventas.generar_facturas_vacias\":true,\"ventas.facturaventas.crear_facturas_vacias\":true,\"ventas.otras_ventas.index\":true,\"ventas.otras_ventas.index_ajax\":true,\"Permisos Especiales Ventas.Editar nro de sobre en Completar Venta\":true,\"workshop.modules.index\":true,\"workshop.modules.show\":true,\"workshop.modules.disable\":true,\"workshop.modules.enable\":true,\"workshop.themes.index\":true,\"workshop.themes.show\":true}', '2017-08-21 13:28:40', 'zentcode', 'zentcode', '2017-04-06 01:28:54', '2017-08-21 13:28:40'),
(2, 'cykoptical@artronic.com.py', '$2y$10$smikCBiygfNsNCp6nceOpeBQpup4Yh1s7n14wu3X1NwxwBtlTIkNu', '{\"caja.cajas.index\":false,\"caja.cajas.create\":false,\"caja.cajas.store\":false,\"caja.cajas.edit\":false,\"caja.cajas.update\":false,\"caja.cajas.destroy\":false,\"caja.cajas.index_ajax\":false,\"caja.cajas.pdf\":false,\"caja.cajas.index_movimientos\":false,\"caja.cajas.create_movimiento\":false,\"caja.cajas.store_movimiento\":false,\"caja.cajas.edit_movimiento\":false,\"caja.cajas.update_movimiento\":false,\"caja.cajas.index_movimientos_activo\":false,\"caja.cajas.index_cajas\":false,\"clientes.clientes.index\":true,\"clientes.clientes.create\":true,\"clientes.clientes.store\":true,\"clientes.clientes.edit\":true,\"clientes.clientes.update\":true,\"clientes.clientes.destroy\":false,\"clientes.clientes.index_ajax\":true,\"clientes.clientes.search_cliente\":true,\"clientes.clientes.upload_cliente_xls\":false,\"clientes.clientes.upload_cliente_xls_store\":false,\"clientes.clientes.descargar_ejemplo\":false,\"Permisos Especiales Clientes.Ver boton de cargar clientes desde excel\":false,\"Permisos Especiales Clientes.Ver boton de descargar ejemplo excel\":false,\"compras.compras.index\":false,\"compras.compras.create\":true,\"compras.compras.store\":true,\"compras.compras.edit\":false,\"compras.compras.update\":false,\"compras.compras.destroy\":false,\"compras.compras.compra-producto\":false,\"compras.compras.compra-cristal\":false,\"compras.compras.compra-otros\":true,\"compras.compras.pago-servicio\":true,\"compras.compras.seleccion\":false,\"compras.compras.index_ajax\":false,\"compras.compras.edit_config_factura\":false,\"compras.compras.update_config_factura\":false,\"compras.compras.reporte_gastos_performance\":false,\"compras.compras.reporte_gastos\":false,\"compras.compras.reporte_gastos_ajax\":false,\"compras.compras.categorias_reporte_gastos_ajax\":false,\"compras.compras.reporte_xls\":false,\"compras.compras.categorias_reporte_xls\":false,\"compras.compras.index_pendientes\":false,\"compras.compras.factura\":false,\"compras.compras.factura_update\":false,\"compras.compras.pago_create\":false,\"compras.compras.pago_store\":false,\"compras.compras.cuenta_change\":false,\"compras.detallecompras.index\":false,\"compras.detallecompras.create\":false,\"compras.detallecompras.store\":false,\"compras.detallecompras.edit\":false,\"compras.detallecompras.update\":false,\"compras.detallecompras.destroy\":false,\"compras.comprapago.destroypago\":false,\"Permisos Especiales Compras.Ver detalles de otras compras\":false,\"contabilidad.tipocuentas.index\":false,\"contabilidad.tipocuentas.create\":false,\"contabilidad.tipocuentas.store\":false,\"contabilidad.tipocuentas.edit\":false,\"contabilidad.tipocuentas.update\":false,\"contabilidad.tipocuentas.destroy\":false,\"contabilidad.cuentas.index\":false,\"contabilidad.cuentas.create\":false,\"contabilidad.cuentas.store\":false,\"contabilidad.cuentas.edit\":false,\"contabilidad.cuentas.update\":false,\"contabilidad.cuentas.destroy\":false,\"contabilidad.cuentas.search_padre\":false,\"contabilidad.cuentas.search_cuenta_asiento\":false,\"contabilidad.cuentas.index_ajax_filter\":false,\"contabilidad.cuentas.historial\":true,\"contabilidad.cuentas.historial_ajax\":true,\"contabilidad.cuentas.historial_excel\":false,\"contabilidad.cuentas.historial-solo-caja-ita\":true,\"contabilidad.cuentas.cuenta_exist\":false,\"contabilidad.asientos.index\":false,\"contabilidad.asientos.create\":false,\"contabilidad.asientos.store\":false,\"contabilidad.asientos.edit\":false,\"contabilidad.asientos.update\":false,\"contabilidad.asientos.destroy\":false,\"contabilidad.asientos.index_ajax_asientos\":false,\"contabilidad.asientos.anular\":false,\"contabilidad.asientodetalles.index\":false,\"contabilidad.asientodetalles.create\":false,\"contabilidad.asientodetalles.store\":false,\"contabilidad.asientodetalles.edit\":false,\"contabilidad.asientodetalles.update\":false,\"contabilidad.asientodetalles.destroy\":false,\"contabilidad.ejercicio.index\":false,\"contabilidad.ejercicio.create\":false,\"contabilidad.ejercicio.store\":false,\"contabilidad.ejercicio.edit\":false,\"contabilidad.ejercicio.update\":false,\"contabilidad.ejercicio.destroy\":false,\"contabilidad.reportes.libro_mayor\":false,\"contabilidad.reportes.libro_mayor_index\":false,\"contabilidad.reportes.libro_mayor_pdf\":false,\"contabilidad.reportes.libro_mayor_xls\":false,\"contabilidad.reportes.balance\":false,\"contabilidad.reportes.balance_activos\":false,\"contabilidad.reportes.balance_pasivos\":false,\"contabilidad.reportes.balance_patrimonio\":false,\"contabilidad.reportes.balance_pdf\":false,\"contabilidad.reportes.estado_resultado\":false,\"contabilidad.reportes.estado_resultado_ingresos\":false,\"contabilidad.reportes.estado_resultado_egresos\":false,\"contabilidad.reportes.estado_resultado_pdf\":false,\"contabilidad.reportes.libro_venta\":false,\"contabilidad.reportes.libro_venta_pdf\":false,\"contabilidad.reportes.libro_venta_excel\":false,\"contabilidad.reportes.libro_compra\":false,\"contabilidad.reportes.libro_compra_pdf\":false,\"contabilidad.reportes.libro_compra_excel\":false,\"contabilidad.reportes.ingreso_egreso\":false,\"contabilidad.reportes.ingreso_egreso_ajax\":false,\"contabilidad.reportes.ingreso_egreso_xls\":false,\"contabilidad.reportes.ingreso_egreso_config\":false,\"contabilidad.reportes.flujo_caja\":false,\"contabilidad.reportes.flujo_caja_config\":false,\"contabilidad.reportes.libro_compra_performance\":false,\"contabilidad.reportes.libro_venta_performance\":false,\"contabilidad.reportes.cajas\":false,\"contabilidad.reportes.flujo_efectivo\":false,\"contabilidad.reportes.flujo_efectivo_ajax\":false,\"contabilidad.reportes.flujo_efectivo_excel\":false,\"contabilidad.reportes.flujo_efectivo_detalles\":false,\"contabilidad.reportes.flujo_efectivo_detalles_ajax\":false,\"contabilidad.reportes.flujo_efectivo_detalles_excel\":false,\"Permisos Especiales Contabilidad.Ver Contabilidad en Sidebar\":true,\"Permisos Especiales Reportes.Ver Reportes en Sidebar\":false,\"cristales.categoriacristales.index\":true,\"cristales.categoriacristales.create\":true,\"cristales.categoriacristales.store\":true,\"cristales.categoriacristales.edit\":true,\"cristales.categoriacristales.update\":false,\"cristales.categoriacristales.destroy\":false,\"cristales.categoriacristales.indexAjax\":false,\"cristales.cristales.index\":true,\"cristales.cristales.create\":true,\"cristales.cristales.store\":true,\"cristales.cristales.edit\":true,\"cristales.cristales.update\":false,\"cristales.cristales.destroy\":false,\"cristales.tipocristales.index\":true,\"cristales.tipocristales.create\":true,\"cristales.tipocristales.store\":true,\"cristales.tipocristales.edit\":true,\"cristales.tipocristales.update\":false,\"cristales.tipocristales.destroy\":false,\"cristales.tipocristales.search_cristal\":true,\"Permisos Especiales Cristales.Ver Precios de Compra\":false,\"dashboard.grid.save\":true,\"dashboard.grid.reset\":true,\"dashboard.index\":true,\"dashboard.ejercicio.ejercicio\":true,\"empleados.empleados.index\":false,\"empleados.empleados.create\":false,\"empleados.empleados.store\":false,\"empleados.empleados.edit\":false,\"empleados.empleados.update\":false,\"empleados.empleados.destroy\":false,\"empleados.empleados.indexAjax\":false,\"empleados.pagoempleados.index\":false,\"empleados.pagoempleados.create\":false,\"empleados.pagoempleados.store\":false,\"empleados.pagoempleados.edit\":false,\"empleados.pagoempleados.update\":false,\"empleados.pagoempleados.destroy\":false,\"empleados.pagoempleados.indexAjax\":false,\"empleados.pagoempleados.seleccionEmpleado\":false,\"empleados.pagoempleados.anular_asientos\":false,\"empleados.anticipos.index\":false,\"empleados.anticipos.create\":false,\"empleados.anticipos.store\":false,\"empleados.anticipos.edit\":false,\"empleados.anticipos.update\":false,\"empleados.anticipos.anular\":false,\"Permisos Especiales Empleados.Ver Empleados en Sidebar\":false,\"media.media.index\":false,\"media.media.create\":true,\"media.media.store\":true,\"media.media.edit\":true,\"media.media.update\":true,\"media.media.destroy\":false,\"media.media-grid.index\":true,\"media.media-grid.ckIndex\":true,\"menu.menus.index\":true,\"menu.menus.create\":true,\"menu.menus.store\":true,\"menu.menus.edit\":true,\"menu.menus.update\":true,\"menu.menus.destroy\":false,\"menu.menuitem.index\":true,\"menu.menuitem.create\":true,\"menu.menuitem.store\":true,\"menu.menuitem.edit\":true,\"menu.menuitem.update\":true,\"menu.menuitem.destroy\":false,\"page.pages.index\":true,\"page.pages.create\":true,\"page.pages.store\":true,\"page.pages.edit\":true,\"page.pages.update\":true,\"page.pages.destroy\":false,\"pagofacturascredito.pagofacturacreditos.index\":true,\"pagofacturascredito.pagofacturacreditos.create\":true,\"pagofacturascredito.pagofacturacreditos.store\":true,\"pagofacturascredito.pagofacturacreditos.edit\":true,\"pagofacturascredito.pagofacturacreditos.update\":true,\"pagofacturascredito.pagofacturacreditos.destroy\":false,\"pagofacturascredito.pagofacturacreditos.index_ajax\":true,\"productos.categoriaproductos.index\":true,\"productos.categoriaproductos.create\":true,\"productos.categoriaproductos.store\":true,\"productos.categoriaproductos.edit\":true,\"productos.categoriaproductos.update\":true,\"productos.categoriaproductos.destroy\":false,\"productos.productos.index\":true,\"productos.productos.create\":true,\"productos.productos.store\":true,\"productos.productos.edit\":true,\"productos.productos.update\":false,\"productos.productos.destroy\":false,\"productos.productos.search_producto\":true,\"productos.productos.index_ajax\":true,\"productos.productos.inventario_producto_pdf\":false,\"productos.productos.inventario_producto_performance\":false,\"productos.productos.productos_vendidos\":true,\"productos.productos.productos_vendidos_ajax\":true,\"productos.productos.productos_vendidos_query\":true,\"productos.productos.productos_vendidos_xls\":true,\"productos.productos.index_stock_critico\":true,\"productos.productos.cargar_productos_desde_excel\":false,\"productos.productos.store_productos_desde_excel\":false,\"productos.marcas.index\":true,\"productos.marcas.create\":true,\"productos.marcas.store\":true,\"productos.marcas.edit\":true,\"productos.marcas.update\":true,\"productos.marcas.destroy\":false,\"productos.altabajaproductos.index\":true,\"productos.altabajaproductos.create\":true,\"productos.altabajaproductos.store\":true,\"productos.altabajaproductos.edit\":true,\"productos.altabajaproductos.update\":true,\"productos.altabajaproductos.destroy\":false,\"productos.altabajaproductos.seleccionProductos\":true,\"productos.altabajaproductos.indexAjax\":true,\"Permisos Especiales Productos.Ver Precios de Compra\":false,\"proveedores.proveedors.index\":true,\"proveedores.proveedors.create\":true,\"proveedores.proveedors.store\":true,\"proveedores.proveedors.edit\":true,\"proveedores.proveedors.update\":true,\"proveedores.proveedors.destroy\":false,\"proveedores.proveedors.indexAjax\":true,\"proveedores.proveedors.search_proveedor\":true,\"servicios.servicios.index\":true,\"servicios.servicios.create\":true,\"servicios.servicios.store\":true,\"servicios.servicios.edit\":true,\"servicios.servicios.update\":false,\"servicios.servicios.destroy\":false,\"servicios.servicios.indexAjax\":true,\"servicios.servicios.search_servicio\":true,\"setting.settings.index\":false,\"setting.settings.getModuleSettings\":false,\"setting.settings.store\":false,\"translation.translations.index\":false,\"translation.translations.update\":false,\"translation.translations.export\":false,\"translation.translations.import\":false,\"user.users.index\":false,\"user.users.create\":false,\"user.users.store\":false,\"user.users.edit\":false,\"user.users.update\":false,\"user.users.destroy\":false,\"user.users.backup\":false,\"user.roles.index\":false,\"user.roles.create\":false,\"user.roles.store\":false,\"user.roles.edit\":false,\"user.roles.update\":false,\"user.roles.destroy\":false,\"ventas.ventas.index\":true,\"ventas.ventas.create\":true,\"ventas.ventas.store\":true,\"ventas.ventas.edit\":true,\"ventas.ventas.update\":true,\"ventas.ventas.destroy\":false,\"ventas.ventas.search_venta_cliente\":true,\"ventas.ventas.search_venta_producto\":true,\"ventas.ventas.search_venta_servicio\":true,\"ventas.ventas.search_venta_cristal\":true,\"ventas.ventas.detalle_venta_ajax\":true,\"ventas.ventas.seleccion\":true,\"ventas.ventas.indexAjax\":true,\"ventas.ventas.nro_seguimiento_exist\":true,\"ventas.ventas.edit_nro_seguimiento\":true,\"ventas.ventas.update_nro_seguimiento\":true,\"ventas.ventas.reporte\":false,\"ventas.ventas.reporte_ajax\":false,\"ventas.ventas.reporte_pdf\":false,\"ventas.ventas.reporte_xls\":false,\"ventas.ventas.query_reporte\":false,\"ventas.ventas.reporte_ganancias\":false,\"ventas.ventas.reporte_ganancias_ajax\":false,\"ventas.ventas.reporte_ganancias_query\":false,\"ventas.ventas.reporte_ganancias_xls\":false,\"ventas.ventas.index_preventa\":true,\"ventas.ventas.anular_factura\":false,\"ventas.ventas.cuenta_change\":true,\"ventas.ventas.anular_asientos_preventa\":true,\"ventas.ventas.preventa_agregar_items\":false,\"ventas.detalleventas.index\":true,\"ventas.detalleventas.create\":true,\"ventas.detalleventas.store\":true,\"ventas.detalleventas.edit\":true,\"ventas.detalleventas.update\":true,\"ventas.detalleventas.destroy\":false,\"ventas.facturaventas.index\":true,\"ventas.facturaventas.create\":true,\"ventas.facturaventas.store\":true,\"ventas.facturaventas.edit\":true,\"ventas.facturaventas.update\":true,\"ventas.facturaventas.destroy\":false,\"ventas.facturaventas.edit_nro_factura\":false,\"ventas.facturaventas.update_nro_factura\":false,\"ventas.facturaventas.index_ajax\":true,\"ventas.facturaventas.generar_facturas_vacias\":true,\"ventas.facturaventas.crear_facturas_vacias\":true,\"ventas.otras_ventas.index\":false,\"ventas.otras_ventas.index_ajax\":false,\"Permisos Especiales Ventas.Editar nro de sobre en Completar Venta\":false,\"workshop.modules.index\":false,\"workshop.modules.show\":false,\"workshop.modules.disable\":false,\"workshop.modules.enable\":false,\"workshop.themes.index\":false,\"workshop.themes.show\":false}', '2017-08-18 20:13:42', 'Jenniffer', 'Jimémez', '2017-05-14 15:37:05', '2017-08-18 20:13:42'),
(5, 'ilona.janz@artronic.com.py', '$2y$10$4a70/4auOWt.jiBIOPm32e5EEpHH8fg5dnJrQjZ3Ax8zKMzagOGeK', '{\"caja.cajas.index\":true,\"caja.cajas.create\":true,\"caja.cajas.store\":true,\"caja.cajas.edit\":true,\"caja.cajas.update\":true,\"caja.cajas.destroy\":true,\"caja.cajas.index_ajax\":true,\"caja.cajas.pdf\":true,\"caja.cajas.index_movimientos\":true,\"caja.cajas.create_movimiento\":true,\"caja.cajas.store_movimiento\":true,\"caja.cajas.edit_movimiento\":true,\"caja.cajas.update_movimiento\":true,\"caja.cajas.index_movimientos_activo\":true,\"caja.cajas.index_cajas\":true,\"clientes.clientes.index\":true,\"clientes.clientes.create\":true,\"clientes.clientes.store\":true,\"clientes.clientes.edit\":true,\"clientes.clientes.update\":true,\"clientes.clientes.destroy\":true,\"clientes.clientes.index_ajax\":true,\"clientes.clientes.search_cliente\":true,\"clientes.clientes.upload_cliente_xls\":true,\"clientes.clientes.upload_cliente_xls_store\":true,\"clientes.clientes.descargar_ejemplo\":true,\"Permisos Especiales Clientes.Ver boton de cargar clientes desde excel\":true,\"Permisos Especiales Clientes.Ver boton de descargar ejemplo excel\":true,\"compras.compras.index\":true,\"compras.compras.create\":true,\"compras.compras.store\":true,\"compras.compras.edit\":true,\"compras.compras.update\":true,\"compras.compras.destroy\":true,\"compras.compras.compra-producto\":true,\"compras.compras.compra-cristal\":true,\"compras.compras.compra-otros\":true,\"compras.compras.pago-servicio\":true,\"compras.compras.seleccion\":true,\"compras.compras.index_ajax\":true,\"compras.compras.edit_config_factura\":true,\"compras.compras.update_config_factura\":true,\"compras.compras.reporte_gastos_performance\":true,\"compras.compras.reporte_gastos\":true,\"compras.compras.reporte_gastos_ajax\":true,\"compras.compras.categorias_reporte_gastos_ajax\":true,\"compras.compras.reporte_xls\":true,\"compras.compras.categorias_reporte_xls\":true,\"compras.compras.index_pendientes\":true,\"compras.compras.factura\":true,\"compras.compras.factura_update\":true,\"compras.compras.pago_create\":true,\"compras.compras.pago_store\":true,\"compras.compras.cuenta_change\":true,\"compras.detallecompras.index\":true,\"compras.detallecompras.create\":true,\"compras.detallecompras.store\":true,\"compras.detallecompras.edit\":true,\"compras.detallecompras.update\":true,\"compras.detallecompras.destroy\":true,\"compras.comprapago.destroypago\":true,\"Permisos Especiales Compras.Ver detalles de otras compras\":false,\"contabilidad.tipocuentas.index\":true,\"contabilidad.tipocuentas.create\":true,\"contabilidad.tipocuentas.store\":true,\"contabilidad.tipocuentas.edit\":true,\"contabilidad.tipocuentas.update\":true,\"contabilidad.tipocuentas.destroy\":true,\"contabilidad.cuentas.index\":true,\"contabilidad.cuentas.create\":true,\"contabilidad.cuentas.store\":true,\"contabilidad.cuentas.edit\":true,\"contabilidad.cuentas.update\":true,\"contabilidad.cuentas.destroy\":true,\"contabilidad.cuentas.search_padre\":true,\"contabilidad.cuentas.search_cuenta_asiento\":true,\"contabilidad.cuentas.index_ajax_filter\":true,\"contabilidad.cuentas.historial\":true,\"contabilidad.cuentas.historial_ajax\":true,\"contabilidad.cuentas.historial_excel\":true,\"contabilidad.cuentas.historial-solo-caja-ita\":true,\"contabilidad.cuentas.cuenta_exist\":true,\"contabilidad.asientos.index\":true,\"contabilidad.asientos.create\":true,\"contabilidad.asientos.store\":true,\"contabilidad.asientos.edit\":true,\"contabilidad.asientos.update\":true,\"contabilidad.asientos.destroy\":true,\"contabilidad.asientos.index_ajax_asientos\":true,\"contabilidad.asientos.anular\":true,\"contabilidad.asientodetalles.index\":true,\"contabilidad.asientodetalles.create\":true,\"contabilidad.asientodetalles.store\":true,\"contabilidad.asientodetalles.edit\":true,\"contabilidad.asientodetalles.update\":true,\"contabilidad.asientodetalles.destroy\":true,\"contabilidad.ejercicio.index\":true,\"contabilidad.ejercicio.create\":true,\"contabilidad.ejercicio.store\":true,\"contabilidad.ejercicio.edit\":true,\"contabilidad.ejercicio.update\":true,\"contabilidad.ejercicio.destroy\":true,\"contabilidad.reportes.libro_mayor\":true,\"contabilidad.reportes.libro_mayor_index\":true,\"contabilidad.reportes.libro_mayor_pdf\":true,\"contabilidad.reportes.libro_mayor_xls\":true,\"contabilidad.reportes.balance\":true,\"contabilidad.reportes.balance_activos\":true,\"contabilidad.reportes.balance_pasivos\":true,\"contabilidad.reportes.balance_patrimonio\":true,\"contabilidad.reportes.balance_pdf\":true,\"contabilidad.reportes.estado_resultado\":true,\"contabilidad.reportes.estado_resultado_ingresos\":true,\"contabilidad.reportes.estado_resultado_egresos\":true,\"contabilidad.reportes.estado_resultado_pdf\":true,\"contabilidad.reportes.libro_venta\":true,\"contabilidad.reportes.libro_venta_pdf\":true,\"contabilidad.reportes.libro_venta_excel\":true,\"contabilidad.reportes.libro_compra\":true,\"contabilidad.reportes.libro_compra_pdf\":true,\"contabilidad.reportes.libro_compra_excel\":true,\"contabilidad.reportes.ingreso_egreso\":true,\"contabilidad.reportes.ingreso_egreso_ajax\":true,\"contabilidad.reportes.ingreso_egreso_xls\":true,\"contabilidad.reportes.ingreso_egreso_config\":true,\"contabilidad.reportes.flujo_caja\":true,\"contabilidad.reportes.flujo_caja_config\":true,\"contabilidad.reportes.libro_compra_performance\":true,\"contabilidad.reportes.libro_venta_performance\":true,\"contabilidad.reportes.cajas\":true,\"contabilidad.reportes.flujo_efectivo\":true,\"contabilidad.reportes.flujo_efectivo_ajax\":true,\"contabilidad.reportes.flujo_efectivo_excel\":true,\"contabilidad.reportes.flujo_efectivo_detalles\":true,\"contabilidad.reportes.flujo_efectivo_detalles_ajax\":true,\"contabilidad.reportes.flujo_efectivo_detalles_excel\":true,\"Permisos Especiales Contabilidad.Ver Contabilidad en Sidebar\":true,\"Permisos Especiales Reportes.Ver Reportes en Sidebar\":true,\"cristales.categoriacristales.index\":true,\"cristales.categoriacristales.create\":true,\"cristales.categoriacristales.store\":true,\"cristales.categoriacristales.edit\":true,\"cristales.categoriacristales.update\":true,\"cristales.categoriacristales.destroy\":true,\"cristales.categoriacristales.indexAjax\":true,\"cristales.cristales.index\":true,\"cristales.cristales.create\":true,\"cristales.cristales.store\":true,\"cristales.cristales.edit\":true,\"cristales.cristales.update\":true,\"cristales.cristales.destroy\":true,\"cristales.tipocristales.index\":true,\"cristales.tipocristales.create\":true,\"cristales.tipocristales.store\":true,\"cristales.tipocristales.edit\":true,\"cristales.tipocristales.update\":true,\"cristales.tipocristales.destroy\":true,\"cristales.tipocristales.search_cristal\":true,\"Permisos Especiales Cristales.Ver Precios de Compra\":true,\"dashboard.grid.save\":true,\"dashboard.grid.reset\":true,\"dashboard.index\":true,\"dashboard.ejercicio.ejercicio\":true,\"empleados.empleados.index\":true,\"empleados.empleados.create\":true,\"empleados.empleados.store\":true,\"empleados.empleados.edit\":true,\"empleados.empleados.update\":true,\"empleados.empleados.destroy\":true,\"empleados.empleados.indexAjax\":true,\"empleados.pagoempleados.index\":true,\"empleados.pagoempleados.create\":true,\"empleados.pagoempleados.store\":true,\"empleados.pagoempleados.edit\":true,\"empleados.pagoempleados.update\":true,\"empleados.pagoempleados.destroy\":true,\"empleados.pagoempleados.indexAjax\":true,\"empleados.pagoempleados.seleccionEmpleado\":true,\"empleados.pagoempleados.anular_asientos\":true,\"empleados.anticipos.index\":true,\"empleados.anticipos.create\":true,\"empleados.anticipos.store\":true,\"empleados.anticipos.edit\":true,\"empleados.anticipos.update\":true,\"empleados.anticipos.anular\":true,\"Permisos Especiales Empleados.Ver Empleados en Sidebar\":true,\"media.media.index\":false,\"media.media.create\":true,\"media.media.store\":true,\"media.media.edit\":true,\"media.media.update\":true,\"media.media.destroy\":true,\"media.media-grid.index\":true,\"media.media-grid.ckIndex\":true,\"menu.menus.index\":true,\"menu.menus.create\":true,\"menu.menus.store\":true,\"menu.menus.edit\":true,\"menu.menus.update\":true,\"menu.menus.destroy\":true,\"menu.menuitem.index\":true,\"menu.menuitem.create\":true,\"menu.menuitem.store\":true,\"menu.menuitem.edit\":true,\"menu.menuitem.update\":true,\"menu.menuitem.destroy\":true,\"page.pages.index\":true,\"page.pages.create\":true,\"page.pages.store\":true,\"page.pages.edit\":true,\"page.pages.update\":true,\"page.pages.destroy\":true,\"pagofacturascredito.pagofacturacreditos.index\":true,\"pagofacturascredito.pagofacturacreditos.create\":true,\"pagofacturascredito.pagofacturacreditos.store\":true,\"pagofacturascredito.pagofacturacreditos.edit\":true,\"pagofacturascredito.pagofacturacreditos.update\":true,\"pagofacturascredito.pagofacturacreditos.destroy\":true,\"pagofacturascredito.pagofacturacreditos.index_ajax\":true,\"productos.categoriaproductos.index\":true,\"productos.categoriaproductos.create\":true,\"productos.categoriaproductos.store\":true,\"productos.categoriaproductos.edit\":true,\"productos.categoriaproductos.update\":true,\"productos.categoriaproductos.destroy\":true,\"productos.productos.index\":true,\"productos.productos.create\":true,\"productos.productos.store\":true,\"productos.productos.edit\":true,\"productos.productos.update\":true,\"productos.productos.destroy\":true,\"productos.productos.search_producto\":true,\"productos.productos.index_ajax\":true,\"productos.productos.inventario_producto_pdf\":true,\"productos.productos.inventario_producto_performance\":true,\"productos.productos.productos_vendidos\":true,\"productos.productos.productos_vendidos_ajax\":true,\"productos.productos.productos_vendidos_query\":true,\"productos.productos.productos_vendidos_xls\":true,\"productos.productos.index_stock_critico\":true,\"productos.productos.cargar_productos_desde_excel\":true,\"productos.productos.store_productos_desde_excel\":true,\"productos.marcas.index\":true,\"productos.marcas.create\":true,\"productos.marcas.store\":true,\"productos.marcas.edit\":true,\"productos.marcas.update\":true,\"productos.marcas.destroy\":true,\"productos.altabajaproductos.index\":true,\"productos.altabajaproductos.create\":true,\"productos.altabajaproductos.store\":true,\"productos.altabajaproductos.edit\":true,\"productos.altabajaproductos.update\":true,\"productos.altabajaproductos.destroy\":true,\"productos.altabajaproductos.seleccionProductos\":true,\"productos.altabajaproductos.indexAjax\":true,\"Permisos Especiales Productos.Ver Precios de Compra\":true,\"proveedores.proveedors.index\":true,\"proveedores.proveedors.create\":true,\"proveedores.proveedors.store\":true,\"proveedores.proveedors.edit\":true,\"proveedores.proveedors.update\":true,\"proveedores.proveedors.destroy\":true,\"proveedores.proveedors.indexAjax\":true,\"proveedores.proveedors.search_proveedor\":true,\"servicios.servicios.index\":true,\"servicios.servicios.create\":true,\"servicios.servicios.store\":true,\"servicios.servicios.edit\":true,\"servicios.servicios.update\":true,\"servicios.servicios.destroy\":true,\"servicios.servicios.indexAjax\":true,\"servicios.servicios.search_servicio\":true,\"setting.settings.index\":true,\"setting.settings.getModuleSettings\":true,\"setting.settings.store\":true,\"translation.translations.index\":true,\"translation.translations.update\":true,\"translation.translations.export\":true,\"translation.translations.import\":true,\"user.users.index\":true,\"user.users.create\":true,\"user.users.store\":true,\"user.users.edit\":true,\"user.users.update\":true,\"user.users.destroy\":true,\"user.users.backup\":true,\"user.roles.index\":true,\"user.roles.create\":true,\"user.roles.store\":true,\"user.roles.edit\":true,\"user.roles.update\":true,\"user.roles.destroy\":true,\"ventas.ventas.index\":true,\"ventas.ventas.create\":true,\"ventas.ventas.store\":true,\"ventas.ventas.edit\":true,\"ventas.ventas.update\":true,\"ventas.ventas.destroy\":true,\"ventas.ventas.search_venta_cliente\":true,\"ventas.ventas.search_venta_producto\":true,\"ventas.ventas.search_venta_servicio\":true,\"ventas.ventas.search_venta_cristal\":true,\"ventas.ventas.detalle_venta_ajax\":true,\"ventas.ventas.seleccion\":true,\"ventas.ventas.indexAjax\":true,\"ventas.ventas.nro_seguimiento_exist\":true,\"ventas.ventas.edit_nro_seguimiento\":true,\"ventas.ventas.update_nro_seguimiento\":true,\"ventas.ventas.reporte\":true,\"ventas.ventas.reporte_ajax\":true,\"ventas.ventas.reporte_pdf\":true,\"ventas.ventas.reporte_xls\":true,\"ventas.ventas.query_reporte\":true,\"ventas.ventas.reporte_ganancias\":true,\"ventas.ventas.reporte_ganancias_ajax\":true,\"ventas.ventas.reporte_ganancias_query\":true,\"ventas.ventas.reporte_ganancias_xls\":true,\"ventas.ventas.index_preventa\":true,\"ventas.ventas.anular_factura\":true,\"ventas.ventas.cuenta_change\":true,\"ventas.ventas.anular_asientos_preventa\":true,\"ventas.ventas.preventa_agregar_items\":false,\"ventas.detalleventas.index\":true,\"ventas.detalleventas.create\":true,\"ventas.detalleventas.store\":true,\"ventas.detalleventas.edit\":true,\"ventas.detalleventas.update\":true,\"ventas.detalleventas.destroy\":true,\"ventas.facturaventas.index\":true,\"ventas.facturaventas.create\":true,\"ventas.facturaventas.store\":true,\"ventas.facturaventas.edit\":true,\"ventas.facturaventas.update\":true,\"ventas.facturaventas.destroy\":true,\"ventas.facturaventas.edit_nro_factura\":true,\"ventas.facturaventas.update_nro_factura\":true,\"ventas.facturaventas.index_ajax\":true,\"ventas.facturaventas.generar_facturas_vacias\":true,\"ventas.facturaventas.crear_facturas_vacias\":true,\"ventas.otras_ventas.index\":true,\"ventas.otras_ventas.index_ajax\":true,\"Permisos Especiales Ventas.Editar nro de sobre en Completar Venta\":true,\"workshop.modules.index\":true,\"workshop.modules.show\":true,\"workshop.modules.disable\":true,\"workshop.modules.enable\":true,\"workshop.themes.index\":false,\"workshop.themes.show\":false}', '2017-07-15 15:53:53', 'Ilona', 'Janz', '2017-07-15 15:16:18', '2017-08-02 00:10:39'),
(6, 'prueba@zentcode.com', '$2y$10$CL2G99sBxq.MSIxnvG5mN.FVc.jnUUMes2b84Pa2IgM478lbPkv6O', '{\"caja.cajas.index\":false,\"caja.cajas.create\":false,\"caja.cajas.store\":false,\"caja.cajas.edit\":false,\"caja.cajas.update\":false,\"caja.cajas.destroy\":false,\"caja.cajas.index_ajax\":false,\"caja.cajas.pdf\":false,\"caja.cajas.index_movimientos\":false,\"caja.cajas.create_movimiento\":false,\"caja.cajas.store_movimiento\":false,\"caja.cajas.edit_movimiento\":false,\"caja.cajas.update_movimiento\":false,\"caja.cajas.index_movimientos_activo\":false,\"caja.cajas.index_cajas\":false,\"clientes.clientes.index\":true,\"clientes.clientes.create\":true,\"clientes.clientes.store\":true,\"clientes.clientes.edit\":true,\"clientes.clientes.update\":true,\"clientes.clientes.destroy\":true,\"clientes.clientes.index_ajax\":true,\"clientes.clientes.search_cliente\":true,\"clientes.clientes.upload_cliente_xls\":false,\"clientes.clientes.upload_cliente_xls_store\":false,\"clientes.clientes.descargar_ejemplo\":false,\"Permisos Especiales Clientes.Ver boton de cargar clientes desde excel\":false,\"Permisos Especiales Clientes.Ver boton de descargar ejemplo excel\":false,\"compras.compras.index\":false,\"compras.compras.create\":true,\"compras.compras.store\":true,\"compras.compras.edit\":false,\"compras.compras.update\":false,\"compras.compras.destroy\":false,\"compras.compras.compra-producto\":false,\"compras.compras.compra-cristal\":false,\"compras.compras.compra-otros\":true,\"compras.compras.pago-servicio\":true,\"compras.compras.seleccion\":false,\"compras.compras.index_ajax\":false,\"compras.compras.edit_config_factura\":false,\"compras.compras.update_config_factura\":false,\"compras.compras.reporte_gastos_performance\":false,\"compras.compras.reporte_gastos\":false,\"compras.compras.reporte_gastos_ajax\":false,\"compras.compras.categorias_reporte_gastos_ajax\":false,\"compras.compras.reporte_xls\":false,\"compras.compras.categorias_reporte_xls\":false,\"compras.compras.index_pendientes\":false,\"compras.compras.factura\":false,\"compras.compras.factura_update\":false,\"compras.compras.pago_create\":false,\"compras.compras.pago_store\":false,\"compras.compras.cuenta_change\":false,\"compras.detallecompras.index\":false,\"compras.detallecompras.create\":false,\"compras.detallecompras.store\":false,\"compras.detallecompras.edit\":false,\"compras.detallecompras.update\":false,\"compras.detallecompras.destroy\":false,\"compras.comprapago.destroypago\":false,\"Permisos Especiales Compras.Ver detalles de otras compras\":false,\"contabilidad.tipocuentas.index\":false,\"contabilidad.tipocuentas.create\":false,\"contabilidad.tipocuentas.store\":false,\"contabilidad.tipocuentas.edit\":false,\"contabilidad.tipocuentas.update\":false,\"contabilidad.tipocuentas.destroy\":false,\"contabilidad.cuentas.index\":false,\"contabilidad.cuentas.create\":false,\"contabilidad.cuentas.store\":false,\"contabilidad.cuentas.edit\":false,\"contabilidad.cuentas.update\":false,\"contabilidad.cuentas.destroy\":false,\"contabilidad.cuentas.search_padre\":false,\"contabilidad.cuentas.search_cuenta_asiento\":false,\"contabilidad.cuentas.index_ajax_filter\":false,\"contabilidad.cuentas.historial\":true,\"contabilidad.cuentas.historial_ajax\":true,\"contabilidad.cuentas.historial_excel\":false,\"contabilidad.cuentas.historial-solo-caja-ita\":true,\"contabilidad.cuentas.cuenta_exist\":false,\"contabilidad.asientos.index\":false,\"contabilidad.asientos.create\":false,\"contabilidad.asientos.store\":false,\"contabilidad.asientos.edit\":false,\"contabilidad.asientos.update\":false,\"contabilidad.asientos.destroy\":false,\"contabilidad.asientos.index_ajax_asientos\":false,\"contabilidad.asientos.anular\":false,\"contabilidad.asientodetalles.index\":false,\"contabilidad.asientodetalles.create\":false,\"contabilidad.asientodetalles.store\":false,\"contabilidad.asientodetalles.edit\":false,\"contabilidad.asientodetalles.update\":false,\"contabilidad.asientodetalles.destroy\":false,\"contabilidad.ejercicio.index\":false,\"contabilidad.ejercicio.create\":false,\"contabilidad.ejercicio.store\":false,\"contabilidad.ejercicio.edit\":false,\"contabilidad.ejercicio.update\":false,\"contabilidad.ejercicio.destroy\":false,\"contabilidad.reportes.libro_mayor\":false,\"contabilidad.reportes.libro_mayor_index\":false,\"contabilidad.reportes.libro_mayor_pdf\":false,\"contabilidad.reportes.libro_mayor_xls\":false,\"contabilidad.reportes.balance\":false,\"contabilidad.reportes.balance_activos\":false,\"contabilidad.reportes.balance_pasivos\":false,\"contabilidad.reportes.balance_patrimonio\":false,\"contabilidad.reportes.balance_pdf\":false,\"contabilidad.reportes.estado_resultado\":false,\"contabilidad.reportes.estado_resultado_ingresos\":false,\"contabilidad.reportes.estado_resultado_egresos\":false,\"contabilidad.reportes.estado_resultado_pdf\":false,\"contabilidad.reportes.libro_venta\":false,\"contabilidad.reportes.libro_venta_pdf\":false,\"contabilidad.reportes.libro_venta_excel\":false,\"contabilidad.reportes.libro_compra\":false,\"contabilidad.reportes.libro_compra_pdf\":false,\"contabilidad.reportes.libro_compra_excel\":false,\"contabilidad.reportes.ingreso_egreso\":false,\"contabilidad.reportes.ingreso_egreso_ajax\":false,\"contabilidad.reportes.ingreso_egreso_xls\":false,\"contabilidad.reportes.ingreso_egreso_config\":false,\"contabilidad.reportes.flujo_caja\":false,\"contabilidad.reportes.flujo_caja_config\":false,\"contabilidad.reportes.libro_compra_performance\":false,\"contabilidad.reportes.libro_venta_performance\":false,\"contabilidad.reportes.cajas\":false,\"contabilidad.reportes.flujo_efectivo\":false,\"contabilidad.reportes.flujo_efectivo_ajax\":false,\"contabilidad.reportes.flujo_efectivo_excel\":false,\"contabilidad.reportes.flujo_efectivo_detalles\":false,\"contabilidad.reportes.flujo_efectivo_detalles_ajax\":false,\"contabilidad.reportes.flujo_efectivo_detalles_excel\":false,\"Permisos Especiales Contabilidad.Ver Contabilidad en Sidebar\":true,\"Permisos Especiales Reportes.Ver Reportes en Sidebar\":false,\"cristales.categoriacristales.index\":true,\"cristales.categoriacristales.create\":true,\"cristales.categoriacristales.store\":true,\"cristales.categoriacristales.edit\":true,\"cristales.categoriacristales.update\":false,\"cristales.categoriacristales.destroy\":false,\"cristales.categoriacristales.indexAjax\":false,\"cristales.cristales.index\":true,\"cristales.cristales.create\":true,\"cristales.cristales.store\":true,\"cristales.cristales.edit\":true,\"cristales.cristales.update\":false,\"cristales.cristales.destroy\":false,\"cristales.tipocristales.index\":true,\"cristales.tipocristales.create\":true,\"cristales.tipocristales.store\":true,\"cristales.tipocristales.edit\":true,\"cristales.tipocristales.update\":false,\"cristales.tipocristales.destroy\":false,\"cristales.tipocristales.search_cristal\":true,\"Permisos Especiales Cristales.Ver Precios de Compra\":false,\"dashboard.grid.save\":true,\"dashboard.grid.reset\":true,\"dashboard.index\":true,\"dashboard.ejercicio.ejercicio\":true,\"empleados.empleados.index\":false,\"empleados.empleados.create\":false,\"empleados.empleados.store\":false,\"empleados.empleados.edit\":false,\"empleados.empleados.update\":false,\"empleados.empleados.destroy\":false,\"empleados.empleados.indexAjax\":false,\"empleados.pagoempleados.index\":false,\"empleados.pagoempleados.create\":false,\"empleados.pagoempleados.store\":false,\"empleados.pagoempleados.edit\":false,\"empleados.pagoempleados.update\":false,\"empleados.pagoempleados.destroy\":false,\"empleados.pagoempleados.indexAjax\":false,\"empleados.pagoempleados.seleccionEmpleado\":false,\"empleados.pagoempleados.anular_asientos\":false,\"empleados.anticipos.index\":false,\"empleados.anticipos.create\":false,\"empleados.anticipos.store\":false,\"empleados.anticipos.edit\":false,\"empleados.anticipos.update\":false,\"empleados.anticipos.anular\":false,\"Permisos Especiales Empleados.Ver Empleados en Sidebar\":false,\"media.media.index\":false,\"media.media.create\":true,\"media.media.store\":true,\"media.media.edit\":true,\"media.media.update\":true,\"media.media.destroy\":false,\"media.media-grid.index\":true,\"media.media-grid.ckIndex\":true,\"menu.menus.index\":true,\"menu.menus.create\":true,\"menu.menus.store\":true,\"menu.menus.edit\":true,\"menu.menus.update\":true,\"menu.menus.destroy\":false,\"menu.menuitem.index\":true,\"menu.menuitem.create\":true,\"menu.menuitem.store\":true,\"menu.menuitem.edit\":true,\"menu.menuitem.update\":true,\"menu.menuitem.destroy\":false,\"page.pages.index\":true,\"page.pages.create\":true,\"page.pages.store\":true,\"page.pages.edit\":true,\"page.pages.update\":true,\"page.pages.destroy\":false,\"pagofacturascredito.pagofacturacreditos.index\":true,\"pagofacturascredito.pagofacturacreditos.create\":true,\"pagofacturascredito.pagofacturacreditos.store\":true,\"pagofacturascredito.pagofacturacreditos.edit\":true,\"pagofacturascredito.pagofacturacreditos.update\":true,\"pagofacturascredito.pagofacturacreditos.destroy\":false,\"pagofacturascredito.pagofacturacreditos.index_ajax\":true,\"productos.categoriaproductos.index\":true,\"productos.categoriaproductos.create\":true,\"productos.categoriaproductos.store\":true,\"productos.categoriaproductos.edit\":true,\"productos.categoriaproductos.update\":true,\"productos.categoriaproductos.destroy\":false,\"productos.productos.index\":true,\"productos.productos.create\":true,\"productos.productos.store\":true,\"productos.productos.edit\":true,\"productos.productos.update\":false,\"productos.productos.destroy\":false,\"productos.productos.search_producto\":true,\"productos.productos.index_ajax\":true,\"productos.productos.inventario_producto_pdf\":false,\"productos.productos.inventario_producto_performance\":false,\"productos.productos.productos_vendidos\":true,\"productos.productos.productos_vendidos_ajax\":true,\"productos.productos.productos_vendidos_query\":true,\"productos.productos.productos_vendidos_xls\":true,\"productos.productos.index_stock_critico\":true,\"productos.productos.cargar_productos_desde_excel\":false,\"productos.productos.store_productos_desde_excel\":false,\"productos.marcas.index\":true,\"productos.marcas.create\":true,\"productos.marcas.store\":true,\"productos.marcas.edit\":true,\"productos.marcas.update\":true,\"productos.marcas.destroy\":false,\"productos.altabajaproductos.index\":true,\"productos.altabajaproductos.create\":true,\"productos.altabajaproductos.store\":true,\"productos.altabajaproductos.edit\":true,\"productos.altabajaproductos.update\":true,\"productos.altabajaproductos.destroy\":false,\"productos.altabajaproductos.seleccionProductos\":true,\"productos.altabajaproductos.indexAjax\":true,\"Permisos Especiales Productos.Ver Precios de Compra\":false,\"proveedores.proveedors.index\":true,\"proveedores.proveedors.create\":true,\"proveedores.proveedors.store\":true,\"proveedores.proveedors.edit\":true,\"proveedores.proveedors.update\":true,\"proveedores.proveedors.destroy\":false,\"proveedores.proveedors.indexAjax\":true,\"proveedores.proveedors.search_proveedor\":true,\"servicios.servicios.index\":true,\"servicios.servicios.create\":true,\"servicios.servicios.store\":true,\"servicios.servicios.edit\":true,\"servicios.servicios.update\":false,\"servicios.servicios.destroy\":false,\"servicios.servicios.indexAjax\":true,\"servicios.servicios.search_servicio\":true,\"setting.settings.index\":false,\"setting.settings.getModuleSettings\":false,\"setting.settings.store\":false,\"translation.translations.index\":false,\"translation.translations.update\":false,\"translation.translations.export\":false,\"translation.translations.import\":false,\"user.users.index\":false,\"user.users.create\":false,\"user.users.store\":false,\"user.users.edit\":false,\"user.users.update\":false,\"user.users.destroy\":false,\"user.users.backup\":false,\"user.roles.index\":false,\"user.roles.create\":false,\"user.roles.store\":false,\"user.roles.edit\":false,\"user.roles.update\":false,\"user.roles.destroy\":false,\"ventas.ventas.index\":true,\"ventas.ventas.create\":true,\"ventas.ventas.store\":true,\"ventas.ventas.edit\":true,\"ventas.ventas.update\":true,\"ventas.ventas.destroy\":false,\"ventas.ventas.search_venta_cliente\":true,\"ventas.ventas.search_venta_producto\":true,\"ventas.ventas.search_venta_servicio\":true,\"ventas.ventas.search_venta_cristal\":true,\"ventas.ventas.detalle_venta_ajax\":true,\"ventas.ventas.seleccion\":true,\"ventas.ventas.indexAjax\":true,\"ventas.ventas.nro_seguimiento_exist\":true,\"ventas.ventas.edit_nro_seguimiento\":true,\"ventas.ventas.update_nro_seguimiento\":true,\"ventas.ventas.reporte\":false,\"ventas.ventas.reporte_ajax\":false,\"ventas.ventas.reporte_pdf\":false,\"ventas.ventas.reporte_xls\":false,\"ventas.ventas.query_reporte\":false,\"ventas.ventas.reporte_ganancias\":false,\"ventas.ventas.reporte_ganancias_ajax\":false,\"ventas.ventas.reporte_ganancias_query\":false,\"ventas.ventas.reporte_ganancias_xls\":false,\"ventas.ventas.index_preventa\":true,\"ventas.ventas.anular_factura\":false,\"ventas.ventas.cuenta_change\":true,\"ventas.ventas.anular_asientos_preventa\":true,\"ventas.ventas.preventa_agregar_items\":false,\"ventas.detalleventas.index\":true,\"ventas.detalleventas.create\":true,\"ventas.detalleventas.store\":true,\"ventas.detalleventas.edit\":true,\"ventas.detalleventas.update\":true,\"ventas.detalleventas.destroy\":false,\"ventas.facturaventas.index\":true,\"ventas.facturaventas.create\":true,\"ventas.facturaventas.store\":true,\"ventas.facturaventas.edit\":true,\"ventas.facturaventas.update\":true,\"ventas.facturaventas.destroy\":false,\"ventas.facturaventas.edit_nro_factura\":false,\"ventas.facturaventas.update_nro_factura\":false,\"ventas.facturaventas.index_ajax\":true,\"ventas.facturaventas.generar_facturas_vacias\":true,\"ventas.facturaventas.crear_facturas_vacias\":true,\"ventas.otras_ventas.index\":false,\"ventas.otras_ventas.index_ajax\":false,\"Permisos Especiales Ventas.Editar nro de sobre en Completar Venta\":false,\"workshop.modules.index\":false,\"workshop.modules.show\":false,\"workshop.modules.disable\":false,\"workshop.modules.enable\":false,\"workshop.themes.index\":false,\"workshop.themes.show\":false}', '2017-08-02 00:12:55', 'prueba', 'prueba', '2017-07-25 14:56:29', '2017-08-02 00:14:30');

-- --------------------------------------------------------

--
-- Estructura de tabla para la tabla `ventas_config_factura`
--

CREATE TABLE `ventas_config_factura` (
  `id` int(10) UNSIGNED NOT NULL,
  `identificador` varchar(30) COLLATE utf8_unicode_ci NOT NULL,
  `nombre` varchar(30) COLLATE utf8_unicode_ci NOT NULL,
  `valor` varchar(15) COLLATE utf8_unicode_ci NOT NULL,
  `created_at` timestamp NOT NULL DEFAULT '0000-00-00 00:00:00',
  `updated_at` timestamp NOT NULL DEFAULT '0000-00-00 00:00:00'
) ENGINE=InnoDB DEFAULT CHARSET=utf8 COLLATE=utf8_unicode_ci;

--
-- Volcado de datos para la tabla `ventas_config_factura`
--

INSERT INTO `ventas_config_factura` (`id`, `identificador`, `nombre`, `valor`, `created_at`, `updated_at`) VALUES
(1, 'nro_factura_1', 'factura_inicio', '001', '2017-04-06 23:11:39', '2017-06-29 16:04:55'),
(2, 'nro_factura_2', 'factura_medio', '001', '2017-04-06 23:11:39', '2017-06-29 16:04:55'),
(3, 'nro_factura_3', 'factura_final', '333', '2017-04-06 23:11:39', '2017-08-17 20:00:10');

-- --------------------------------------------------------

--
-- Estructura de tabla para la tabla `ventas_config_seguimiento`
--

CREATE TABLE `ventas_config_seguimiento` (
  `id` int(10) UNSIGNED NOT NULL,
  `nro_1` bigint(20) NOT NULL,
  `nro_2` bigint(20) NOT NULL,
  `created_at` timestamp NOT NULL DEFAULT '0000-00-00 00:00:00',
  `updated_at` timestamp NOT NULL DEFAULT '0000-00-00 00:00:00'
) ENGINE=InnoDB DEFAULT CHARSET=utf8 COLLATE=utf8_unicode_ci;

--
-- Volcado de datos para la tabla `ventas_config_seguimiento`
--

INSERT INTO `ventas_config_seguimiento` (`id`, `nro_1`, `nro_2`, `created_at`, `updated_at`) VALUES
(1, 0, 402, '2017-04-06 23:11:42', '2017-08-17 19:59:01');

-- --------------------------------------------------------

--
-- Estructura de tabla para la tabla `ventas_pago_factura_credito`
--

CREATE TABLE `ventas_pago_factura_credito` (
  `id` int(10) UNSIGNED NOT NULL,
  `venta_id` int(10) UNSIGNED NOT NULL,
  `caja_id` int(10) UNSIGNED NOT NULL,
  `fecha` date NOT NULL,
  `forma_pago` enum('efectivo','cheque','tarjeta_credito','tarjeta_debito') COLLATE utf8_unicode_ci NOT NULL,
  `monto` bigint(20) NOT NULL,
  `created_at` timestamp NOT NULL DEFAULT '0000-00-00 00:00:00',
  `updated_at` timestamp NOT NULL DEFAULT '0000-00-00 00:00:00'
) ENGINE=InnoDB DEFAULT CHARSET=utf8 COLLATE=utf8_unicode_ci;

--
-- Volcado de datos para la tabla `ventas_pago_factura_credito`
--

INSERT INTO `ventas_pago_factura_credito` (`id`, `venta_id`, `caja_id`, `fecha`, `forma_pago`, `monto`, `created_at`, `updated_at`) VALUES
(6, 5, 4, '2017-05-24', 'efectivo', 100000, '2017-06-10 14:58:53', '2017-06-10 14:58:53'),
(7, 5, 4, '2017-06-10', 'efectivo', 280000, '2017-06-10 15:03:49', '2017-06-10 15:03:49'),
(12, 5, 4, '2017-06-19', 'efectivo', -380000, '2017-06-19 16:13:59', '2017-06-19 16:13:59'),
(13, 7, 4, '2017-06-19', 'efectivo', 100000, '2017-06-19 19:18:10', '2017-06-19 19:18:10'),
(14, 8, 4, '2017-06-20', 'efectivo', 100000, '2017-06-20 15:36:28', '2017-06-20 15:36:28'),
(15, 8, 4, '2017-06-20', 'efectivo', 270000, '2017-06-20 15:39:54', '2017-06-20 15:39:54'),
(16, 9, 4, '2017-06-20', 'efectivo', 110000, '2017-06-20 15:50:56', '2017-06-20 15:50:56'),
(17, 10, 4, '2017-06-20', 'efectivo', 50000, '2017-06-20 16:03:24', '2017-06-20 16:03:24'),
(18, 11, 4, '2017-06-20', 'efectivo', 100000, '2017-06-20 16:06:31', '2017-06-20 16:06:31'),
(19, 12, 4, '2017-06-20', 'efectivo', 50000, '2017-06-20 16:11:52', '2017-06-20 16:11:52'),
(20, 13, 4, '2017-06-20', 'efectivo', 100000, '2017-06-20 16:16:32', '2017-06-20 16:16:32'),
(21, 8, 4, '2017-06-21', 'efectivo', -370000, '2017-06-22 00:49:32', '2017-06-22 00:49:32'),
(22, 14, 4, '2017-06-23', 'efectivo', 100000, '2017-06-23 20:08:47', '2017-06-23 20:08:47'),
(23, 17, 4, '2017-06-23', 'efectivo', 110000, '2017-06-23 20:24:43', '2017-06-23 20:24:43'),
(24, 19, 4, '2017-06-23', 'efectivo', 50000, '2017-06-23 20:33:32', '2017-06-23 20:33:32'),
(25, 20, 4, '2017-06-23', 'efectivo', 100000, '2017-06-23 20:36:17', '2017-06-23 20:36:17'),
(26, 21, 4, '2017-06-23', 'efectivo', 50000, '2017-06-23 20:39:50', '2017-06-23 20:39:50'),
(27, 22, 4, '2017-06-23', 'efectivo', 100000, '2017-06-23 20:53:55', '2017-06-23 20:53:55'),
(28, 23, 4, '2017-06-23', 'efectivo', 100000, '2017-06-23 21:02:10', '2017-06-23 21:02:10'),
(29, 24, 4, '2017-06-26', 'efectivo', 100000, '2017-06-26 15:50:31', '2017-06-26 15:50:31'),
(30, 14, 4, '2017-06-26', 'efectivo', 270000, '2017-06-26 15:57:32', '2017-06-26 15:57:32'),
(31, 22, 4, '2017-06-26', 'efectivo', 230000, '2017-06-26 15:59:55', '2017-06-26 15:59:55'),
(32, 25, 4, '2017-06-26', 'efectivo', 200000, '2017-06-26 16:09:48', '2017-06-26 16:09:48'),
(33, 25, 4, '2017-06-26', 'efectivo', 100000, '2017-06-26 16:11:43', '2017-06-26 16:11:43'),
(34, 27, 4, '2017-06-26', 'efectivo', 60000, '2017-06-26 16:21:01', '2017-06-26 16:21:01'),
(35, 27, 4, '2017-06-26', 'efectivo', 100000, '2017-06-26 16:21:48', '2017-06-26 16:21:48'),
(36, 29, 4, '2017-06-26', 'efectivo', 250000, '2017-06-26 18:44:20', '2017-06-26 18:44:20'),
(37, 30, 4, '2017-06-26', 'efectivo', 125000, '2017-06-26 19:23:43', '2017-06-26 19:23:43'),
(38, 31, 4, '2017-06-28', 'efectivo', 30000, '2017-06-28 18:52:13', '2017-06-28 18:52:13'),
(39, 30, 4, '2017-06-28', 'efectivo', 235000, '2017-06-28 18:53:23', '2017-06-28 18:53:23'),
(40, 29, 4, '2017-06-28', 'efectivo', 350000, '2017-06-28 18:56:40', '2017-06-28 18:56:40'),
(41, 24, 4, '2017-06-28', 'efectivo', 70000, '2017-06-28 19:00:22', '2017-06-28 19:00:22'),
(42, 32, 4, '2017-06-29', 'efectivo', 110000, '2017-06-29 15:59:53', '2017-06-29 15:59:53'),
(43, 33, 4, '2017-06-29', 'efectivo', 200000, '2017-06-29 19:55:33', '2017-06-29 19:55:33'),
(44, 33, 4, '2017-06-29', 'efectivo', 340000, '2017-06-29 19:57:13', '2017-06-29 19:57:13'),
(45, 34, 4, '2017-06-30', 'efectivo', 50000, '2017-06-30 14:21:33', '2017-06-30 14:21:33'),
(46, 35, 4, '2017-07-03', 'efectivo', 150000, '2017-07-03 18:34:19', '2017-07-03 18:34:19'),
(47, 35, 4, '2017-07-05', 'efectivo', 210000, '2017-07-05 13:00:48', '2017-07-05 13:00:48'),
(48, 36, 4, '2017-07-05', 'efectivo', 350000, '2017-07-05 13:02:30', '2017-07-05 13:02:30'),
(49, 42, 4, '2017-07-05', 'efectivo', 100000, '2017-07-05 14:04:51', '2017-07-05 14:04:51'),
(50, 43, 4, '2017-07-08', 'efectivo', 50000, '2017-07-08 13:55:03', '2017-07-08 13:55:03'),
(51, 44, 4, '2017-07-08', 'efectivo', 50000, '2017-07-08 13:57:48', '2017-07-08 13:57:48'),
(52, 45, 4, '2017-07-04', 'efectivo', 50000, '2017-07-08 14:03:14', '2017-07-08 14:03:14'),
(53, 46, 4, '2017-07-08', 'efectivo', 100000, '2017-07-08 14:09:08', '2017-07-08 14:09:08'),
(54, 48, 4, '2017-07-13', 'efectivo', 200000, '2017-07-13 13:57:49', '2017-07-13 13:57:49'),
(55, 49, 4, '2017-07-13', 'efectivo', 100000, '2017-07-13 14:00:44', '2017-07-13 14:00:44'),
(56, 50, 4, '2017-07-13', 'efectivo', 40000, '2017-07-13 14:20:47', '2017-07-13 14:20:47'),
(57, 51, 4, '2017-07-13', 'efectivo', 180000, '2017-07-13 14:29:45', '2017-07-13 14:29:45'),
(58, 52, 4, '2017-07-13', 'efectivo', 125000, '2017-07-13 14:35:15', '2017-07-13 14:35:15'),
(59, 52, 4, '2017-07-13', 'efectivo', 235000, '2017-07-13 14:38:04', '2017-07-13 14:38:04'),
(60, 47, 4, '2017-07-14', 'efectivo', 5000, '2017-07-14 15:38:25', '2017-07-14 15:38:25'),
(61, 53, 4, '2017-07-15', 'efectivo', 100000, '2017-07-15 14:58:52', '2017-07-15 14:58:52'),
(62, 53, 4, '2017-07-15', 'efectivo', 20000, '2017-07-15 14:59:52', '2017-07-15 14:59:52'),
(63, 54, 4, '2017-07-15', 'efectivo', 50000, '2017-07-15 15:05:40', '2017-07-15 15:05:40'),
(64, 54, 4, '2017-07-15', 'efectivo', 70000, '2017-07-15 15:09:13', '2017-07-15 15:09:13'),
(65, 55, 4, '2017-07-15', 'efectivo', 50000, '2017-07-15 15:15:29', '2017-07-15 15:15:29'),
(66, 55, 4, '2017-07-15', 'efectivo', 70000, '2017-07-15 15:18:11', '2017-07-15 15:18:11'),
(67, 51, 4, '2017-07-20', 'efectivo', 120000, '2017-07-20 18:23:20', '2017-07-20 18:23:20'),
(68, 46, 4, '2017-07-21', 'efectivo', 260000, '2017-07-21 15:05:40', '2017-07-21 15:05:40'),
(69, 56, 4, '2017-07-21', 'efectivo', 400000, '2017-07-21 15:10:44', '2017-07-21 15:10:44'),
(70, 56, 4, '2017-07-21', 'efectivo', 180000, '2017-07-21 15:12:05', '2017-07-21 15:12:05'),
(71, 57, 4, '2017-07-21', 'efectivo', 100000, '2017-07-21 15:16:19', '2017-07-21 15:16:19'),
(72, 60, 4, '2017-07-21', 'efectivo', 520000, '2017-07-21 15:28:26', '2017-07-21 15:28:26'),
(73, 58, 4, '2017-07-21', 'efectivo', 230000, '2017-07-21 18:22:35', '2017-07-21 18:22:35'),
(74, 62, 4, '2017-07-21', 'efectivo', 100000, '2017-07-21 18:45:43', '2017-07-21 18:45:43'),
(75, 57, 4, '2017-07-22', 'efectivo', 210000, '2017-07-22 14:41:21', '2017-07-22 14:41:21'),
(76, 62, 4, '2017-07-22', 'efectivo', 30000, '2017-07-22 14:46:21', '2017-07-22 14:46:21'),
(77, 63, 4, '2017-07-27', 'efectivo', 100000, '2017-07-27 14:03:05', '2017-07-27 14:03:05'),
(78, 63, 4, '2017-07-27', 'efectivo', 190000, '2017-07-27 14:05:29', '2017-07-27 14:05:29'),
(79, 64, 4, '2017-07-28', 'efectivo', 200000, '2017-07-28 15:48:06', '2017-07-28 15:48:06'),
(80, 64, 4, '2017-07-28', 'efectivo', 190000, '2017-07-28 15:48:49', '2017-07-28 15:48:49'),
(81, 50, 4, '2017-08-07', 'efectivo', 310000, '2017-08-07 15:50:12', '2017-08-07 15:50:12'),
(82, 59, 4, '2017-08-07', 'efectivo', 580000, '2017-08-07 15:51:47', '2017-08-07 15:51:47'),
(83, 49, 4, '2017-08-07', 'efectivo', 270000, '2017-08-07 15:53:48', '2017-08-07 15:53:48'),
(84, 48, 4, '2017-08-07', 'efectivo', 190000, '2017-08-07 15:54:39', '2017-08-07 15:54:39'),
(85, 20, 4, '2017-08-07', 'efectivo', 90000, '2017-08-07 15:57:16', '2017-08-07 15:57:16'),
(86, 66, 4, '2017-08-07', 'efectivo', 100000, '2017-08-07 16:26:17', '2017-08-07 16:26:17'),
(87, 67, 4, '2017-08-07', 'efectivo', 100000, '2017-08-07 17:06:35', '2017-08-07 17:06:35'),
(88, 68, 4, '2017-08-07', 'efectivo', 200000, '2017-08-07 17:10:31', '2017-08-07 17:10:31'),
(89, 69, 4, '2017-08-09', 'efectivo', 100000, '2017-08-09 14:13:01', '2017-08-09 14:13:01'),
(90, 70, 4, '2017-08-09', 'efectivo', 20000, '2017-08-09 14:17:38', '2017-08-09 14:17:38'),
(91, 70, 4, '2017-08-09', 'efectivo', 150000, '2017-08-09 14:18:23', '2017-08-09 14:18:23'),
(92, 71, 4, '2017-08-09', 'efectivo', 400000, '2017-08-09 14:43:27', '2017-08-09 14:43:27'),
(93, 71, 4, '2017-08-10', 'efectivo', 100000, '2017-08-10 13:06:33', '2017-08-10 13:06:33'),
(94, 72, 4, '2017-08-10', 'efectivo', 50000, '2017-08-10 13:17:19', '2017-08-10 13:17:19'),
(95, 72, 4, '2017-08-10', 'efectivo', 200000, '2017-08-10 13:18:06', '2017-08-10 13:18:06'),
(96, 67, 4, '2017-08-11', 'efectivo', 90000, '2017-08-11 13:12:00', '2017-08-11 13:12:00'),
(97, 73, 4, '2017-08-11', 'efectivo', 200000, '2017-08-11 13:18:12', '2017-08-11 13:18:12'),
(98, 73, 4, '2017-08-11', 'efectivo', 170000, '2017-08-11 13:19:07', '2017-08-11 13:19:07'),
(99, 75, 4, '2017-08-17', 'efectivo', 270000, '2017-08-17 19:38:29', '2017-08-17 19:38:29'),
(100, 76, 4, '2017-08-17', 'efectivo', 150000, '2017-08-17 19:45:53', '2017-08-17 19:45:53'),
(101, 76, 4, '2017-08-17', 'efectivo', 170000, '2017-08-17 19:46:57', '2017-08-17 19:46:57'),
(102, 78, 4, '2017-08-17', 'efectivo', 240000, '2017-08-17 20:00:10', '2017-08-17 20:00:10');

-- --------------------------------------------------------

--
-- Estructura de tabla para la tabla `ventas__detalleventas`
--

CREATE TABLE `ventas__detalleventas` (
  `id` int(10) UNSIGNED NOT NULL,
  `venta_id` int(10) UNSIGNED NOT NULL,
  `producto_id` int(10) UNSIGNED DEFAULT NULL,
  `servicio_id` int(10) UNSIGNED DEFAULT NULL,
  `cristal_id` int(10) UNSIGNED DEFAULT NULL,
  `cantidad` double(7,1) NOT NULL,
  `iva` enum('11','21','0') COLLATE utf8_unicode_ci NOT NULL,
  `precio_unitario` bigint(20) NOT NULL,
  `costo_unitario` double(12,5) NOT NULL,
  `precio_total` bigint(20) NOT NULL,
  `created_at` timestamp NOT NULL DEFAULT '0000-00-00 00:00:00',
  `updated_at` timestamp NOT NULL DEFAULT '0000-00-00 00:00:00',
  `descripcion` varchar(255) COLLATE utf8_unicode_ci NOT NULL
) ENGINE=InnoDB DEFAULT CHARSET=utf8 COLLATE=utf8_unicode_ci;

--
-- Volcado de datos para la tabla `ventas__detalleventas`
--

INSERT INTO `ventas__detalleventas` (`id`, `venta_id`, `producto_id`, `servicio_id`, `cristal_id`, `cantidad`, `iva`, `precio_unitario`, `costo_unitario`, `precio_total`, `created_at`, `updated_at`, `descripcion`) VALUES
(5, 5, 328, NULL, NULL, 1.0, '11', 250000, 0.00000, 250000, '2017-06-10 14:58:53', '2017-06-10 15:03:49', '  -codigo: K9276 -marca: STEFFANI -stock: 1'),
(6, 5, NULL, NULL, 1, 1.0, '11', 130000, 16000.00000, 130000, '2017-06-10 14:58:53', '2017-06-10 15:03:49', ''),
(10, 7, NULL, NULL, 44, 1.0, '11', 150000, 50000.00000, 150000, '2017-06-19 19:18:10', '2017-06-19 19:18:10', ''),
(11, 8, NULL, NULL, 44, 1.0, '11', 150000, 50000.00000, 150000, '2017-06-20 15:36:28', '2017-06-20 15:39:54', ''),
(12, 8, 414, NULL, NULL, 1.0, '11', 250000, 0.00000, 250000, '2017-06-20 15:36:28', '2017-06-20 15:39:54', '  -codigo: H5176 -marca: UNICITY -stock: 0'),
(13, 9, NULL, NULL, 16, 1.0, '11', 120000, 22000.00000, 120000, '2017-06-20 15:50:56', '2017-06-20 15:50:56', ''),
(14, 10, NULL, NULL, 16, 1.0, '11', 120000, 22000.00000, 120000, '2017-06-20 16:03:24', '2017-06-20 16:03:24', ''),
(15, 10, 226, NULL, NULL, 1.0, '11', 250000, 0.00000, 250000, '2017-06-20 16:03:24', '2017-06-20 16:03:24', '  -codigo: CO5850 -marca: SIN MARCA -stock: 1'),
(16, 11, NULL, NULL, 44, 1.0, '11', 190000, 50000.00000, 190000, '2017-06-20 16:06:31', '2017-06-20 16:06:31', ''),
(17, 12, NULL, NULL, 7, 1.0, '11', 110000, 18000.00000, 110000, '2017-06-20 16:11:52', '2017-06-20 16:11:52', ''),
(18, 12, 58, NULL, NULL, 1.0, '11', 180000, 0.00000, 180000, '2017-06-20 16:11:52', '2017-06-20 16:11:52', '  -codigo: BJA6972 -marca: BACHIO -stock: 1'),
(19, 13, NULL, NULL, 1, 1.0, '11', 110000, 16000.00000, 110000, '2017-06-20 16:16:32', '2017-06-20 16:16:32', ''),
(20, 13, 412, NULL, NULL, 1.0, '11', 220000, 0.00000, 220000, '2017-06-20 16:16:32', '2017-06-20 16:16:32', '  -codigo: A1182 -marca: UNICITY -stock: 1'),
(21, 14, NULL, NULL, 44, 1.0, '11', 150000, 50000.00000, 150000, '2017-06-23 20:08:47', '2017-06-26 15:57:32', ''),
(22, 14, 414, NULL, NULL, 1.0, '11', 250000, 0.00000, 250000, '2017-06-23 20:08:47', '2017-06-26 15:57:32', '  -codigo: H5176 -marca: UNICITY -stock: 0'),
(23, 15, NULL, 2, NULL, 1.0, '11', 20000, 0.00000, 20000, '2017-06-23 20:15:16', '2017-06-23 20:15:16', ''),
(24, 16, NULL, 2, NULL, 1.0, '11', 20000, 0.00000, 20000, '2017-06-23 20:19:29', '2017-06-28 18:58:18', ''),
(25, 17, NULL, NULL, 1, 1.0, '11', 110000, 16000.00000, 110000, '2017-06-23 20:24:43', '2017-06-23 20:24:43', ''),
(26, 18, NULL, 2, NULL, 1.0, '11', 20000, 0.00000, 20000, '2017-06-23 20:29:33', '2017-07-13 14:51:00', ''),
(27, 19, NULL, NULL, 16, 1.0, '11', 120000, 22000.00000, 120000, '2017-06-23 20:33:32', '2017-06-23 20:33:32', ''),
(28, 19, 226, NULL, NULL, 1.0, '11', 250000, 0.00000, 250000, '2017-06-23 20:33:32', '2017-06-23 20:33:32', '  -codigo: CO5850 -marca: SIN MARCA -stock: 0'),
(29, 20, NULL, NULL, 44, 1.0, '11', 190000, 50000.00000, 190000, '2017-06-23 20:36:17', '2017-08-07 15:57:16', ''),
(30, 21, NULL, NULL, 7, 1.0, '11', 110000, 18000.00000, 110000, '2017-06-23 20:39:50', '2017-06-23 20:39:50', ''),
(31, 21, 58, NULL, NULL, 1.0, '11', 180000, 0.00000, 180000, '2017-06-23 20:39:50', '2017-06-23 20:39:50', '  -codigo: BJA6972 -marca: BACHIO -stock: 0'),
(32, 22, NULL, NULL, 1, 1.0, '11', 110000, 16000.00000, 110000, '2017-06-23 20:53:55', '2017-06-26 15:59:55', ''),
(33, 22, 412, NULL, NULL, 1.0, '11', 220000, 0.00000, 220000, '2017-06-23 20:53:55', '2017-06-26 15:59:55', '  -codigo: A1182 -marca: UNICITY -stock: 0'),
(34, 23, NULL, NULL, 54, 1.0, '11', 170000, 65000.00000, 170000, '2017-06-23 21:02:10', '2017-06-23 21:02:10', ''),
(35, 23, 405, NULL, NULL, 1.0, '11', 220000, 0.00000, 220000, '2017-06-23 21:02:10', '2017-06-23 21:02:10', '  -codigo: A1258 -marca: UNICITY -stock: 2'),
(36, 24, NULL, NULL, 44, 1.0, '11', 170000, 50000.00000, 170000, '2017-06-26 15:50:31', '2017-06-28 19:00:22', ''),
(37, 25, NULL, NULL, 44, 1.0, '11', 160000, 50000.00000, 160000, '2017-06-26 16:09:48', '2017-06-26 16:11:43', ''),
(38, 25, 334, NULL, NULL, 1.0, '11', 140000, 0.00000, 140000, '2017-06-26 16:09:48', '2017-06-26 16:11:43', '  -codigo: K7932 -marca: STEFFANI -stock: 1'),
(39, 26, NULL, 2, NULL, 1.0, '11', 0, 0.00000, 0, '2017-06-26 16:18:19', '2017-06-28 18:55:06', ''),
(40, 27, NULL, NULL, 1, 1.0, '11', 110000, 16000.00000, 110000, '2017-06-26 16:21:01', '2017-06-26 16:21:48', ''),
(41, 27, 6, NULL, NULL, 1.0, '11', 50000, 0.00000, 50000, '2017-06-26 16:21:01', '2017-06-26 16:21:48', '  -codigo: 8055 -marca: A.MAX (+2,00) -stock: 4'),
(42, 28, NULL, 2, NULL, 1.0, '11', 20000, 0.00000, 20000, '2017-06-26 18:36:19', '2017-06-28 18:54:21', ''),
(43, 29, NULL, NULL, 188, 1.0, '11', 260000, 130000.00000, 260000, '2017-06-26 18:44:20', '2017-06-28 18:56:40', ''),
(44, 29, 7, NULL, NULL, 1.0, '11', 380000, 0.00000, 380000, '2017-06-26 18:44:20', '2017-06-28 18:56:40', '  -codigo: 294 -marca: AGAPE -stock: 2'),
(45, 30, NULL, NULL, 1, 1.0, '11', 100000, 16000.00000, 100000, '2017-06-26 19:23:43', '2017-06-28 18:53:23', ''),
(46, 30, 11, NULL, NULL, 1.0, '11', 380000, 0.00000, 380000, '2017-06-26 19:23:43', '2017-06-28 18:53:23', '  -codigo: PB1004 -marca: AGAPE -stock: 2'),
(47, 31, NULL, 7, NULL, 1.0, '11', 30000, 0.00000, 30000, '2017-06-26 19:30:25', '2017-06-28 18:52:13', ''),
(48, 32, NULL, NULL, 1, 1.0, '11', 110000, 16000.00000, 110000, '2017-06-29 15:59:53', '2017-06-29 16:00:40', ''),
(49, 33, NULL, NULL, 31, 1.0, '11', 160000, 50000.00000, 160000, '2017-06-29 19:55:33', '2017-06-29 19:57:13', ''),
(50, 33, 25, NULL, NULL, 1.0, '11', 380000, 0.00000, 380000, '2017-06-29 19:55:33', '2017-06-29 19:57:13', '  -codigo: 296CPINK -marca: AGAPE -stock: 0'),
(51, 34, 104, NULL, NULL, 1.0, '11', 250000, 0.00000, 250000, '2017-06-30 14:21:33', '2017-06-30 14:21:33', '  -codigo: MC3249 -marca: DULCET -stock: 0'),
(52, 35, NULL, NULL, 31, 1.0, '11', 180000, 50000.00000, 180000, '2017-07-03 18:34:19', '2017-07-05 13:00:48', ''),
(53, 35, 19, NULL, NULL, 1.0, '11', 180000, 0.00000, 180000, '2017-07-03 18:34:19', '2017-07-05 13:00:48', '  -codigo: A1194 -marca: AGAPE -stock: 1'),
(54, 36, NULL, NULL, 16, 1.0, '11', 120000, 22000.00000, 120000, '2017-07-03 19:02:27', '2017-07-05 13:02:30', ''),
(55, 36, 102, NULL, NULL, 1.0, '11', 250000, 0.00000, 250000, '2017-07-03 19:02:27', '2017-07-05 13:02:30', '  -codigo: MC3267 -marca: DULCET -stock: 1'),
(56, 37, NULL, NULL, 31, 1.0, '11', 170000, 50000.00000, 170000, '2017-07-03 20:17:50', '2017-07-03 20:17:50', ''),
(57, 37, 186, NULL, NULL, 1.0, '11', 120000, 0.00000, 120000, '2017-07-03 20:17:50', '2017-07-03 20:17:50', '  -codigo: OP7102 -marca: OPTIC 100 -stock: 1'),
(58, 38, NULL, NULL, 31, 1.0, '11', 150000, 50000.00000, 150000, '2017-07-03 20:21:09', '2017-07-03 20:21:09', ''),
(59, 38, 398, NULL, NULL, 1.0, '11', 240000, 0.00000, 240000, '2017-07-03 20:21:09', '2017-07-03 20:21:09', '  -codigo: 3006B -marca: TIO SMITH -stock: 2'),
(60, 39, NULL, NULL, 31, 1.0, '11', 180000, 50000.00000, 180000, '2017-07-03 20:30:21', '2017-07-03 20:30:21', ''),
(61, 39, 311, NULL, NULL, 1.0, '11', 220000, 0.00000, 220000, '2017-07-03 20:30:21', '2017-07-03 20:30:21', '  -codigo: K8363 -marca: STEFFANI -stock: 1'),
(62, 40, NULL, NULL, 31, 1.0, '11', 160000, 50000.00000, 160000, '2017-07-03 20:33:11', '2017-07-03 20:33:11', ''),
(63, 40, 311, NULL, NULL, 1.0, '11', 220000, 0.00000, 220000, '2017-07-03 20:33:11', '2017-07-03 20:33:11', '  -codigo: K8363 -marca: STEFFANI -stock: 0'),
(64, 41, NULL, NULL, 7, 1.0, '11', 110000, 18000.00000, 110000, '2017-07-03 20:43:12', '2017-07-03 20:43:12', ''),
(65, 41, 283, NULL, NULL, 1.0, '11', 280000, 0.00000, 280000, '2017-07-03 20:43:12', '2017-07-03 20:43:12', '  -codigo: A1239 -marca: STEFFANI -stock: 2'),
(66, 42, NULL, NULL, 16, 1.0, '11', 120000, 22000.00000, 120000, '2017-07-05 14:04:51', '2017-07-05 14:04:51', ''),
(67, 43, NULL, NULL, 16, 1.0, '11', 120000, 22000.00000, 120000, '2017-07-08 13:55:03', '2017-07-08 13:55:03', ''),
(68, 44, NULL, NULL, 16, 1.0, '11', 120000, 22000.00000, 120000, '2017-07-08 13:57:48', '2017-07-08 13:57:48', ''),
(69, 45, 6, NULL, NULL, 1.0, '11', 50000, 0.00000, 50000, '2017-07-08 14:03:14', '2017-07-08 14:03:14', '  -codigo: 8055 -marca: A.MAX (+3,75) -stock: 3'),
(70, 46, NULL, NULL, 16, 1.0, '11', 120000, 22000.00000, 120000, '2017-07-08 14:09:08', '2017-07-21 15:05:40', ''),
(71, 46, 227, NULL, NULL, 1.0, '11', 250000, 0.00000, 250000, '2017-07-08 14:09:09', '2017-07-21 15:05:40', '  -codigo: JL9048 -marca: SIN MARCA -stock: 1'),
(72, 47, NULL, 8, NULL, 1.0, '11', 5000, 0.00000, 5000, '2017-07-13 13:53:29', '2017-07-14 15:38:25', ''),
(73, 48, NULL, NULL, 218, 1.0, '11', 180000, 55000.00000, 180000, '2017-07-13 13:57:49', '2017-08-07 15:54:40', ''),
(74, 48, 411, NULL, NULL, 1.0, '11', 220000, 0.00000, 220000, '2017-07-13 13:57:49', '2017-08-07 15:54:40', '  -codigo: A1259 -marca: UNICITY -stock: 2'),
(75, 49, NULL, NULL, 218, 1.0, '11', 180000, 55000.00000, 180000, '2017-07-13 14:00:44', '2017-08-07 15:53:48', ''),
(76, 49, 291, NULL, NULL, 1.0, '11', 220000, 0.00000, 220000, '2017-07-13 14:00:44', '2017-08-07 15:53:48', '  -codigo: K8908 -marca: STEFFANI -stock: 2'),
(77, 50, NULL, NULL, 218, 1.0, '11', 210000, 55000.00000, 210000, '2017-07-13 14:20:47', '2017-08-07 15:50:13', ''),
(78, 50, 424, NULL, NULL, 1.0, '11', 140000, 25000.00000, 140000, '2017-07-13 14:20:47', '2017-08-07 15:50:13', '  -codigo: C006 -marca: CX NEW VISION -stock: 1'),
(79, 51, NULL, NULL, 44, 1.0, '11', 180000, 50000.00000, 180000, '2017-07-13 14:29:45', '2017-07-20 18:23:20', ''),
(80, 51, 420, NULL, NULL, 1.0, '11', 120000, 30000.00000, 120000, '2017-07-13 14:29:45', '2017-07-20 18:23:20', '  -codigo: GE3518 -marca: GEORGE -stock: 2'),
(81, 52, NULL, NULL, 1, 1.0, '11', 120000, 16000.00000, 120000, '2017-07-13 14:35:15', '2017-07-13 14:38:04', ''),
(82, 52, 431, NULL, NULL, 1.0, '11', 240000, 0.00000, 240000, '2017-07-13 14:35:15', '2017-07-13 14:38:04', '  -codigo: GE3513 -marca: GEORGE -stock: 0'),
(83, 53, NULL, NULL, 16, 1.0, '11', 120000, 22000.00000, 120000, '2017-07-15 14:58:52', '2017-07-15 14:59:52', ''),
(84, 54, NULL, NULL, 16, 1.0, '11', 120000, 22000.00000, 120000, '2017-07-15 15:05:40', '2017-07-15 15:09:13', ''),
(85, 55, NULL, NULL, 16, 1.0, '11', 120000, 22000.00000, 120000, '2017-07-15 15:15:30', '2017-07-15 15:18:11', ''),
(86, 56, NULL, NULL, 55, 1.0, '11', 180000, 75000.00000, 180000, '2017-07-21 15:10:44', '2017-07-21 15:12:05', ''),
(87, 56, 200, NULL, NULL, 1.0, '11', 400000, 0.00000, 400000, '2017-07-21 15:10:44', '2017-07-21 15:12:05', '  -codigo: RB5187 -marca: RAYBAN -stock: 1'),
(88, 57, NULL, NULL, 1, 1.0, '11', 100000, 16000.00000, 100000, '2017-07-21 15:16:19', '2017-07-22 14:41:22', ''),
(89, 57, 325, NULL, NULL, 1.0, '11', 250000, 0.00000, 250000, '2017-07-21 15:16:19', '2017-07-22 14:41:22', '  -codigo: K9280 -marca: STEFFANI -stock: 1'),
(90, 58, NULL, NULL, 31, 1.0, '11', 180000, 50000.00000, 180000, '2017-07-21 15:20:52', '2017-07-21 18:22:35', ''),
(91, 58, 6, NULL, NULL, 1.0, '11', 50000, 0.00000, 50000, '2017-07-21 15:20:52', '2017-07-21 18:22:35', '  -codigo: 8055 -marca: A.MAX (+2,00) -stock: 2'),
(92, 59, NULL, NULL, 31, 1.0, '11', 200000, 50000.00000, 200000, '2017-07-21 15:24:45', '2017-08-07 15:51:48', ''),
(93, 59, 71, NULL, NULL, 1.0, '11', 380000, 0.00000, 380000, '2017-07-21 15:24:45', '2017-08-07 15:51:48', '  -codigo: CA6195HY5 -marca: CARRERA -stock: 0'),
(94, 60, NULL, NULL, 44, 1.0, '11', 170000, 50000.00000, 170000, '2017-07-21 15:28:26', '2017-07-21 15:29:28', ''),
(95, 60, 195, NULL, NULL, 1.0, '11', 350000, 0.00000, 350000, '2017-07-21 15:28:26', '2017-07-21 15:29:28', '  -codigo: S286 -marca: PRADA -stock: 6'),
(96, 61, NULL, 2, NULL, 1.0, '11', 0, 0.00000, 0, '2017-07-21 18:14:22', '2017-07-21 18:21:09', ''),
(97, 62, NULL, NULL, 7, 1.0, '11', 130000, 18000.00000, 130000, '2017-07-21 18:45:43', '2017-07-22 14:46:21', ''),
(98, 63, NULL, NULL, 7, 1.0, '11', 110000, 18000.00000, 110000, '2017-07-27 14:03:05', '2017-07-27 14:05:29', ''),
(99, 63, 418, NULL, NULL, 1.0, '11', 180000, 30000.00000, 180000, '2017-07-27 14:03:05', '2017-07-27 14:05:29', '  -codigo: OP7124 -marca: OPTIC 100 -stock: 3'),
(100, 64, NULL, NULL, 7, 1.0, '11', 140000, 18000.00000, 140000, '2017-07-28 15:48:06', '2017-07-28 15:48:49', ''),
(101, 64, 425, NULL, NULL, 1.0, '11', 250000, 0.00000, 250000, '2017-07-28 15:48:06', '2017-07-28 15:48:49', '  -codigo: K9250 -marca: STEFFANI -stock: 1'),
(102, 65, NULL, 7, NULL, 1.0, '11', 40000, 0.00000, 40000, '2017-08-07 16:18:40', '2017-08-07 16:18:40', ''),
(103, 66, 92, NULL, NULL, 1.0, '11', 100000, 0.00000, 100000, '2017-08-07 16:26:18', '2017-08-17 19:48:32', '  -codigo: EDMPO11 -marca: DISCOVERY -stock: 1'),
(104, 67, NULL, NULL, 54, 1.0, '11', 190000, 65000.00000, 190000, '2017-08-07 17:06:35', '2017-08-11 13:12:00', ''),
(105, 68, NULL, NULL, 44, 1.0, '11', 150000, 50000.00000, 150000, '2017-08-07 17:10:31', '2017-08-07 17:10:31', ''),
(106, 68, 283, NULL, NULL, 1.0, '11', 280000, 0.00000, 280000, '2017-08-07 17:10:31', '2017-08-07 17:10:31', '  -codigo: A1239 -marca: STEFFANI -stock: 1'),
(107, 69, NULL, NULL, 54, 1.0, '11', 150000, 65000.00000, 150000, '2017-08-09 14:13:01', '2017-08-09 14:13:01', ''),
(108, 69, 289, NULL, NULL, 1.0, '11', 250000, 0.00000, 250000, '2017-08-09 14:13:01', '2017-08-09 14:13:01', '  -codigo: K9279 -marca: STEFFANI -stock: 1'),
(109, 70, NULL, NULL, 31, 1.0, '11', 170000, 50000.00000, 170000, '2017-08-09 14:17:38', '2017-08-09 14:18:23', ''),
(110, 71, NULL, NULL, 184, 1.0, '11', 300000, 150000.00000, 300000, '2017-08-09 14:43:27', '2017-08-10 13:06:33', ''),
(111, 71, 96, NULL, NULL, 1.0, '11', 200000, 0.00000, 200000, '2017-08-09 14:43:27', '2017-08-10 13:06:34', '  -codigo: D&G -marca: DOLCE & GABBANA -stock: 2'),
(112, 72, 93, NULL, NULL, 1.0, '11', 250000, 0.00000, 250000, '2017-08-10 13:17:19', '2017-08-10 13:18:07', '  -codigo: DP9011 -marca: DISCOVERY -stock: 1'),
(113, 73, NULL, NULL, 1, 1.0, '11', 120000, 16000.00000, 120000, '2017-08-11 13:18:13', '2017-08-11 13:19:07', ''),
(114, 73, 273, NULL, NULL, 1.0, '11', 250000, 0.00000, 250000, '2017-08-11 13:18:13', '2017-08-11 13:19:07', '  -codigo: K9031 -marca: STEFFANI -stock: 1'),
(115, 74, NULL, NULL, 218, 1.0, '11', 180000, 55000.00000, 180000, '2017-08-17 19:34:29', '2017-08-17 19:34:29', ''),
(116, 75, NULL, NULL, 16, 1.0, '11', 120000, 22000.00000, 120000, '2017-08-17 19:38:29', '2017-08-17 19:39:19', ''),
(117, 75, 221, NULL, NULL, 1.0, '11', 150000, 0.00000, 150000, '2017-08-17 19:38:29', '2017-08-17 19:39:19', '  -codigo: 16946 -marca: SIN MARCA -stock: 6'),
(118, 76, NULL, NULL, 16, 1.0, '11', 140000, 22000.00000, 140000, '2017-08-17 19:45:53', '2017-08-17 19:46:57', ''),
(119, 76, 327, NULL, NULL, 1.0, '11', 180000, 0.00000, 180000, '2017-08-17 19:45:53', '2017-08-17 19:46:57', '  -codigo: K8665 -marca: STEFFANI -stock: 1'),
(120, 77, NULL, NULL, 31, 1.0, '11', 190000, 50000.00000, 190000, '2017-08-17 19:55:52', '2017-08-17 19:55:52', ''),
(121, 77, 430, NULL, NULL, 1.0, '11', 220000, 0.00000, 220000, '2017-08-17 19:55:52', '2017-08-17 19:55:52', '  -codigo: K9190 -marca: STEFFANI -stock: 1'),
(122, 78, NULL, NULL, 1, 1.0, '11', 100000, 16000.00000, 100000, '2017-08-17 19:59:01', '2017-08-17 20:00:10', ''),
(123, 78, 421, NULL, NULL, 1.0, '11', 140000, 25000.00000, 140000, '2017-08-17 19:59:01', '2017-08-17 20:00:10', '  -codigo: OP065 -marca: OPTIC 100 -stock: 2');

-- --------------------------------------------------------

--
-- Estructura de tabla para la tabla `ventas__facturaventas`
--

CREATE TABLE `ventas__facturaventas` (
  `id` int(10) UNSIGNED NOT NULL,
  `venta_id` int(10) UNSIGNED DEFAULT NULL,
  `nro_factura` varchar(50) COLLATE utf8_unicode_ci NOT NULL,
  `fecha` date NOT NULL,
  `anulado` tinyint(1) NOT NULL,
  `tipo_factura` enum('contado','credito') COLLATE utf8_unicode_ci NOT NULL,
  `usuario_sistema_id_create` int(10) UNSIGNED NOT NULL,
  `usuario_sistema_id_edit` int(10) UNSIGNED DEFAULT NULL,
  `created_at` timestamp NOT NULL DEFAULT '0000-00-00 00:00:00',
  `updated_at` timestamp NOT NULL DEFAULT '0000-00-00 00:00:00'
) ENGINE=InnoDB DEFAULT CHARSET=utf8 COLLATE=utf8_unicode_ci;

--
-- Volcado de datos para la tabla `ventas__facturaventas`
--

INSERT INTO `ventas__facturaventas` (`id`, `venta_id`, `nro_factura`, `fecha`, `anulado`, `tipo_factura`, `usuario_sistema_id_create`, `usuario_sistema_id_edit`, `created_at`, `updated_at`) VALUES
(5, 5, '001 - 001 - 0000278', '2017-06-10', 1, 'contado', 2, 1, '2017-06-10 15:03:49', '2017-06-19 16:13:59'),
(7, 8, '001 - 001 - 280', '2017-06-20', 1, 'contado', 2, 1, '2017-06-20 15:39:54', '2017-06-22 00:49:32'),
(8, 14, '001 - 001 0000287', '2017-06-14', 0, 'contado', 2, NULL, '2017-06-26 15:57:32', '2017-06-26 15:57:32'),
(9, 22, '001 - 001 - 0000290', '2017-06-21', 0, 'contado', 2, NULL, '2017-06-26 15:59:55', '2017-06-26 15:59:55'),
(10, 25, '001 - 001 - 0000289', '2017-06-21', 0, 'contado', 2, NULL, '2017-06-26 16:11:43', '2017-06-26 16:11:43'),
(11, 27, '001 - 001 - 0000292', '2017-06-24', 0, 'contado', 2, NULL, '2017-06-26 16:21:48', '2017-06-26 16:21:48'),
(12, 31, '001 - 001 - 0000299', '2017-06-28', 0, 'contado', 2, NULL, '2017-06-28 18:52:13', '2017-06-28 18:52:13'),
(13, 30, '001 - 001 - 0000297', '2017-06-28', 0, 'contado', 2, NULL, '2017-06-28 18:53:23', '2017-06-28 18:53:23'),
(14, 28, '', '2017-06-28', 0, 'contado', 2, NULL, '2017-06-28 18:54:21', '2017-06-28 18:54:21'),
(15, 26, '', '2017-06-28', 0, 'contado', 2, NULL, '2017-06-28 18:55:06', '2017-06-28 18:55:06'),
(16, 29, '001 - 001 - 0000295', '2017-06-28', 0, 'contado', 2, NULL, '2017-06-28 18:56:40', '2017-06-28 18:56:40'),
(17, 16, '', '2017-06-28', 0, 'contado', 2, NULL, '2017-06-28 18:58:18', '2017-06-28 18:58:18'),
(18, 24, '001 - 001 - 0000294', '2017-06-28', 0, 'contado', 2, NULL, '2017-06-28 19:00:22', '2017-06-28 19:00:22'),
(19, 32, '001 - 001 - 0000288', '2017-06-23', 0, 'contado', 1, NULL, '2017-06-29 16:00:40', '2017-06-29 16:00:40'),
(20, 33, '001 - 001 - 0000293', '2017-06-24', 0, 'contado', 2, NULL, '2017-06-29 19:57:13', '2017-06-29 19:57:13'),
(21, 35, '001 - 001 -0000300', '2017-07-03', 0, 'contado', 2, NULL, '2017-07-05 13:00:48', '2017-07-05 13:00:48'),
(22, 36, '001 - 001 -0000351', '2017-07-04', 0, 'contado', 2, NULL, '2017-07-05 13:02:30', '2017-07-05 13:02:30'),
(23, 45, '001 - 001 -0000353', '2017-07-04', 0, 'contado', 2, NULL, '2017-07-08 14:03:14', '2017-07-08 14:03:14'),
(24, 52, '001 - 001 -0000298', '2017-06-28', 0, 'contado', 2, NULL, '2017-07-13 14:38:04', '2017-07-13 14:38:04'),
(25, 18, '', '2017-06-23', 0, 'contado', 2, NULL, '2017-07-13 14:51:00', '2017-07-13 14:51:00'),
(26, 47, '', '2017-07-13', 0, 'contado', 2, NULL, '2017-07-14 15:38:25', '2017-07-14 15:38:25'),
(27, 53, '001 - 001 -0000354', '2017-07-07', 0, 'contado', 2, NULL, '2017-07-15 14:59:52', '2017-07-15 14:59:52'),
(28, 54, '001 - 001 - 0000354', '2017-07-07', 0, 'contado', 2, NULL, '2017-07-15 15:09:13', '2017-07-15 15:09:13'),
(29, 55, '001 - 001 -0000354', '2017-07-07', 0, 'contado', 2, NULL, '2017-07-15 15:18:11', '2017-07-15 15:18:11'),
(30, 51, '001 - 001 - 0000357', '2017-07-17', 0, 'contado', 2, NULL, '2017-07-20 18:23:20', '2017-07-20 18:23:20'),
(31, 46, '001 - 001 -0000356', '2017-07-15', 0, 'contado', 2, NULL, '2017-07-21 15:05:40', '2017-07-21 15:05:40'),
(32, 56, '001 - 001 -0000355', '2017-07-15', 0, 'contado', 2, NULL, '2017-07-21 15:12:05', '2017-07-21 15:12:05'),
(33, 60, '001 - 001 -0000358', '2017-07-20', 0, 'contado', 2, NULL, '2017-07-21 15:29:28', '2017-07-21 15:29:28'),
(34, 61, '', '2017-07-20', 0, 'contado', 2, NULL, '2017-07-21 18:21:09', '2017-07-21 18:21:09'),
(35, 58, '001 - 001 -0000359', '2017-07-21', 0, 'contado', 2, NULL, '2017-07-21 18:22:35', '2017-07-21 18:22:35'),
(36, 57, '001 - 001 -0000360', '2017-07-21', 0, 'contado', 2, NULL, '2017-07-22 14:41:21', '2017-07-22 14:41:21'),
(37, 62, '001 - 001 -0000361', '2017-07-22', 0, 'contado', 2, NULL, '2017-07-22 14:46:21', '2017-07-22 14:46:21'),
(38, 63, '001 - 001 - 0000362', '2017-07-27', 0, 'contado', 2, NULL, '2017-07-27 14:05:29', '2017-07-27 14:05:29'),
(39, 64, '001 - 001 - 0000363', '2017-07-27', 0, 'contado', 2, NULL, '2017-07-28 15:48:49', '2017-07-28 15:48:49'),
(40, 50, '001 - 001 -0000369', '2017-08-07', 0, 'contado', 2, NULL, '2017-08-07 15:50:12', '2017-08-07 15:50:12'),
(41, 59, '001 - 001 -0000365', '2017-07-29', 0, 'contado', 2, NULL, '2017-08-07 15:51:48', '2017-08-07 15:51:48'),
(42, 49, '001 - 001 -0000368', '2017-08-07', 0, 'contado', 2, NULL, '2017-08-07 15:53:48', '2017-08-07 15:53:48'),
(43, 48, '001 - 001 -0000367', '2017-08-07', 0, 'contado', 2, NULL, '2017-08-07 15:54:39', '2017-08-07 15:54:39'),
(44, 20, '001 - 001 -0000352', '2017-07-04', 0, 'contado', 2, NULL, '2017-08-07 15:57:16', '2017-08-07 15:57:16'),
(45, 70, '001 - 001 -0000366', '2017-08-03', 0, 'contado', 2, NULL, '2017-08-09 14:18:23', '2017-08-09 14:18:23'),
(46, 71, '001 - 001 -0000372', '2017-08-08', 0, 'contado', 2, NULL, '2017-08-10 13:06:33', '2017-08-10 13:06:33'),
(47, 72, '001 - 001 -0000370', '2017-08-07', 0, 'contado', 2, NULL, '2017-08-10 13:18:07', '2017-08-10 13:18:07'),
(48, 67, '001 - 001 -0000373', '2017-08-09', 0, 'contado', 2, NULL, '2017-08-11 13:12:00', '2017-08-11 13:12:00'),
(49, 73, '001 - 001 -0000371', '2017-08-08', 0, 'contado', 2, NULL, '2017-08-11 13:19:07', '2017-08-11 13:19:07'),
(50, 75, '001 - 001 -0000374', '2017-08-09', 0, 'contado', 2, NULL, '2017-08-17 19:39:19', '2017-08-17 19:39:19'),
(51, 76, '001 - 001 -0000375', '2017-08-10', 0, 'contado', 2, NULL, '2017-08-17 19:46:57', '2017-08-17 19:46:57'),
(52, 66, '001 - 001 -0000364', '2017-07-27', 0, 'contado', 2, NULL, '2017-08-17 19:48:31', '2017-08-17 19:48:31'),
(53, 78, '001 - 001 -0000376', '2017-08-12', 0, 'contado', 2, NULL, '2017-08-17 20:00:10', '2017-08-17 20:00:10');

-- --------------------------------------------------------

--
-- Estructura de tabla para la tabla `ventas__ventas`
--

CREATE TABLE `ventas__ventas` (
  `id` int(10) UNSIGNED NOT NULL,
  `tipo` enum('venta','preventa','otros') COLLATE utf8_unicode_ci NOT NULL,
  `estado` enum('preventa','terminado') COLLATE utf8_unicode_ci NOT NULL,
  `anulado` tinyint(1) NOT NULL,
  `usuario_sistema_id_create` int(10) UNSIGNED NOT NULL,
  `usuario_sistema_id_edit` int(10) UNSIGNED DEFAULT NULL,
  `cliente_id` int(10) UNSIGNED NOT NULL,
  `caja_id` int(10) UNSIGNED NOT NULL,
  `nro_seguimiento` varchar(15) COLLATE utf8_unicode_ci NOT NULL,
  `fecha_venta` date NOT NULL,
  `fecha_entrega` date DEFAULT NULL,
  `ojo_izq` varchar(255) COLLATE utf8_unicode_ci DEFAULT NULL,
  `ojo_der` varchar(255) COLLATE utf8_unicode_ci DEFAULT NULL,
  `distancia_interpupilar` varchar(255) COLLATE utf8_unicode_ci DEFAULT NULL,
  `monto_total` bigint(20) NOT NULL,
  `monto_total_letras` varchar(255) COLLATE utf8_unicode_ci NOT NULL,
  `grabado_excenta` bigint(20) NOT NULL,
  `grabado_5` bigint(20) NOT NULL,
  `grabado_10` bigint(20) NOT NULL,
  `total_iva_5` bigint(20) NOT NULL,
  `total_iva_10` bigint(20) NOT NULL,
  `total_iva` bigint(20) NOT NULL,
  `observacion_venta` varchar(1024) COLLATE utf8_unicode_ci NOT NULL,
  `entrega` bigint(20) DEFAULT NULL,
  `pago_final` bigint(20) DEFAULT NULL,
  `total_pagado` bigint(20) DEFAULT NULL,
  `descuento_porcentaje` int(11) DEFAULT NULL,
  `descuento_monto` int(11) DEFAULT NULL,
  `created_at` timestamp NOT NULL DEFAULT '0000-00-00 00:00:00',
  `updated_at` timestamp NOT NULL DEFAULT '0000-00-00 00:00:00',
  `descuento_total` bigint(20) NOT NULL,
  `ojo_izq_cercano` varchar(60) COLLATE utf8_unicode_ci DEFAULT NULL,
  `ojo_der_cercano` varchar(60) COLLATE utf8_unicode_ci DEFAULT NULL
) ENGINE=InnoDB DEFAULT CHARSET=utf8 COLLATE=utf8_unicode_ci;

--
-- Volcado de datos para la tabla `ventas__ventas`
--

INSERT INTO `ventas__ventas` (`id`, `tipo`, `estado`, `anulado`, `usuario_sistema_id_create`, `usuario_sistema_id_edit`, `cliente_id`, `caja_id`, `nro_seguimiento`, `fecha_venta`, `fecha_entrega`, `ojo_izq`, `ojo_der`, `distancia_interpupilar`, `monto_total`, `monto_total_letras`, `grabado_excenta`, `grabado_5`, `grabado_10`, `total_iva_5`, `total_iva_10`, `total_iva`, `observacion_venta`, `entrega`, `pago_final`, `total_pagado`, `descuento_porcentaje`, `descuento_monto`, `created_at`, `updated_at`, `descuento_total`, `ojo_izq_cercano`, `ojo_der_cercano`) VALUES
(5, 'preventa', 'terminado', 1, 2, 1, 2, 4, '0/317', '2017-05-24', '0000-00-00', '-1.00', '-1.00', '', 380000, 'TRESCIENTOS OCHENTA MIL  GUARANÍES ', 0, 0, 345455, 0, 34545, 34545, '', 100000, 280000, 380000, NULL, NULL, '2017-06-10 14:58:53', '2017-06-19 16:13:59', 0, '', ''),
(7, 'preventa', 'preventa', 1, 2, NULL, 3, 4, '330/330', '2017-06-19', '2017-06-10', 'esf -0.25', 'esf -0.25', '', 150000, 'CIENTO CINCUENTA MIL  GUARANÍES ', 0, 0, 136364, 0, 13636, 13636, '', 100000, NULL, 100000, NULL, NULL, '2017-06-19 19:18:10', '2017-06-23 13:52:40', 0, '', ''),
(8, 'preventa', 'terminado', 1, 2, 1, 4, 4, '0/331', '2017-06-20', '2017-06-20', '-0.25', '-0.25', '', 370000, 'TRESCIENTOS SETENTA MIL  GUARANÍES ', 0, 0, 363637, 0, 36363, 36363, '', 100000, 270000, 370000, NULL, NULL, '2017-06-20 15:36:28', '2017-06-22 00:49:32', 30000, '', ''),
(9, 'preventa', 'preventa', 1, 2, 2, 5, 4, '0/332', '2017-06-20', '2017-06-13', 'esf+0.50 -0.50 x 90º', ' esf+0.50 -0.50 x90º', '', 110000, 'CIENTO DIEZ MIL  GUARANÍES ', 0, 0, 109091, 0, 10909, 10909, '', 110000, 0, 110000, NULL, NULL, '2017-06-20 15:50:56', '2017-06-22 00:51:05', 10000, '', ''),
(10, 'preventa', 'preventa', 1, 2, NULL, 6, 4, '0/334', '2017-06-20', '2017-06-20', '0.00 -0.25 x30º', '0.00 -0.25 x140º', '', 370000, 'TRESCIENTOS SETENTA MIL  GUARANÍES ', 0, 0, 336364, 0, 33636, 33636, '', 50000, NULL, 50000, NULL, NULL, '2017-06-20 16:03:24', '2017-06-23 13:53:18', 0, '', ''),
(11, 'preventa', 'preventa', 1, 2, NULL, 7, 4, '0/334', '2017-06-20', '2017-06-17', 'esf -0.25', 'esf -0.25', '', 190000, 'CIENTO NOVENTA MIL  GUARANÍES ', 0, 0, 172728, 0, 17272, 17272, '', 100000, NULL, 100000, NULL, NULL, '2017-06-20 16:06:31', '2017-06-23 13:53:00', 0, '', ''),
(12, 'preventa', 'preventa', 1, 2, NULL, 8, 4, '0/336', '2017-06-20', '2017-06-17', 'esf +2.50', '', '', 290000, 'DOSCIENTOS NOVENTA MIL  GUARANÍES ', 0, 0, 263637, 0, 26363, 26363, '', 50000, NULL, 50000, NULL, NULL, '2017-06-20 16:11:52', '2017-06-23 13:52:24', 0, '', ''),
(13, 'preventa', 'preventa', 1, 2, NULL, 9, 4, '0/337', '2017-06-20', '2017-06-20', '+1.50', '+1.50', '', 330000, 'TRESCIENTOS TREINTA MIL  GUARANÍES ', 0, 0, 300000, 0, 30000, 30000, '', 100000, NULL, 100000, NULL, NULL, '2017-06-20 16:16:32', '2017-06-23 13:51:59', 0, '', ''),
(14, 'preventa', 'terminado', 0, 2, 2, 10, 4, '0/330', '2017-06-14', '2017-06-10', 'ESF -0.25', 'ESF-0.25', '', 370000, 'TRESCIENTOS SETENTA MIL  GUARANÍES ', 0, 0, 363637, 0, 36363, 36363, '', 100000, 270000, 370000, NULL, NULL, '2017-06-23 20:08:47', '2017-06-26 15:57:32', 30000, '', ''),
(15, 'preventa', 'preventa', 1, 2, NULL, 11, 4, '0/338', '2017-06-23', '2017-06-23', '', '', '', 0, 'CERO GUARANÍES ', 0, 0, 18182, 0, 1818, 1818, 'AJUSTE DE PATILLA NO SE LE COBRO CLIENTE DE LA OPTICA', 0, NULL, 0, NULL, NULL, '2017-06-23 20:15:16', '2017-06-23 20:15:51', 20000, '', ''),
(16, 'preventa', 'terminado', 0, 2, 2, 12, 4, '0/331', '2017-06-28', '2017-06-10', '', '', '', 0, 'CERO GUARANÍES ', 0, 0, 18182, 0, 1818, 1818, 'ajuste de patilla no se le cobro es cliente d la optica.', 0, 0, 0, NULL, NULL, '2017-06-23 20:19:29', '2017-06-28 18:58:18', 20000, '', ''),
(17, 'preventa', 'preventa', 1, 2, 1, 13, 4, '0/332', '2017-06-23', '2017-06-13', 'esf +0.50 -0.50 x90º', 'esf +0.50 -0.50 x90º', '', 110000, 'CIENTO DIEZ MIL  GUARANÍES ', 0, 0, 100000, 0, 10000, 10000, '', 110000, 0, 110000, NULL, NULL, '2017-06-23 20:24:43', '2017-06-29 15:53:21', 0, '', ''),
(18, 'preventa', 'terminado', 0, 2, 2, 14, 4, '0/333', '2017-06-23', '2017-06-13', '', '', '', 0, 'CERO GUARANÍES ', 0, 0, 18182, 0, 1818, 1818, 'cambio de cristales no se le cobro.', 0, 0, 0, NULL, NULL, '2017-06-23 20:29:33', '2017-07-13 14:51:00', 20000, '', ''),
(19, 'preventa', 'preventa', 0, 2, NULL, 15, 4, '0/334', '2017-06-23', '2017-06-17', '0,00 -0.25 x140º', '0,00 -0.25 x140º', '', 370000, 'TRESCIENTOS SETENTA MIL  GUARANÍES ', 0, 0, 336364, 0, 33636, 33636, '', 50000, NULL, 50000, NULL, NULL, '2017-06-23 20:33:32', '2017-06-23 20:33:32', 0, '', ''),
(20, 'preventa', 'terminado', 0, 2, 2, 16, 4, '0/335', '2017-07-04', '2017-06-17', '-0.25', '-0.25', '', 190000, 'CIENTO NOVENTA MIL  GUARANÍES ', 0, 0, 172728, 0, 17272, 17272, '', 100000, 90000, 190000, NULL, NULL, '2017-06-23 20:36:17', '2017-08-07 15:57:16', 0, '', ''),
(21, 'preventa', 'preventa', 0, 2, NULL, 17, 4, '0/336', '2017-06-23', '2017-06-17', '+1.50', '+1.50', '', 290000, 'DOSCIENTOS NOVENTA MIL  GUARANÍES ', 0, 0, 263637, 0, 26363, 26363, '', 50000, NULL, 50000, NULL, NULL, '2017-06-23 20:39:50', '2017-06-23 20:39:50', 0, '', ''),
(22, 'preventa', 'terminado', 0, 2, 2, 18, 4, '0/337', '2017-06-21', '2017-06-17', '+1.50', '+1.50', '', 330000, 'TRESCIENTOS TREINTA MIL  GUARANÍES ', 0, 0, 300000, 0, 30000, 30000, '', 100000, 230000, 330000, NULL, NULL, '2017-06-23 20:53:55', '2017-06-26 15:59:55', 0, '', ''),
(23, 'preventa', 'preventa', 0, 2, NULL, 19, 4, '0/338', '2017-06-23', '2017-06-17', '-0.75 CIL -0.25 X130º', '-1.75 CIL -0.25 X170º', '', 390000, 'TRESCIENTOS NOVENTA MIL  GUARANÍES ', 0, 0, 354546, 0, 35454, 35454, '', 100000, NULL, 100000, NULL, NULL, '2017-06-23 21:02:10', '2017-06-23 21:02:10', 0, '', ''),
(24, 'preventa', 'terminado', 0, 2, 2, 21, 4, '0/339', '2017-06-28', '2017-06-17', '-1.25', '-1.25', '', 170000, 'CIENTO SETENTA MIL  GUARANÍES ', 0, 0, 154546, 0, 15454, 15454, '', 100000, 70000, 170000, NULL, NULL, '2017-06-26 15:50:31', '2017-06-28 19:00:22', 0, '', ''),
(25, 'preventa', 'terminado', 0, 2, 2, 22, 4, '0/340', '2017-06-21', '2017-06-21', '-0.75', '-0.75', '', 300000, 'TRESCIENTOS  MIL  GUARANÍES ', 0, 0, 272728, 0, 27272, 27272, '', 200000, 100000, 300000, NULL, NULL, '2017-06-26 16:09:48', '2017-06-26 16:11:43', 0, '', ''),
(26, 'preventa', 'terminado', 0, 2, 2, 20, 4, '0/341', '2017-06-28', '2017-06-21', '', '', '', 0, 'CERO GUARANÍES ', 0, 0, 0, 0, 0, 0, 'NO SE LE COBRA REPOSICION DE CRISTAL', 0, 0, 0, NULL, NULL, '2017-06-26 16:18:19', '2017-06-28 18:55:06', 0, '', ''),
(27, 'preventa', 'terminado', 0, 2, 2, 23, 4, '0/342', '2017-06-24', '2017-06-22', '', '', '', 160000, 'CIENTO SESENTA MIL  GUARANÍES ', 0, 0, 145455, 0, 14545, 14545, '', 60000, 100000, 160000, NULL, NULL, '2017-06-26 16:21:01', '2017-06-26 16:21:48', 0, '+1.00', '+1.00'),
(28, 'preventa', 'terminado', 0, 2, 2, 24, 4, '0/343', '2017-06-28', '2017-06-24', '', '', '', 0, 'CERO GUARANÍES ', 0, 0, 18182, 0, 1818, 1818, 'reposición de cristal no se le cobra clienta de la óptica.', 0, 0, 0, NULL, NULL, '2017-06-26 18:36:19', '2017-06-28 18:54:21', 20000, '', ''),
(29, 'preventa', 'terminado', 0, 2, 2, 25, 4, '0/344', '2017-06-28', '2017-06-24', '-1.75 -0.75x180º', '-1.75 -0.75x180º', '', 600000, 'SEISCIENTOS  MIL  GUARANÍES ', 0, 0, 581819, 0, 58181, 58181, '', 250000, 350000, 600000, NULL, NULL, '2017-06-26 18:44:20', '2017-06-28 18:56:40', 40000, '', ''),
(30, 'preventa', 'terminado', 0, 2, 2, 26, 4, '0/345', '2017-06-28', '2017-06-24', '-0.25 x180º', '-0.25', '', 360000, 'TRESCIENTOS SESENTA MIL  GUARANÍES ', 0, 0, 436364, 0, 43635, 43635, '', 125000, 235000, 360000, NULL, NULL, '2017-06-26 19:23:43', '2017-06-28 18:53:23', 120000, '', ''),
(31, 'preventa', 'terminado', 0, 2, 2, 27, 4, '0/347', '2017-06-28', '2017-06-24', '', '', '', 30000, 'TREINTA MIL  GUARANÍES ', 0, 0, 27273, 0, 2727, 2727, '', 0, 30000, 30000, NULL, NULL, '2017-06-26 19:30:25', '2017-06-28 18:52:13', 0, '', ''),
(32, 'preventa', 'terminado', 0, 1, 1, 5, 4, '0/332', '2017-06-23', '2017-06-13', 'esf +0.50 -0.50 x90°', 'esf +0.50 -0.50 x90°', '', 110000, 'CIENTO DIEZ MIL  GUARANÍES ', 0, 0, 100000, 0, 10000, 10000, '', 110000, 0, 110000, NULL, NULL, '2017-06-29 15:59:53', '2017-06-29 16:00:40', 0, '', ''),
(33, 'preventa', 'terminado', 0, 2, 2, 29, 4, '0/345', '2017-06-24', '2017-06-22', '+1.00', '+1.00', '66/67', 540000, 'QUINIENTOS CUARENTA MIL  GUARANÍES ', 0, 0, 490910, 0, 49090, 49090, '', 200000, 340000, 540000, NULL, NULL, '2017-06-29 19:55:33', '2017-06-29 19:57:13', 0, '+3.00', '+3.00'),
(34, 'preventa', 'preventa', 1, 2, NULL, 30, 4, '0/348', '2017-06-30', '2017-06-28', '', '', '', 250000, 'DOSCIENTOS CINCUENTA MIL  GUARANÍES ', 0, 0, 227273, 0, 22727, 22727, '', 50000, NULL, 50000, NULL, NULL, '2017-06-30 14:21:33', '2017-07-13 14:47:06', 0, '', ''),
(35, 'preventa', 'terminado', 0, 2, 2, 31, 4, '0/349', '2017-07-03', '2017-06-30', '+2.75', '+2.25', '', 360000, 'TRESCIENTOS SESENTA MIL  GUARANÍES ', 0, 0, 327273, 0, 32726, 32726, '', 150000, 210000, 360000, NULL, NULL, '2017-07-03 18:34:19', '2017-07-05 13:00:48', 0, '+2.50', '+2.50'),
(36, 'preventa', 'terminado', 0, 2, 2, 32, 4, '0/350', '2017-07-04', '2017-06-30', 'CIL -0.25 X 180º', '-0.25 CIL -0.25X180º', '', 350000, 'TRESCIENTOS CINCUENTA MIL  GUARANÍES ', 0, 0, 336364, 0, 33636, 33636, '', 0, 350000, 350000, NULL, NULL, '2017-07-03 19:02:27', '2017-07-05 13:02:30', 20000, '', ''),
(37, 'preventa', 'preventa', 0, 2, NULL, 33, 4, '0/351', '2017-07-03', '2017-07-01', '+1.25', '+1.25', '', 290000, 'DOSCIENTOS NOVENTA MIL  GUARANÍES ', 0, 0, 263637, 0, 26363, 26363, '', 0, NULL, 0, NULL, NULL, '2017-07-03 20:17:50', '2017-07-03 20:17:50', 0, 'add 2.50', ''),
(38, 'preventa', 'preventa', 0, 2, NULL, 34, 4, '0/352', '2017-07-03', '2017-07-01', 'AO ESF -0.25', '', '', 390000, 'TRESCIENTOS NOVENTA MIL  GUARANÍES ', 0, 0, 354546, 0, 35454, 35454, '', 0, NULL, 0, NULL, NULL, '2017-07-03 20:21:09', '2017-07-03 20:21:09', 0, 'ADD 2.25', ''),
(39, 'preventa', 'preventa', 0, 2, NULL, 35, 4, '0/353', '2017-07-03', '2017-07-01', 'esf 1.75', 'esf +2.25', '', 400000, 'CUATROCIENTOS  MIL  GUARANÍES ', 0, 0, 363637, 0, 36363, 36363, '', 0, NULL, 0, NULL, NULL, '2017-07-03 20:30:21', '2017-07-03 20:30:21', 0, 'ADD 2.25', ''),
(40, 'preventa', 'preventa', 0, 2, NULL, 36, 4, '0/354', '2017-07-03', '2017-07-01', 'AO ESF +1.00', '', '', 380000, 'TRESCIENTOS OCHENTA MIL  GUARANÍES ', 0, 0, 345455, 0, 34545, 34545, '', 0, NULL, 0, NULL, NULL, '2017-07-03 20:33:11', '2017-07-03 20:33:11', 0, 'ADD 2.00', ''),
(41, 'preventa', 'preventa', 0, 2, NULL, 38, 4, '0/356', '2017-07-03', '2017-07-01', '', '', '', 340000, 'TRESCIENTOS CUARENTA MIL  GUARANÍES ', 0, 0, 354546, 0, 35454, 35454, '', 0, NULL, 0, NULL, NULL, '2017-07-03 20:43:12', '2017-07-03 20:43:12', 50000, 'AO ESF +2.25', ''),
(42, 'preventa', 'preventa', 1, 2, NULL, 39, 4, '0/357', '2017-07-05', '2017-07-04', '-2.50', '-1.50 CIL -1.25 X100º', '', 120000, 'CIENTO VEINTE MIL  GUARANÍES ', 0, 0, 109091, 0, 10909, 10909, '', 100000, NULL, 100000, NULL, NULL, '2017-07-05 14:04:51', '2017-08-01 22:49:12', 0, '', ''),
(43, 'preventa', 'preventa', 1, 2, NULL, 39, 4, '0/358', '2017-07-08', '2017-07-04', '-2.50', '-1.50 cil 1.25x100º', '', 120000, 'CIENTO VEINTE MIL  GUARANÍES ', 0, 0, 109091, 0, 10909, 10909, '', 50000, NULL, 50000, NULL, NULL, '2017-07-08 13:55:02', '2017-08-01 22:49:46', 0, '', ''),
(44, 'preventa', 'preventa', 1, 2, NULL, 39, 4, '0/359', '2017-07-08', '2017-07-04', '-2.50', '-1.50 cil -1.25x100º', '', 120000, 'CIENTO VEINTE MIL  GUARANÍES ', 0, 0, 109091, 0, 10909, 10909, '', 50000, NULL, 50000, NULL, NULL, '2017-07-08 13:57:48', '2017-08-01 22:50:19', 0, '', ''),
(45, 'venta', 'terminado', 0, 2, NULL, 40, 4, '0/360', '2017-07-04', '2017-07-04', '', '', '', 50000, 'CINCUENTA MIL  GUARANÍES ', 0, 0, 45455, 0, 4545, 4545, '', NULL, NULL, 50000, NULL, NULL, '2017-07-08 14:03:14', '2017-07-08 14:03:14', 0, '+3.75', ''),
(46, 'preventa', 'terminado', 0, 2, 2, 41, 4, '0/361', '2017-07-15', '2017-07-05', '+0.50 CIL-1.00X95º', '+0.50 CIL -1.00 X95º', '', 360000, 'TRESCIENTOS SESENTA MIL  GUARANÍES ', 0, 0, 336364, 0, 33636, 33636, '', 100000, 260000, 360000, NULL, NULL, '2017-07-08 14:09:08', '2017-07-21 15:05:39', 10000, '', ''),
(47, 'preventa', 'terminado', 0, 2, 2, 42, 4, '0/362', '2017-07-13', '2017-07-05', '', '', '', 5000, 'CINCO MIL  GUARANÍES ', 0, 0, 4546, 0, 454, 454, '', 0, 5000, 5000, NULL, NULL, '2017-07-13 13:53:29', '2017-07-14 15:38:25', 0, '', ''),
(48, 'preventa', 'terminado', 0, 2, 2, 43, 4, '0/363', '2017-08-07', '2017-07-08', 'AO ESF +1.50', '', '', 390000, 'TRESCIENTOS NOVENTA MIL  GUARANÍES ', 0, 0, 363637, 0, 36363, 36363, '', 200000, 190000, 390000, NULL, NULL, '2017-07-13 13:57:49', '2017-08-07 15:54:39', 10000, 'ADD 2.50', ''),
(49, 'preventa', 'terminado', 0, 2, 2, 44, 4, '0/364', '2017-08-07', '2017-07-08', 'ESF +2.25', 'ESF +2.25', '', 370000, 'TRESCIENTOS SETENTA MIL  GUARANÍES ', 0, 0, 363637, 0, 36363, 36363, '', 100000, 270000, 370000, NULL, NULL, '2017-07-13 14:00:44', '2017-08-07 15:53:48', 30000, 'ADD 2.75', ''),
(50, 'preventa', 'terminado', 0, 2, 2, 46, 4, '0/365', '2017-08-07', '2017-07-08', 'AO ESF +1.00', '', '', 350000, 'TRESCIENTOS CINCUENTA MIL  GUARANÍES ', 0, 0, 318182, 0, 31817, 31817, '', 40000, 310000, 350000, NULL, NULL, '2017-07-13 14:20:47', '2017-08-07 15:50:12', 0, 'ADD 3.00', ''),
(51, 'preventa', 'terminado', 0, 2, 2, 47, 4, '0/366', '2017-07-17', '2017-07-11', '+0.50', '+0.50', '', 300000, 'TRESCIENTOS  MIL  GUARANÍES ', 0, 0, 272728, 0, 27272, 27272, '', 180000, 120000, 300000, NULL, NULL, '2017-07-13 14:29:45', '2017-07-20 18:23:20', 0, '', ''),
(52, 'preventa', 'terminado', 0, 2, 2, 28, 4, '0/346', '2017-06-28', '2017-06-24', 'AO -1.00', '', '', 360000, 'TRESCIENTOS SESENTA MIL  GUARANÍES ', 0, 0, 327273, 0, 32727, 32727, '', 125000, 235000, 360000, NULL, NULL, '2017-07-13 14:35:15', '2017-07-13 14:38:04', 0, '', ''),
(53, 'preventa', 'terminado', 0, 2, 2, 39, 4, '0/357', '2017-07-07', '2017-07-04', '-2.50', '-1.50 cil -1.25 x100º', '', 120000, 'CIENTO VEINTE MIL  GUARANÍES ', 0, 0, 109091, 0, 10909, 10909, '', 100000, 20000, 120000, NULL, NULL, '2017-07-15 14:58:52', '2017-07-15 14:59:52', 0, '', ''),
(54, 'preventa', 'terminado', 0, 2, 2, 39, 4, '0/358', '2017-07-07', '2017-07-04', '-2.50', '-1.50 cil -1.25 x 100º', '', 120000, 'CIENTO VEINTE MIL  GUARANÍES ', 0, 0, 109091, 0, 10909, 10909, '', 50000, 70000, 120000, NULL, NULL, '2017-07-15 15:05:40', '2017-07-15 15:09:13', 0, '', ''),
(55, 'preventa', 'terminado', 0, 2, 2, 39, 4, '0/359', '2017-07-07', '2017-07-04', '-2.50', '-1.50 cil -1.25 x 100º', '', 120000, 'CIENTO VEINTE MIL  GUARANÍES ', 0, 0, 109091, 0, 10909, 10909, '', 50000, 70000, 120000, NULL, NULL, '2017-07-15 15:15:29', '2017-07-15 15:18:11', 0, '', ''),
(56, 'preventa', 'terminado', 0, 2, 2, 48, 4, '0/367', '2017-07-15', '2017-07-13', '-2.00 cil -1.75 x60º', 'cil -2.25 x90º', '', 580000, 'QUINIENTOS OCHENTA MIL  GUARANÍES ', 0, 0, 527273, 0, 52726, 52726, '', 400000, 180000, 580000, NULL, NULL, '2017-07-21 15:10:44', '2017-07-21 15:12:05', 0, '', ''),
(57, 'preventa', 'terminado', 0, 2, 2, 49, 4, '0/368', '2017-07-21', '2017-07-13', 'CIL -0.25 X 180º', 'CIL -0.25X180º', '', 310000, 'TRESCIENTOS DIEZ MIL  GUARANÍES ', 0, 0, 318182, 0, 31817, 31817, '', 100000, 210000, 310000, NULL, NULL, '2017-07-21 15:16:19', '2017-07-22 14:41:21', 40000, '', ''),
(58, 'preventa', 'terminado', 0, 2, 2, 50, 4, '0/369', '2017-07-21', '2017-07-14', 'esf +1.25', 'esf +0.25', '', 230000, 'DOSCIENTOS TREINTA MIL  GUARANÍES ', 0, 0, 209091, 0, 20908, 20908, '', 0, 230000, 230000, NULL, NULL, '2017-07-21 15:20:52', '2017-07-21 18:22:35', 0, 'esf +4.25', 'esf +3.25'),
(59, 'preventa', 'terminado', 0, 2, 2, 51, 4, '0/371', '2017-07-29', '2017-07-15', 'AO ESF +2.75', '', '', 580000, 'QUINIENTOS OCHENTA MIL  GUARANÍES ', 0, 0, 527273, 0, 52726, 52726, '', 0, 580000, 580000, NULL, NULL, '2017-07-21 15:24:45', '2017-08-07 15:51:47', 0, 'ADD 2.50', ''),
(60, 'preventa', 'terminado', 0, 2, 2, 53, 4, '0/370', '2017-07-20', '2017-07-15', 'ESF -0.75', 'ESF -1.00', '', 520000, 'QUINIENTOS VEINTE MIL  GUARANÍES ', 0, 0, 472728, 0, 47272, 47272, '', 520000, 0, 520000, NULL, NULL, '2017-07-21 15:28:26', '2017-07-21 15:29:28', 0, '', ''),
(61, 'preventa', 'terminado', 0, 2, 2, 54, 4, '0/372', '2017-07-20', '2017-07-18', '', '', '', 0, 'CERO GUARANÍES ', 0, 0, 0, 0, 0, 0, '', 0, 0, 0, NULL, NULL, '2017-07-21 18:14:22', '2017-07-21 18:21:09', 0, '', ''),
(62, 'preventa', 'terminado', 0, 2, 2, 55, 4, '0/373', '2017-07-22', '2017-07-19', '-2.25', '-2.25', '', 130000, 'CIENTO TREINTA MIL  GUARANÍES ', 0, 0, 118182, 0, 11818, 11818, '', 100000, 30000, 130000, NULL, NULL, '2017-07-21 18:45:43', '2017-07-22 14:46:21', 0, '', ''),
(63, 'preventa', 'terminado', 0, 2, 2, 57, 4, '0/374', '2017-07-27', '2017-07-24', '', '', '', 290000, 'DOSCIENTOS NOVENTA MIL  GUARANÍES ', 0, 0, 263637, 0, 26363, 26363, '', 100000, 190000, 290000, NULL, NULL, '2017-07-27 14:03:05', '2017-07-27 14:05:29', 0, 'ESF +2.00', 'ESF +2.00'),
(64, 'preventa', 'terminado', 0, 2, 2, 58, 4, '0/375', '2017-07-27', '2017-07-24', '-2.00 x150º', '-1.25 x180º', '', 390000, 'TRESCIENTOS NOVENTA MIL  GUARANÍES ', 0, 0, 354546, 0, 35454, 35454, '', 200000, 190000, 390000, NULL, NULL, '2017-07-28 15:48:06', '2017-07-28 15:48:49', 0, '', ''),
(65, 'preventa', 'preventa', 0, 2, NULL, 59, 4, '0/376', '2017-08-07', '2017-08-07', '', '', '', 40000, 'CUARENTA MIL  GUARANÍES ', 0, 0, 36364, 0, 3636, 3636, '', 0, NULL, 0, NULL, NULL, '2017-08-07 16:18:40', '2017-08-07 16:18:40', 0, '', ''),
(66, 'preventa', 'terminado', 0, 2, 2, 60, 4, '0/377', '2017-07-27', '2017-08-27', '', '', '', 100000, 'CIEN MIL  GUARANÍES ', 0, 0, 90910, 0, 9090, 9090, 'LENTE DE SOL', 100000, 0, 100000, NULL, NULL, '2017-08-07 16:26:17', '2017-08-17 19:48:31', 0, '', ''),
(67, 'preventa', 'terminado', 0, 2, 2, 61, 4, '0/380', '2017-08-09', '2017-07-29', 'AO ESF -1.00 CIL 0.25X50º', '', '', 190000, 'CIENTO NOVENTA MIL  GUARANÍES ', 0, 0, 172728, 0, 17272, 17272, '', 100000, 90000, 190000, NULL, NULL, '2017-08-07 17:06:35', '2017-08-11 13:12:00', 0, '', ''),
(68, 'preventa', 'preventa', 0, 2, NULL, 62, 4, '0/381', '2017-08-07', '2017-07-29', 'AO ESF -0.25', '', '', 400000, 'CUATROCIENTOS  MIL  GUARANÍES ', 0, 0, 390910, 0, 39090, 39090, '', 200000, NULL, 200000, NULL, NULL, '2017-08-07 17:10:31', '2017-08-07 17:10:31', 30000, '', ''),
(69, 'preventa', 'preventa', 0, 2, NULL, 63, 4, '0/382', '2017-08-09', '2017-07-29', 'ESF -0.25 CIL -0.25X70º', 'ESF -0.25 CIL -0.25X120º', '', 390000, 'TRESCIENTOS NOVENTA MIL  GUARANÍES ', 0, 0, 363637, 0, 36363, 36363, '', 100000, NULL, 100000, NULL, NULL, '2017-08-09 14:13:01', '2017-08-09 14:13:01', 10000, '', ''),
(70, 'preventa', 'terminado', 0, 2, 2, 64, 4, '0/384', '2017-08-03', '2017-07-31', 'ESF +1.50', 'ESF +1.75', '', 170000, 'CIENTO SETENTA MIL  GUARANÍES ', 0, 0, 154546, 0, 15454, 15454, '', 20000, 150000, 170000, NULL, NULL, '2017-08-09 14:17:38', '2017-08-09 14:18:23', 0, 'ADD ESF +3.25', ''),
(71, 'preventa', 'terminado', 0, 2, 2, 65, 4, '0/385', '2017-08-08', '2017-08-01', '', '', '', 500000, 'QUINIENTOS  MIL  GUARANÍES ', 0, 0, 454546, 0, 45453, 45453, '', 400000, 100000, 500000, NULL, NULL, '2017-08-09 14:43:27', '2017-08-10 13:06:33', 0, '', ''),
(72, 'preventa', 'terminado', 0, 2, 2, 66, 4, '0/386', '2017-08-07', '2017-08-05', '', '', '', 250000, 'DOSCIENTOS CINCUENTA MIL  GUARANÍES ', 0, 0, 227273, 0, 22727, 22727, 'Lente de Sol', 50000, 200000, 250000, NULL, NULL, '2017-08-10 13:17:19', '2017-08-10 13:18:06', 0, '', ''),
(73, 'preventa', 'terminado', 0, 2, 2, 67, 4, '0/387', '2017-08-08', '2017-08-05', '', '', '', 370000, 'TRESCIENTOS SETENTA MIL  GUARANÍES ', 0, 0, 336364, 0, 33636, 33636, '', 200000, 170000, 370000, NULL, NULL, '2017-08-11 13:18:12', '2017-08-11 13:19:07', 0, 'AO ESF +1.25', ''),
(74, 'preventa', 'preventa', 0, 2, NULL, 68, 4, '0/388', '2017-08-17', '2017-09-05', 'ESF 0.00 CIL 0.25 X120º', '0.00 CIL -0.75 X120º', '', 160000, 'CIENTO SESENTA MIL  GUARANÍES ', 0, 0, 163637, 0, 16363, 16363, '', 0, NULL, 0, NULL, NULL, '2017-08-17 19:34:29', '2017-08-17 19:34:29', 20000, 'ADD 1.75', ''),
(75, 'preventa', 'terminado', 0, 2, 2, 69, 4, '0/389', '2017-08-09', '2017-08-07', 'ESF -1.00 CIL 0.75 X50º', 'ESF -0.25 CIL -0.75 X100º', '', 270000, 'DOSCIENTOS SETENTA MIL  GUARANÍES ', 0, 0, 245455, 0, 24545, 24545, '', 270000, 0, 270000, NULL, NULL, '2017-08-17 19:38:29', '2017-08-17 19:39:19', 0, '', ''),
(76, 'preventa', 'terminado', 0, 2, 2, 70, 4, '0/390', '2017-08-10', '2017-08-08', '0.00 -2.00 X180º', '0.00 -0.50 X180º', '', 320000, 'TRESCIENTOS VEINTE MIL  GUARANÍES ', 0, 0, 290910, 0, 29090, 29090, '', 150000, 170000, 320000, NULL, NULL, '2017-08-17 19:45:53', '2017-08-17 19:46:57', 0, '', ''),
(77, 'preventa', 'preventa', 0, 2, NULL, 71, 4, '0/378', '2017-08-17', '2017-07-29', 'ESF +1.75', ' ESF +1.00', '', 410000, 'CUATROCIENTOS DIEZ MIL  GUARANÍES ', 0, 0, 372728, 0, 37272, 37272, '', 0, NULL, 0, NULL, NULL, '2017-08-17 19:55:52', '2017-08-17 19:55:52', 0, 'ADD 2.50', ''),
(78, 'preventa', 'terminado', 0, 2, 2, 72, 4, '0/379', '2017-08-12', '2017-07-29', '', '', '', 240000, 'DOSCIENTOS CUARENTA MIL  GUARANÍES ', 0, 0, 218182, 0, 21817, 21817, '', 0, 240000, 240000, NULL, NULL, '2017-08-17 19:59:01', '2017-08-17 20:00:10', 0, 'AO ESF +1.00', '');

--
-- Índices para tablas volcadas
--

--
-- Indices de la tabla `activations`
--
ALTER TABLE `activations`
  ADD PRIMARY KEY (`id`);

--
-- Indices de la tabla `caja_cajas`
--
ALTER TABLE `caja_cajas`
  ADD PRIMARY KEY (`id`),
  ADD KEY `caja_cajas_usuario_sistema_id_index` (`usuario_sistema_id`);

--
-- Indices de la tabla `caja_movimiento`
--
ALTER TABLE `caja_movimiento`
  ADD PRIMARY KEY (`id`),
  ADD KEY `caja_movimiento_caja_id_index` (`caja_id`),
  ADD KEY `caja_movimiento_usuario_sistema_id_index` (`usuario_sistema_id`);

--
-- Indices de la tabla `clientes__clientes`
--
ALTER TABLE `clientes__clientes`
  ADD PRIMARY KEY (`id`),
  ADD UNIQUE KEY `clientes__clientes_cedula_unique` (`cedula`),
  ADD UNIQUE KEY `clientes__clientes_ruc_unique` (`ruc`),
  ADD UNIQUE KEY `clientes__clientes_email_unique` (`email`);

--
-- Indices de la tabla `compras_pagos`
--
ALTER TABLE `compras_pagos`
  ADD PRIMARY KEY (`id`),
  ADD KEY `compras_pagos_compra_id_index` (`compra_id`),
  ADD KEY `compras_pagos_caja_id_index` (`caja_id`);

--
-- Indices de la tabla `compras__compras`
--
ALTER TABLE `compras__compras`
  ADD PRIMARY KEY (`id`),
  ADD KEY `compras__compras_proveedor_id_index` (`proveedor_id`),
  ADD KEY `compras__compras_usuario_sistema_id_index` (`usuario_sistema_id`),
  ADD KEY `compras__compras_usuario_sistema_id_edit_index` (`usuario_sistema_id_edit`);

--
-- Indices de la tabla `compras__detallecompras`
--
ALTER TABLE `compras__detallecompras`
  ADD PRIMARY KEY (`id`),
  ADD KEY `compras__detallecompras_compra_id_index` (`compra_id`),
  ADD KEY `compras__detallecompras_producto_id_index` (`producto_id`);

--
-- Indices de la tabla `contabilidad__asientodetalles`
--
ALTER TABLE `contabilidad__asientodetalles`
  ADD PRIMARY KEY (`id`),
  ADD KEY `contabilidad__asientodetalles_asiento_id_index` (`asiento_id`),
  ADD KEY `contabilidad__asientodetalles_cuenta_id_index` (`cuenta_id`);

--
-- Indices de la tabla `contabilidad__asientos`
--
ALTER TABLE `contabilidad__asientos`
  ADD PRIMARY KEY (`id`),
  ADD KEY `contabilidad__asientos_usuario_create_id_index` (`usuario_create_id`),
  ADD KEY `contabilidad__asientos_usuario_edit_id_index` (`usuario_edit_id`);

--
-- Indices de la tabla `contabilidad__cuentas`
--
ALTER TABLE `contabilidad__cuentas`
  ADD PRIMARY KEY (`id`),
  ADD KEY `contabilidad__cuentas_tipo_index` (`tipo`);

--
-- Indices de la tabla `contabilidad__tipocuentas`
--
ALTER TABLE `contabilidad__tipocuentas`
  ADD PRIMARY KEY (`id`),
  ADD UNIQUE KEY `contabilidad__tipocuentas_codigo_unique` (`codigo`),
  ADD UNIQUE KEY `contabilidad__tipocuentas_nombre_unique` (`nombre`);

--
-- Indices de la tabla `cristales__categoriacristales`
--
ALTER TABLE `cristales__categoriacristales`
  ADD PRIMARY KEY (`id`),
  ADD UNIQUE KEY `cristales__categoriacristales_nombre_unique` (`nombre`);

--
-- Indices de la tabla `cristales__cristales`
--
ALTER TABLE `cristales__cristales`
  ADD PRIMARY KEY (`id`),
  ADD KEY `cristales__cristales_categoria_cristal_id_index` (`categoria_cristal_id`);

--
-- Indices de la tabla `cristales__tipocristales`
--
ALTER TABLE `cristales__tipocristales`
  ADD PRIMARY KEY (`id`),
  ADD UNIQUE KEY `cristales__tipocristales_codigo_unique` (`codigo`),
  ADD KEY `cristales__tipocristales_categoria_cristal_id_index` (`categoria_cristal_id`),
  ADD KEY `cristales__tipocristales_cristal_id_index` (`cristal_id`);

--
-- Indices de la tabla `dashboard__widgets`
--
ALTER TABLE `dashboard__widgets`
  ADD PRIMARY KEY (`id`),
  ADD KEY `dashboard__widgets_user_id_foreign` (`user_id`);

--
-- Indices de la tabla `empleados__anticipos`
--
ALTER TABLE `empleados__anticipos`
  ADD PRIMARY KEY (`id`);

--
-- Indices de la tabla `empleados__empleados`
--
ALTER TABLE `empleados__empleados`
  ADD PRIMARY KEY (`id`),
  ADD UNIQUE KEY `empleados__empleados_cedula_unique` (`cedula`),
  ADD UNIQUE KEY `empleados__empleados_ruc_unique` (`ruc`),
  ADD UNIQUE KEY `empleados__empleados_email_unique` (`email`);

--
-- Indices de la tabla `empleados__pagoempleados`
--
ALTER TABLE `empleados__pagoempleados`
  ADD PRIMARY KEY (`id`),
  ADD KEY `empleados__pagoempleados_empleado_id_index` (`empleado_id`),
  ADD KEY `empleados__pagoempleados_usuario_sistema_id_index` (`usuario_sistema_id`);

--
-- Indices de la tabla `media__files`
--
ALTER TABLE `media__files`
  ADD PRIMARY KEY (`id`);

--
-- Indices de la tabla `media__file_translations`
--
ALTER TABLE `media__file_translations`
  ADD PRIMARY KEY (`id`),
  ADD UNIQUE KEY `media__file_translations_file_id_locale_unique` (`file_id`,`locale`),
  ADD KEY `media__file_translations_locale_index` (`locale`);

--
-- Indices de la tabla `media__imageables`
--
ALTER TABLE `media__imageables`
  ADD PRIMARY KEY (`id`);

--
-- Indices de la tabla `menu__menuitems`
--
ALTER TABLE `menu__menuitems`
  ADD PRIMARY KEY (`id`),
  ADD KEY `menu__menuitems_menu_id_foreign` (`menu_id`);

--
-- Indices de la tabla `menu__menuitem_translations`
--
ALTER TABLE `menu__menuitem_translations`
  ADD PRIMARY KEY (`id`),
  ADD UNIQUE KEY `menu__menuitem_translations_menuitem_id_locale_unique` (`menuitem_id`,`locale`),
  ADD KEY `menu__menuitem_translations_locale_index` (`locale`);

--
-- Indices de la tabla `menu__menus`
--
ALTER TABLE `menu__menus`
  ADD PRIMARY KEY (`id`);

--
-- Indices de la tabla `menu__menu_translations`
--
ALTER TABLE `menu__menu_translations`
  ADD PRIMARY KEY (`id`),
  ADD UNIQUE KEY `menu__menu_translations_menu_id_locale_unique` (`menu_id`,`locale`),
  ADD KEY `menu__menu_translations_locale_index` (`locale`);

--
-- Indices de la tabla `page__pages`
--
ALTER TABLE `page__pages`
  ADD PRIMARY KEY (`id`);

--
-- Indices de la tabla `page__page_translations`
--
ALTER TABLE `page__page_translations`
  ADD PRIMARY KEY (`id`),
  ADD UNIQUE KEY `page__page_translations_page_id_locale_unique` (`page_id`,`locale`),
  ADD KEY `page__page_translations_locale_index` (`locale`);

--
-- Indices de la tabla `persistences`
--
ALTER TABLE `persistences`
  ADD PRIMARY KEY (`id`),
  ADD UNIQUE KEY `persistences_code_unique` (`code`);

--
-- Indices de la tabla `productos__altabajaproductos`
--
ALTER TABLE `productos__altabajaproductos`
  ADD PRIMARY KEY (`id`),
  ADD KEY `productos__altabajaproductos_producto_id_index` (`producto_id`),
  ADD KEY `productos__altabajaproductos_usuario_sistema_id_index` (`usuario_sistema_id`);

--
-- Indices de la tabla `productos__categoriaproductos`
--
ALTER TABLE `productos__categoriaproductos`
  ADD PRIMARY KEY (`id`),
  ADD UNIQUE KEY `productos__categoriaproductos_nombre_unique` (`nombre`),
  ADD UNIQUE KEY `productos__categoriaproductos_codigo_unique` (`codigo`);

--
-- Indices de la tabla `productos__marcas`
--
ALTER TABLE `productos__marcas`
  ADD PRIMARY KEY (`id`),
  ADD UNIQUE KEY `productos__marcas_nombre_unique` (`nombre`),
  ADD UNIQUE KEY `productos__marcas_codigo_unique` (`codigo`);

--
-- Indices de la tabla `productos__productos`
--
ALTER TABLE `productos__productos`
  ADD PRIMARY KEY (`id`),
  ADD UNIQUE KEY `productos__productos_codigo_unique` (`codigo`),
  ADD UNIQUE KEY `productos__productos_nombre_unique` (`nombre`),
  ADD KEY `productos__productos_categoria_id_index` (`categoria_id`),
  ADD KEY `productos__productos_marca_id_index` (`marca_id`);

--
-- Indices de la tabla `proveedores__proveedors`
--
ALTER TABLE `proveedores__proveedors`
  ADD PRIMARY KEY (`id`),
  ADD UNIQUE KEY `proveedores__proveedors_ruc_unique` (`ruc`),
  ADD UNIQUE KEY `proveedores__proveedors_email_unique` (`email`);

--
-- Indices de la tabla `reminders`
--
ALTER TABLE `reminders`
  ADD PRIMARY KEY (`id`);

--
-- Indices de la tabla `revisions`
--
ALTER TABLE `revisions`
  ADD PRIMARY KEY (`id`),
  ADD KEY `revisions_revisionable_id_revisionable_type_index` (`revisionable_id`,`revisionable_type`);

--
-- Indices de la tabla `roles`
--
ALTER TABLE `roles`
  ADD PRIMARY KEY (`id`),
  ADD UNIQUE KEY `roles_slug_unique` (`slug`);

--
-- Indices de la tabla `role_users`
--
ALTER TABLE `role_users`
  ADD PRIMARY KEY (`user_id`,`role_id`);

--
-- Indices de la tabla `servicios__servicios`
--
ALTER TABLE `servicios__servicios`
  ADD PRIMARY KEY (`id`),
  ADD UNIQUE KEY `servicios__servicios_nombre_unique` (`nombre`),
  ADD UNIQUE KEY `servicios__servicios_codigo_unique` (`codigo`);

--
-- Indices de la tabla `setting__settings`
--
ALTER TABLE `setting__settings`
  ADD PRIMARY KEY (`id`),
  ADD UNIQUE KEY `setting__settings_name_unique` (`name`),
  ADD KEY `setting__settings_name_index` (`name`);

--
-- Indices de la tabla `setting__setting_translations`
--
ALTER TABLE `setting__setting_translations`
  ADD PRIMARY KEY (`id`),
  ADD UNIQUE KEY `setting__setting_translations_setting_id_locale_unique` (`setting_id`,`locale`),
  ADD KEY `setting__setting_translations_locale_index` (`locale`);

--
-- Indices de la tabla `throttle`
--
ALTER TABLE `throttle`
  ADD PRIMARY KEY (`id`),
  ADD KEY `throttle_user_id_index` (`user_id`);

--
-- Indices de la tabla `translation__translations`
--
ALTER TABLE `translation__translations`
  ADD PRIMARY KEY (`id`),
  ADD KEY `translation__translations_key_index` (`key`);

--
-- Indices de la tabla `translation__translation_translations`
--
ALTER TABLE `translation__translation_translations`
  ADD PRIMARY KEY (`id`),
  ADD UNIQUE KEY `translations_trans_id_locale_unique` (`translation_id`,`locale`),
  ADD KEY `translation__translation_translations_locale_index` (`locale`);

--
-- Indices de la tabla `users`
--
ALTER TABLE `users`
  ADD PRIMARY KEY (`id`),
  ADD UNIQUE KEY `users_email_unique` (`email`);

--
-- Indices de la tabla `ventas_config_factura`
--
ALTER TABLE `ventas_config_factura`
  ADD PRIMARY KEY (`id`);

--
-- Indices de la tabla `ventas_config_seguimiento`
--
ALTER TABLE `ventas_config_seguimiento`
  ADD PRIMARY KEY (`id`);

--
-- Indices de la tabla `ventas_pago_factura_credito`
--
ALTER TABLE `ventas_pago_factura_credito`
  ADD PRIMARY KEY (`id`),
  ADD KEY `ventas_pago_factura_credito_venta_id_index` (`venta_id`),
  ADD KEY `ventas_pago_factura_credito_caja_id_index` (`caja_id`);

--
-- Indices de la tabla `ventas__detalleventas`
--
ALTER TABLE `ventas__detalleventas`
  ADD PRIMARY KEY (`id`),
  ADD KEY `ventas__detalleventas_venta_id_index` (`venta_id`),
  ADD KEY `ventas__detalleventas_producto_id_index` (`producto_id`),
  ADD KEY `ventas__detalleventas_servicio_id_index` (`servicio_id`),
  ADD KEY `ventas__detalleventas_cristal_id_index` (`cristal_id`);

--
-- Indices de la tabla `ventas__facturaventas`
--
ALTER TABLE `ventas__facturaventas`
  ADD PRIMARY KEY (`id`),
  ADD KEY `ventas__facturaventas_venta_id_index` (`venta_id`),
  ADD KEY `ventas__facturaventas_usuario_sistema_id_create_index` (`usuario_sistema_id_create`),
  ADD KEY `ventas__facturaventas_usuario_sistema_id_edit_index` (`usuario_sistema_id_edit`);

--
-- Indices de la tabla `ventas__ventas`
--
ALTER TABLE `ventas__ventas`
  ADD PRIMARY KEY (`id`),
  ADD KEY `ventas__ventas_usuario_sistema_id_create_index` (`usuario_sistema_id_create`),
  ADD KEY `ventas__ventas_usuario_sistema_id_edit_index` (`usuario_sistema_id_edit`),
  ADD KEY `ventas__ventas_cliente_id_index` (`cliente_id`),
  ADD KEY `ventas__ventas_caja_id_index` (`caja_id`);

--
-- AUTO_INCREMENT de las tablas volcadas
--

--
-- AUTO_INCREMENT de la tabla `activations`
--
ALTER TABLE `activations`
  MODIFY `id` int(10) UNSIGNED NOT NULL AUTO_INCREMENT, AUTO_INCREMENT=12;
--
-- AUTO_INCREMENT de la tabla `caja_cajas`
--
ALTER TABLE `caja_cajas`
  MODIFY `id` int(10) UNSIGNED NOT NULL AUTO_INCREMENT, AUTO_INCREMENT=5;
--
-- AUTO_INCREMENT de la tabla `caja_movimiento`
--
ALTER TABLE `caja_movimiento`
  MODIFY `id` int(10) UNSIGNED NOT NULL AUTO_INCREMENT, AUTO_INCREMENT=4;
--
-- AUTO_INCREMENT de la tabla `clientes__clientes`
--
ALTER TABLE `clientes__clientes`
  MODIFY `id` int(10) UNSIGNED NOT NULL AUTO_INCREMENT, AUTO_INCREMENT=73;
--
-- AUTO_INCREMENT de la tabla `compras_pagos`
--
ALTER TABLE `compras_pagos`
  MODIFY `id` int(10) UNSIGNED NOT NULL AUTO_INCREMENT, AUTO_INCREMENT=3;
--
-- AUTO_INCREMENT de la tabla `compras__compras`
--
ALTER TABLE `compras__compras`
  MODIFY `id` int(10) UNSIGNED NOT NULL AUTO_INCREMENT, AUTO_INCREMENT=3;
--
-- AUTO_INCREMENT de la tabla `compras__detallecompras`
--
ALTER TABLE `compras__detallecompras`
  MODIFY `id` int(10) UNSIGNED NOT NULL AUTO_INCREMENT, AUTO_INCREMENT=15;
--
-- AUTO_INCREMENT de la tabla `contabilidad__asientodetalles`
--
ALTER TABLE `contabilidad__asientodetalles`
  MODIFY `id` int(10) UNSIGNED NOT NULL AUTO_INCREMENT, AUTO_INCREMENT=357;
--
-- AUTO_INCREMENT de la tabla `contabilidad__asientos`
--
ALTER TABLE `contabilidad__asientos`
  MODIFY `id` int(10) UNSIGNED NOT NULL AUTO_INCREMENT, AUTO_INCREMENT=133;
--
-- AUTO_INCREMENT de la tabla `contabilidad__cuentas`
--
ALTER TABLE `contabilidad__cuentas`
  MODIFY `id` int(10) UNSIGNED NOT NULL AUTO_INCREMENT, AUTO_INCREMENT=185;
--
-- AUTO_INCREMENT de la tabla `contabilidad__tipocuentas`
--
ALTER TABLE `contabilidad__tipocuentas`
  MODIFY `id` int(10) UNSIGNED NOT NULL AUTO_INCREMENT, AUTO_INCREMENT=6;
--
-- AUTO_INCREMENT de la tabla `cristales__categoriacristales`
--
ALTER TABLE `cristales__categoriacristales`
  MODIFY `id` int(10) UNSIGNED NOT NULL AUTO_INCREMENT, AUTO_INCREMENT=4;
--
-- AUTO_INCREMENT de la tabla `cristales__cristales`
--
ALTER TABLE `cristales__cristales`
  MODIFY `id` int(10) UNSIGNED NOT NULL AUTO_INCREMENT, AUTO_INCREMENT=21;
--
-- AUTO_INCREMENT de la tabla `cristales__tipocristales`
--
ALTER TABLE `cristales__tipocristales`
  MODIFY `id` int(10) UNSIGNED NOT NULL AUTO_INCREMENT, AUTO_INCREMENT=258;
--
-- AUTO_INCREMENT de la tabla `dashboard__widgets`
--
ALTER TABLE `dashboard__widgets`
  MODIFY `id` int(10) UNSIGNED NOT NULL AUTO_INCREMENT;
--
-- AUTO_INCREMENT de la tabla `empleados__anticipos`
--
ALTER TABLE `empleados__anticipos`
  MODIFY `id` int(11) NOT NULL AUTO_INCREMENT, AUTO_INCREMENT=2;
--
-- AUTO_INCREMENT de la tabla `empleados__empleados`
--
ALTER TABLE `empleados__empleados`
  MODIFY `id` int(10) UNSIGNED NOT NULL AUTO_INCREMENT, AUTO_INCREMENT=2;
--
-- AUTO_INCREMENT de la tabla `empleados__pagoempleados`
--
ALTER TABLE `empleados__pagoempleados`
  MODIFY `id` int(10) UNSIGNED NOT NULL AUTO_INCREMENT;
--
-- AUTO_INCREMENT de la tabla `media__files`
--
ALTER TABLE `media__files`
  MODIFY `id` int(10) UNSIGNED NOT NULL AUTO_INCREMENT, AUTO_INCREMENT=4;
--
-- AUTO_INCREMENT de la tabla `media__file_translations`
--
ALTER TABLE `media__file_translations`
  MODIFY `id` int(10) UNSIGNED NOT NULL AUTO_INCREMENT;
--
-- AUTO_INCREMENT de la tabla `media__imageables`
--
ALTER TABLE `media__imageables`
  MODIFY `id` int(10) UNSIGNED NOT NULL AUTO_INCREMENT, AUTO_INCREMENT=2;
--
-- AUTO_INCREMENT de la tabla `menu__menuitems`
--
ALTER TABLE `menu__menuitems`
  MODIFY `id` int(10) UNSIGNED NOT NULL AUTO_INCREMENT;
--
-- AUTO_INCREMENT de la tabla `menu__menuitem_translations`
--
ALTER TABLE `menu__menuitem_translations`
  MODIFY `id` int(10) UNSIGNED NOT NULL AUTO_INCREMENT;
--
-- AUTO_INCREMENT de la tabla `menu__menus`
--
ALTER TABLE `menu__menus`
  MODIFY `id` int(10) UNSIGNED NOT NULL AUTO_INCREMENT;
--
-- AUTO_INCREMENT de la tabla `menu__menu_translations`
--
ALTER TABLE `menu__menu_translations`
  MODIFY `id` int(10) UNSIGNED NOT NULL AUTO_INCREMENT;
--
-- AUTO_INCREMENT de la tabla `page__pages`
--
ALTER TABLE `page__pages`
  MODIFY `id` int(10) UNSIGNED NOT NULL AUTO_INCREMENT, AUTO_INCREMENT=2;
--
-- AUTO_INCREMENT de la tabla `page__page_translations`
--
ALTER TABLE `page__page_translations`
  MODIFY `id` int(10) UNSIGNED NOT NULL AUTO_INCREMENT, AUTO_INCREMENT=2;
--
-- AUTO_INCREMENT de la tabla `persistences`
--
ALTER TABLE `persistences`
  MODIFY `id` int(10) UNSIGNED NOT NULL AUTO_INCREMENT, AUTO_INCREMENT=338;
--
-- AUTO_INCREMENT de la tabla `productos__altabajaproductos`
--
ALTER TABLE `productos__altabajaproductos`
  MODIFY `id` int(10) UNSIGNED NOT NULL AUTO_INCREMENT;
--
-- AUTO_INCREMENT de la tabla `productos__categoriaproductos`
--
ALTER TABLE `productos__categoriaproductos`
  MODIFY `id` int(10) UNSIGNED NOT NULL AUTO_INCREMENT, AUTO_INCREMENT=5;
--
-- AUTO_INCREMENT de la tabla `productos__marcas`
--
ALTER TABLE `productos__marcas`
  MODIFY `id` int(10) UNSIGNED NOT NULL AUTO_INCREMENT, AUTO_INCREMENT=64;
--
-- AUTO_INCREMENT de la tabla `productos__productos`
--
ALTER TABLE `productos__productos`
  MODIFY `id` int(10) UNSIGNED NOT NULL AUTO_INCREMENT, AUTO_INCREMENT=432;
--
-- AUTO_INCREMENT de la tabla `proveedores__proveedors`
--
ALTER TABLE `proveedores__proveedors`
  MODIFY `id` int(10) UNSIGNED NOT NULL AUTO_INCREMENT, AUTO_INCREMENT=5;
--
-- AUTO_INCREMENT de la tabla `reminders`
--
ALTER TABLE `reminders`
  MODIFY `id` int(10) UNSIGNED NOT NULL AUTO_INCREMENT;
--
-- AUTO_INCREMENT de la tabla `revisions`
--
ALTER TABLE `revisions`
  MODIFY `id` int(10) UNSIGNED NOT NULL AUTO_INCREMENT;
--
-- AUTO_INCREMENT de la tabla `roles`
--
ALTER TABLE `roles`
  MODIFY `id` int(10) UNSIGNED NOT NULL AUTO_INCREMENT, AUTO_INCREMENT=3;
--
-- AUTO_INCREMENT de la tabla `servicios__servicios`
--
ALTER TABLE `servicios__servicios`
  MODIFY `id` int(10) UNSIGNED NOT NULL AUTO_INCREMENT, AUTO_INCREMENT=9;
--
-- AUTO_INCREMENT de la tabla `setting__settings`
--
ALTER TABLE `setting__settings`
  MODIFY `id` int(10) UNSIGNED NOT NULL AUTO_INCREMENT, AUTO_INCREMENT=6;
--
-- AUTO_INCREMENT de la tabla `setting__setting_translations`
--
ALTER TABLE `setting__setting_translations`
  MODIFY `id` int(10) UNSIGNED NOT NULL AUTO_INCREMENT, AUTO_INCREMENT=5;
--
-- AUTO_INCREMENT de la tabla `throttle`
--
ALTER TABLE `throttle`
  MODIFY `id` int(10) UNSIGNED NOT NULL AUTO_INCREMENT, AUTO_INCREMENT=131;
--
-- AUTO_INCREMENT de la tabla `translation__translations`
--
ALTER TABLE `translation__translations`
  MODIFY `id` int(10) UNSIGNED NOT NULL AUTO_INCREMENT;
--
-- AUTO_INCREMENT de la tabla `translation__translation_translations`
--
ALTER TABLE `translation__translation_translations`
  MODIFY `id` int(10) UNSIGNED NOT NULL AUTO_INCREMENT;
--
-- AUTO_INCREMENT de la tabla `users`
--
ALTER TABLE `users`
  MODIFY `id` int(10) UNSIGNED NOT NULL AUTO_INCREMENT, AUTO_INCREMENT=7;
--
-- AUTO_INCREMENT de la tabla `ventas_config_factura`
--
ALTER TABLE `ventas_config_factura`
  MODIFY `id` int(10) UNSIGNED NOT NULL AUTO_INCREMENT, AUTO_INCREMENT=4;
--
-- AUTO_INCREMENT de la tabla `ventas_config_seguimiento`
--
ALTER TABLE `ventas_config_seguimiento`
  MODIFY `id` int(10) UNSIGNED NOT NULL AUTO_INCREMENT, AUTO_INCREMENT=2;
--
-- AUTO_INCREMENT de la tabla `ventas_pago_factura_credito`
--
ALTER TABLE `ventas_pago_factura_credito`
  MODIFY `id` int(10) UNSIGNED NOT NULL AUTO_INCREMENT, AUTO_INCREMENT=103;
--
-- AUTO_INCREMENT de la tabla `ventas__detalleventas`
--
ALTER TABLE `ventas__detalleventas`
  MODIFY `id` int(10) UNSIGNED NOT NULL AUTO_INCREMENT, AUTO_INCREMENT=124;
--
-- AUTO_INCREMENT de la tabla `ventas__facturaventas`
--
ALTER TABLE `ventas__facturaventas`
  MODIFY `id` int(10) UNSIGNED NOT NULL AUTO_INCREMENT, AUTO_INCREMENT=54;
--
-- AUTO_INCREMENT de la tabla `ventas__ventas`
--
ALTER TABLE `ventas__ventas`
  MODIFY `id` int(10) UNSIGNED NOT NULL AUTO_INCREMENT, AUTO_INCREMENT=79;
--
-- Restricciones para tablas volcadas
--

--
-- Filtros para la tabla `caja_cajas`
--
ALTER TABLE `caja_cajas`
  ADD CONSTRAINT `caja_cajas_usuario_sistema_id_foreign` FOREIGN KEY (`usuario_sistema_id`) REFERENCES `users` (`id`) ON DELETE CASCADE;

--
-- Filtros para la tabla `caja_movimiento`
--
ALTER TABLE `caja_movimiento`
  ADD CONSTRAINT `caja_movimiento_caja_id_foreign` FOREIGN KEY (`caja_id`) REFERENCES `caja_cajas` (`id`) ON DELETE CASCADE,
  ADD CONSTRAINT `caja_movimiento_usuario_sistema_id_foreign` FOREIGN KEY (`usuario_sistema_id`) REFERENCES `users` (`id`) ON DELETE CASCADE;

--
-- Filtros para la tabla `compras_pagos`
--
ALTER TABLE `compras_pagos`
  ADD CONSTRAINT `compras_pagos_caja_id_foreign` FOREIGN KEY (`caja_id`) REFERENCES `caja_cajas` (`id`) ON DELETE CASCADE,
  ADD CONSTRAINT `compras_pagos_compra_id_foreign` FOREIGN KEY (`compra_id`) REFERENCES `compras__compras` (`id`) ON DELETE CASCADE;

--
-- Filtros para la tabla `compras__compras`
--
ALTER TABLE `compras__compras`
  ADD CONSTRAINT `compras__compras_proveedor_id_foreign` FOREIGN KEY (`proveedor_id`) REFERENCES `proveedores__proveedors` (`id`) ON DELETE CASCADE,
  ADD CONSTRAINT `compras__compras_usuario_sistema_id_edit_foreign` FOREIGN KEY (`usuario_sistema_id_edit`) REFERENCES `users` (`id`) ON DELETE CASCADE,
  ADD CONSTRAINT `compras__compras_usuario_sistema_id_foreign` FOREIGN KEY (`usuario_sistema_id`) REFERENCES `users` (`id`) ON DELETE CASCADE;

--
-- Filtros para la tabla `compras__detallecompras`
--
ALTER TABLE `compras__detallecompras`
  ADD CONSTRAINT `compras__detallecompras_compra_id_foreign` FOREIGN KEY (`compra_id`) REFERENCES `compras__compras` (`id`) ON DELETE CASCADE,
  ADD CONSTRAINT `compras__detallecompras_producto_id_foreign` FOREIGN KEY (`producto_id`) REFERENCES `productos__productos` (`id`) ON DELETE CASCADE;

--
-- Filtros para la tabla `contabilidad__asientodetalles`
--
ALTER TABLE `contabilidad__asientodetalles`
  ADD CONSTRAINT `contabilidad__asientodetalles_asiento_id_foreign` FOREIGN KEY (`asiento_id`) REFERENCES `contabilidad__asientos` (`id`) ON DELETE CASCADE,
  ADD CONSTRAINT `contabilidad__asientodetalles_cuenta_id_foreign` FOREIGN KEY (`cuenta_id`) REFERENCES `contabilidad__cuentas` (`id`) ON DELETE CASCADE;

--
-- Filtros para la tabla `contabilidad__asientos`
--
ALTER TABLE `contabilidad__asientos`
  ADD CONSTRAINT `contabilidad__asientos_usuario_create_id_foreign` FOREIGN KEY (`usuario_create_id`) REFERENCES `users` (`id`) ON DELETE CASCADE,
  ADD CONSTRAINT `contabilidad__asientos_usuario_edit_id_foreign` FOREIGN KEY (`usuario_edit_id`) REFERENCES `users` (`id`) ON DELETE CASCADE;

--
-- Filtros para la tabla `contabilidad__cuentas`
--
ALTER TABLE `contabilidad__cuentas`
  ADD CONSTRAINT `contabilidad__cuentas_tipo_foreign` FOREIGN KEY (`tipo`) REFERENCES `contabilidad__tipocuentas` (`id`) ON DELETE CASCADE;

--
-- Filtros para la tabla `cristales__cristales`
--
ALTER TABLE `cristales__cristales`
  ADD CONSTRAINT `cristales__cristales_categoria_cristal_id_foreign` FOREIGN KEY (`categoria_cristal_id`) REFERENCES `cristales__categoriacristales` (`id`) ON DELETE CASCADE;

--
-- Filtros para la tabla `cristales__tipocristales`
--
ALTER TABLE `cristales__tipocristales`
  ADD CONSTRAINT `cristales__tipocristales_categoria_cristal_id_foreign` FOREIGN KEY (`categoria_cristal_id`) REFERENCES `cristales__categoriacristales` (`id`) ON DELETE CASCADE,
  ADD CONSTRAINT `cristales__tipocristales_cristal_id_foreign` FOREIGN KEY (`cristal_id`) REFERENCES `cristales__cristales` (`id`) ON DELETE CASCADE;

--
-- Filtros para la tabla `dashboard__widgets`
--
ALTER TABLE `dashboard__widgets`
  ADD CONSTRAINT `dashboard__widgets_user_id_foreign` FOREIGN KEY (`user_id`) REFERENCES `users` (`id`) ON DELETE CASCADE;

--
-- Filtros para la tabla `empleados__pagoempleados`
--
ALTER TABLE `empleados__pagoempleados`
  ADD CONSTRAINT `empleados__pagoempleados_empleado_id_foreign` FOREIGN KEY (`empleado_id`) REFERENCES `empleados__empleados` (`id`) ON DELETE CASCADE,
  ADD CONSTRAINT `empleados__pagoempleados_usuario_sistema_id_foreign` FOREIGN KEY (`usuario_sistema_id`) REFERENCES `users` (`id`) ON DELETE CASCADE;

--
-- Filtros para la tabla `media__file_translations`
--
ALTER TABLE `media__file_translations`
  ADD CONSTRAINT `media__file_translations_file_id_foreign` FOREIGN KEY (`file_id`) REFERENCES `media__files` (`id`) ON DELETE CASCADE;

--
-- Filtros para la tabla `menu__menuitems`
--
ALTER TABLE `menu__menuitems`
  ADD CONSTRAINT `menu__menuitems_menu_id_foreign` FOREIGN KEY (`menu_id`) REFERENCES `menu__menus` (`id`) ON DELETE CASCADE;

--
-- Filtros para la tabla `menu__menuitem_translations`
--
ALTER TABLE `menu__menuitem_translations`
  ADD CONSTRAINT `menu__menuitem_translations_menuitem_id_foreign` FOREIGN KEY (`menuitem_id`) REFERENCES `menu__menuitems` (`id`) ON DELETE CASCADE;

--
-- Filtros para la tabla `menu__menu_translations`
--
ALTER TABLE `menu__menu_translations`
  ADD CONSTRAINT `menu__menu_translations_menu_id_foreign` FOREIGN KEY (`menu_id`) REFERENCES `menu__menus` (`id`) ON DELETE CASCADE;

--
-- Filtros para la tabla `page__page_translations`
--
ALTER TABLE `page__page_translations`
  ADD CONSTRAINT `page__page_translations_page_id_foreign` FOREIGN KEY (`page_id`) REFERENCES `page__pages` (`id`) ON DELETE CASCADE;

--
-- Filtros para la tabla `productos__altabajaproductos`
--
ALTER TABLE `productos__altabajaproductos`
  ADD CONSTRAINT `productos__altabajaproductos_producto_id_foreign` FOREIGN KEY (`producto_id`) REFERENCES `productos__productos` (`id`) ON DELETE CASCADE,
  ADD CONSTRAINT `productos__altabajaproductos_usuario_sistema_id_foreign` FOREIGN KEY (`usuario_sistema_id`) REFERENCES `users` (`id`) ON DELETE CASCADE;

--
-- Filtros para la tabla `productos__productos`
--
ALTER TABLE `productos__productos`
  ADD CONSTRAINT `productos__productos_categoria_id_foreign` FOREIGN KEY (`categoria_id`) REFERENCES `productos__categoriaproductos` (`id`) ON DELETE CASCADE,
  ADD CONSTRAINT `productos__productos_marca_id_foreign` FOREIGN KEY (`marca_id`) REFERENCES `productos__marcas` (`id`) ON DELETE CASCADE;

--
-- Filtros para la tabla `setting__setting_translations`
--
ALTER TABLE `setting__setting_translations`
  ADD CONSTRAINT `setting__setting_translations_setting_id_foreign` FOREIGN KEY (`setting_id`) REFERENCES `setting__settings` (`id`) ON DELETE CASCADE;

--
-- Filtros para la tabla `translation__translation_translations`
--
ALTER TABLE `translation__translation_translations`
  ADD CONSTRAINT `translation__translation_translations_translation_id_foreign` FOREIGN KEY (`translation_id`) REFERENCES `translation__translations` (`id`) ON DELETE CASCADE;

--
-- Filtros para la tabla `ventas_pago_factura_credito`
--
ALTER TABLE `ventas_pago_factura_credito`
  ADD CONSTRAINT `ventas_pago_factura_credito_caja_id_foreign` FOREIGN KEY (`caja_id`) REFERENCES `caja_cajas` (`id`) ON DELETE CASCADE,
  ADD CONSTRAINT `ventas_pago_factura_credito_venta_id_foreign` FOREIGN KEY (`venta_id`) REFERENCES `ventas__ventas` (`id`) ON DELETE CASCADE;

--
-- Filtros para la tabla `ventas__detalleventas`
--
ALTER TABLE `ventas__detalleventas`
  ADD CONSTRAINT `ventas__detalleventas_cristal_id_foreign` FOREIGN KEY (`cristal_id`) REFERENCES `cristales__tipocristales` (`id`) ON DELETE CASCADE,
  ADD CONSTRAINT `ventas__detalleventas_producto_id_foreign` FOREIGN KEY (`producto_id`) REFERENCES `productos__productos` (`id`) ON DELETE CASCADE,
  ADD CONSTRAINT `ventas__detalleventas_servicio_id_foreign` FOREIGN KEY (`servicio_id`) REFERENCES `servicios__servicios` (`id`) ON DELETE CASCADE,
  ADD CONSTRAINT `ventas__detalleventas_venta_id_foreign` FOREIGN KEY (`venta_id`) REFERENCES `ventas__ventas` (`id`) ON DELETE CASCADE;

--
-- Filtros para la tabla `ventas__facturaventas`
--
ALTER TABLE `ventas__facturaventas`
  ADD CONSTRAINT `ventas__facturaventas_usuario_sistema_id_create_foreign` FOREIGN KEY (`usuario_sistema_id_create`) REFERENCES `users` (`id`) ON DELETE CASCADE,
  ADD CONSTRAINT `ventas__facturaventas_usuario_sistema_id_edit_foreign` FOREIGN KEY (`usuario_sistema_id_edit`) REFERENCES `users` (`id`) ON DELETE CASCADE,
  ADD CONSTRAINT `ventas__facturaventas_venta_id_foreign` FOREIGN KEY (`venta_id`) REFERENCES `ventas__ventas` (`id`) ON DELETE CASCADE;

--
-- Filtros para la tabla `ventas__ventas`
--
ALTER TABLE `ventas__ventas`
  ADD CONSTRAINT `ventas__ventas_caja_id_foreign` FOREIGN KEY (`caja_id`) REFERENCES `caja_cajas` (`id`) ON DELETE CASCADE,
  ADD CONSTRAINT `ventas__ventas_cliente_id_foreign` FOREIGN KEY (`cliente_id`) REFERENCES `clientes__clientes` (`id`) ON DELETE CASCADE,
  ADD CONSTRAINT `ventas__ventas_usuario_sistema_id_create_foreign` FOREIGN KEY (`usuario_sistema_id_create`) REFERENCES `users` (`id`) ON DELETE CASCADE,
  ADD CONSTRAINT `ventas__ventas_usuario_sistema_id_edit_foreign` FOREIGN KEY (`usuario_sistema_id_edit`) REFERENCES `users` (`id`) ON DELETE CASCADE;

/*!40101 SET CHARACTER_SET_CLIENT=@OLD_CHARACTER_SET_CLIENT */;
/*!40101 SET CHARACTER_SET_RESULTS=@OLD_CHARACTER_SET_RESULTS */;
/*!40101 SET COLLATION_CONNECTION=@OLD_COLLATION_CONNECTION */;
